ISO-10303-21;
HEADER;
/* Generated by software containing ST-Developer
 * from STEP Tools, Inc. (www.steptools.com) 
 */

FILE_DESCRIPTION(
/* description */ (''),
/* implementation_level */ '2;1');

FILE_NAME(
/* name */ 'MCZ1210AH_CP.step',
/* time_stamp */ '2025-05-31T16:24:48+09:00',
/* author */ (''),
/* organization */ (''),
/* preprocessor_version */ 'ST-DEVELOPER v20.1',
/* originating_system */ 'Autodesk Translation Framework v14.4.0.0',
/* authorisation */ '');

FILE_SCHEMA (('AUTOMOTIVE_DESIGN { 1 0 10303 214 3 1 1 }'));
ENDSEC;

DATA;
#10=MECHANICAL_DESIGN_GEOMETRIC_PRESENTATION_REPRESENTATION('',(#13),#3595);
#11=SHAPE_REPRESENTATION_RELATIONSHIP('SRR','None',#3602,#12);
#12=ADVANCED_BREP_SHAPE_REPRESENTATION('',(#14),#3594);
#13=STYLED_ITEM('',(#3611),#14);
#14=MANIFOLD_SOLID_BREP('\X2\30DC30C730A3\X0\1',#1943);
#15=ELLIPSE('',#2060,0.0282842712474619,0.02);
#16=ELLIPSE('',#2061,0.0282842712474619,0.02);
#17=ELLIPSE('',#2068,0.0282842712474619,0.02);
#18=ELLIPSE('',#2069,0.0282842712474619,0.02);
#19=ELLIPSE('',#2102,0.0282842712474619,0.02);
#20=ELLIPSE('',#2103,0.0282842712474619,0.02);
#21=ELLIPSE('',#2113,0.0282842712474619,0.02);
#22=ELLIPSE('',#2114,0.0282842712474619,0.02);
#23=ELLIPSE('',#2141,0.0282842712474619,0.02);
#24=ELLIPSE('',#2142,0.0282842712474619,0.02);
#25=ELLIPSE('',#2151,0.0282842712474619,0.02);
#26=ELLIPSE('',#2152,0.0282842712474619,0.02);
#27=ELLIPSE('',#2186,0.0282842712474619,0.02);
#28=ELLIPSE('',#2187,0.0282842712474619,0.02);
#29=ELLIPSE('',#2196,0.0282842712474619,0.02);
#30=ELLIPSE('',#2197,0.0282842712474619,0.02);
#31=CIRCLE('',#1963,0.02);
#32=CIRCLE('',#1964,0.02);
#33=CIRCLE('',#1965,0.02);
#34=CIRCLE('',#1967,0.02);
#35=CIRCLE('',#1968,0.02);
#36=CIRCLE('',#1969,0.02);
#37=CIRCLE('',#1971,0.02);
#38=CIRCLE('',#1972,0.02);
#39=CIRCLE('',#1973,0.02);
#40=CIRCLE('',#1977,0.02);
#41=CIRCLE('',#1978,0.02);
#42=CIRCLE('',#1979,0.02);
#43=CIRCLE('',#1987,0.02);
#44=CIRCLE('',#1988,0.02);
#45=CIRCLE('',#1989,0.02);
#46=CIRCLE('',#1990,0.02);
#47=CIRCLE('',#1991,0.02);
#48=CIRCLE('',#1992,0.02);
#49=CIRCLE('',#1993,0.02);
#50=CIRCLE('',#1994,0.02);
#51=CIRCLE('',#1999,0.02);
#52=CIRCLE('',#2000,0.02);
#53=CIRCLE('',#2001,0.02);
#54=CIRCLE('',#2003,0.02);
#55=CIRCLE('',#2004,0.02);
#56=CIRCLE('',#2005,0.02);
#57=CIRCLE('',#2007,0.02);
#58=CIRCLE('',#2008,0.02);
#59=CIRCLE('',#2009,0.02);
#60=CIRCLE('',#2013,0.02);
#61=CIRCLE('',#2014,0.02);
#62=CIRCLE('',#2015,0.02);
#63=CIRCLE('',#2025,0.02);
#64=CIRCLE('',#2026,0.02);
#65=CIRCLE('',#2027,0.02);
#66=CIRCLE('',#2028,0.02);
#67=CIRCLE('',#2029,0.02);
#68=CIRCLE('',#2030,0.02);
#69=CIRCLE('',#2031,0.02);
#70=CIRCLE('',#2032,0.02);
#71=CIRCLE('',#2036,0.02);
#72=CIRCLE('',#2037,0.02);
#73=CIRCLE('',#2039,0.02);
#74=CIRCLE('',#2040,0.02);
#75=CIRCLE('',#2042,0.02);
#76=CIRCLE('',#2043,0.0199999999999999);
#77=CIRCLE('',#2044,0.02);
#78=CIRCLE('',#2046,0.02);
#79=CIRCLE('',#2047,0.02);
#80=CIRCLE('',#2049,0.02);
#81=CIRCLE('',#2050,0.02);
#82=CIRCLE('',#2051,0.02);
#83=CIRCLE('',#2053,0.02);
#84=CIRCLE('',#2054,0.02);
#85=CIRCLE('',#2056,0.02);
#86=CIRCLE('',#2057,0.02);
#87=CIRCLE('',#2058,0.02);
#88=CIRCLE('',#2064,0.02);
#89=CIRCLE('',#2065,0.02);
#90=CIRCLE('',#2066,0.02);
#91=CIRCLE('',#2081,0.02);
#92=CIRCLE('',#2082,0.02);
#93=CIRCLE('',#2084,0.02);
#94=CIRCLE('',#2085,0.02);
#95=CIRCLE('',#2087,0.02);
#96=CIRCLE('',#2088,0.02);
#97=CIRCLE('',#2090,0.02);
#98=CIRCLE('',#2091,0.02);
#99=CIRCLE('',#2092,0.02);
#100=CIRCLE('',#2094,0.02);
#101=CIRCLE('',#2095,0.02);
#102=CIRCLE('',#2098,0.02);
#103=CIRCLE('',#2099,0.02);
#104=CIRCLE('',#2100,0.02);
#105=CIRCLE('',#2105,0.02);
#106=CIRCLE('',#2106,0.02);
#107=CIRCLE('',#2107,0.02);
#108=CIRCLE('',#2109,0.02);
#109=CIRCLE('',#2110,0.02);
#110=CIRCLE('',#2111,0.02);
#111=CIRCLE('',#2126,0.02);
#112=CIRCLE('',#2127,0.02);
#113=CIRCLE('',#2128,0.02);
#114=CIRCLE('',#2130,0.02);
#115=CIRCLE('',#2131,0.02);
#116=CIRCLE('',#2132,0.02);
#117=CIRCLE('',#2134,0.02);
#118=CIRCLE('',#2135,0.02);
#119=CIRCLE('',#2137,0.02);
#120=CIRCLE('',#2138,0.02);
#121=CIRCLE('',#2139,0.02);
#122=CIRCLE('',#2144,0.02);
#123=CIRCLE('',#2145,0.02);
#124=CIRCLE('',#2147,0.02);
#125=CIRCLE('',#2148,0.02);
#126=CIRCLE('',#2149,0.02);
#127=CIRCLE('',#2154,0.02);
#128=CIRCLE('',#2155,0.02);
#129=CIRCLE('',#2158,0.02);
#130=CIRCLE('',#2159,0.02);
#131=CIRCLE('',#2171,0.02);
#132=CIRCLE('',#2172,0.02);
#133=CIRCLE('',#2173,0.02);
#134=CIRCLE('',#2175,0.02);
#135=CIRCLE('',#2176,0.02);
#136=CIRCLE('',#2177,0.02);
#137=CIRCLE('',#2179,0.02);
#138=CIRCLE('',#2180,0.02);
#139=CIRCLE('',#2182,0.02);
#140=CIRCLE('',#2183,0.02);
#141=CIRCLE('',#2184,0.02);
#142=CIRCLE('',#2189,0.02);
#143=CIRCLE('',#2190,0.02);
#144=CIRCLE('',#2192,0.02);
#145=CIRCLE('',#2193,0.02);
#146=CIRCLE('',#2194,0.02);
#147=CIRCLE('',#2199,0.02);
#148=CIRCLE('',#2200,0.02);
#149=CIRCLE('',#2203,0.02);
#150=CIRCLE('',#2204,0.02);
#151=SPHERICAL_SURFACE('',#1962,0.02);
#152=SPHERICAL_SURFACE('',#1966,0.02);
#153=SPHERICAL_SURFACE('',#1970,0.02);
#154=SPHERICAL_SURFACE('',#1976,0.02);
#155=SPHERICAL_SURFACE('',#1998,0.02);
#156=SPHERICAL_SURFACE('',#2002,0.02);
#157=SPHERICAL_SURFACE('',#2006,0.02);
#158=SPHERICAL_SURFACE('',#2012,0.02);
#159=SPHERICAL_SURFACE('',#2035,0.02);
#160=SPHERICAL_SURFACE('',#2038,0.02);
#161=SPHERICAL_SURFACE('',#2041,0.0199999999999999);
#162=SPHERICAL_SURFACE('',#2045,0.02);
#163=SPHERICAL_SURFACE('',#2048,0.02);
#164=SPHERICAL_SURFACE('',#2052,0.02);
#165=SPHERICAL_SURFACE('',#2055,0.02);
#166=SPHERICAL_SURFACE('',#2063,0.02);
#167=SPHERICAL_SURFACE('',#2080,0.02);
#168=SPHERICAL_SURFACE('',#2083,0.02);
#169=SPHERICAL_SURFACE('',#2086,0.02);
#170=SPHERICAL_SURFACE('',#2089,0.02);
#171=SPHERICAL_SURFACE('',#2093,0.02);
#172=SPHERICAL_SURFACE('',#2097,0.02);
#173=SPHERICAL_SURFACE('',#2104,0.02);
#174=SPHERICAL_SURFACE('',#2108,0.02);
#175=SPHERICAL_SURFACE('',#2125,0.02);
#176=SPHERICAL_SURFACE('',#2129,0.02);
#177=SPHERICAL_SURFACE('',#2133,0.02);
#178=SPHERICAL_SURFACE('',#2136,0.02);
#179=SPHERICAL_SURFACE('',#2143,0.02);
#180=SPHERICAL_SURFACE('',#2146,0.02);
#181=SPHERICAL_SURFACE('',#2153,0.02);
#182=SPHERICAL_SURFACE('',#2157,0.02);
#183=SPHERICAL_SURFACE('',#2170,0.02);
#184=SPHERICAL_SURFACE('',#2174,0.02);
#185=SPHERICAL_SURFACE('',#2178,0.02);
#186=SPHERICAL_SURFACE('',#2181,0.02);
#187=SPHERICAL_SURFACE('',#2188,0.02);
#188=SPHERICAL_SURFACE('',#2191,0.02);
#189=SPHERICAL_SURFACE('',#2198,0.02);
#190=SPHERICAL_SURFACE('',#2202,0.02);
#191=PLANE('',#1958);
#192=PLANE('',#1960);
#193=PLANE('',#1986);
#194=PLANE('',#1995);
#195=PLANE('',#1996);
#196=PLANE('',#2022);
#197=PLANE('',#2023);
#198=PLANE('',#2024);
#199=PLANE('',#2033);
#200=PLANE('',#2034);
#201=PLANE('',#2077);
#202=PLANE('',#2078);
#203=PLANE('',#2079);
#204=PLANE('',#2122);
#205=PLANE('',#2123);
#206=PLANE('',#2124);
#207=PLANE('',#2167);
#208=PLANE('',#2168);
#209=PLANE('',#2169);
#210=PLANE('',#2212);
#211=PLANE('',#2213);
#212=PLANE('',#2214);
#213=FACE_OUTER_BOUND('',#335,.T.);
#214=FACE_OUTER_BOUND('',#336,.T.);
#215=FACE_OUTER_BOUND('',#337,.T.);
#216=FACE_OUTER_BOUND('',#338,.T.);
#217=FACE_OUTER_BOUND('',#339,.T.);
#218=FACE_OUTER_BOUND('',#340,.T.);
#219=FACE_OUTER_BOUND('',#341,.T.);
#220=FACE_OUTER_BOUND('',#342,.T.);
#221=FACE_OUTER_BOUND('',#343,.T.);
#222=FACE_OUTER_BOUND('',#344,.T.);
#223=FACE_OUTER_BOUND('',#345,.T.);
#224=FACE_OUTER_BOUND('',#346,.T.);
#225=FACE_OUTER_BOUND('',#347,.T.);
#226=FACE_OUTER_BOUND('',#348,.T.);
#227=FACE_OUTER_BOUND('',#349,.T.);
#228=FACE_OUTER_BOUND('',#350,.T.);
#229=FACE_OUTER_BOUND('',#351,.T.);
#230=FACE_OUTER_BOUND('',#352,.T.);
#231=FACE_OUTER_BOUND('',#353,.T.);
#232=FACE_OUTER_BOUND('',#354,.T.);
#233=FACE_OUTER_BOUND('',#355,.T.);
#234=FACE_OUTER_BOUND('',#356,.T.);
#235=FACE_OUTER_BOUND('',#357,.T.);
#236=FACE_OUTER_BOUND('',#358,.T.);
#237=FACE_OUTER_BOUND('',#359,.T.);
#238=FACE_OUTER_BOUND('',#360,.T.);
#239=FACE_OUTER_BOUND('',#361,.T.);
#240=FACE_OUTER_BOUND('',#362,.T.);
#241=FACE_OUTER_BOUND('',#363,.T.);
#242=FACE_OUTER_BOUND('',#364,.T.);
#243=FACE_OUTER_BOUND('',#365,.T.);
#244=FACE_OUTER_BOUND('',#366,.T.);
#245=FACE_OUTER_BOUND('',#367,.T.);
#246=FACE_OUTER_BOUND('',#368,.T.);
#247=FACE_OUTER_BOUND('',#369,.T.);
#248=FACE_OUTER_BOUND('',#370,.T.);
#249=FACE_OUTER_BOUND('',#371,.T.);
#250=FACE_OUTER_BOUND('',#372,.T.);
#251=FACE_OUTER_BOUND('',#373,.T.);
#252=FACE_OUTER_BOUND('',#374,.T.);
#253=FACE_OUTER_BOUND('',#375,.T.);
#254=FACE_OUTER_BOUND('',#376,.T.);
#255=FACE_OUTER_BOUND('',#377,.T.);
#256=FACE_OUTER_BOUND('',#378,.T.);
#257=FACE_OUTER_BOUND('',#379,.T.);
#258=FACE_OUTER_BOUND('',#380,.T.);
#259=FACE_OUTER_BOUND('',#381,.T.);
#260=FACE_OUTER_BOUND('',#382,.T.);
#261=FACE_OUTER_BOUND('',#383,.T.);
#262=FACE_OUTER_BOUND('',#384,.T.);
#263=FACE_OUTER_BOUND('',#385,.T.);
#264=FACE_OUTER_BOUND('',#386,.T.);
#265=FACE_OUTER_BOUND('',#387,.T.);
#266=FACE_OUTER_BOUND('',#388,.T.);
#267=FACE_OUTER_BOUND('',#389,.T.);
#268=FACE_OUTER_BOUND('',#390,.T.);
#269=FACE_OUTER_BOUND('',#391,.T.);
#270=FACE_OUTER_BOUND('',#392,.T.);
#271=FACE_OUTER_BOUND('',#393,.T.);
#272=FACE_OUTER_BOUND('',#394,.T.);
#273=FACE_OUTER_BOUND('',#395,.T.);
#274=FACE_OUTER_BOUND('',#396,.T.);
#275=FACE_OUTER_BOUND('',#397,.T.);
#276=FACE_OUTER_BOUND('',#398,.T.);
#277=FACE_OUTER_BOUND('',#399,.T.);
#278=FACE_OUTER_BOUND('',#400,.T.);
#279=FACE_OUTER_BOUND('',#401,.T.);
#280=FACE_OUTER_BOUND('',#402,.T.);
#281=FACE_OUTER_BOUND('',#403,.T.);
#282=FACE_OUTER_BOUND('',#404,.T.);
#283=FACE_OUTER_BOUND('',#405,.T.);
#284=FACE_OUTER_BOUND('',#406,.T.);
#285=FACE_OUTER_BOUND('',#407,.T.);
#286=FACE_OUTER_BOUND('',#408,.T.);
#287=FACE_OUTER_BOUND('',#409,.T.);
#288=FACE_OUTER_BOUND('',#410,.T.);
#289=FACE_OUTER_BOUND('',#411,.T.);
#290=FACE_OUTER_BOUND('',#412,.T.);
#291=FACE_OUTER_BOUND('',#413,.T.);
#292=FACE_OUTER_BOUND('',#414,.T.);
#293=FACE_OUTER_BOUND('',#415,.T.);
#294=FACE_OUTER_BOUND('',#416,.T.);
#295=FACE_OUTER_BOUND('',#417,.T.);
#296=FACE_OUTER_BOUND('',#418,.T.);
#297=FACE_OUTER_BOUND('',#419,.T.);
#298=FACE_OUTER_BOUND('',#420,.T.);
#299=FACE_OUTER_BOUND('',#421,.T.);
#300=FACE_OUTER_BOUND('',#422,.T.);
#301=FACE_OUTER_BOUND('',#423,.T.);
#302=FACE_OUTER_BOUND('',#424,.T.);
#303=FACE_OUTER_BOUND('',#425,.T.);
#304=FACE_OUTER_BOUND('',#426,.T.);
#305=FACE_OUTER_BOUND('',#427,.T.);
#306=FACE_OUTER_BOUND('',#428,.T.);
#307=FACE_OUTER_BOUND('',#429,.T.);
#308=FACE_OUTER_BOUND('',#430,.T.);
#309=FACE_OUTER_BOUND('',#431,.T.);
#310=FACE_OUTER_BOUND('',#432,.T.);
#311=FACE_OUTER_BOUND('',#433,.T.);
#312=FACE_OUTER_BOUND('',#434,.T.);
#313=FACE_OUTER_BOUND('',#435,.T.);
#314=FACE_OUTER_BOUND('',#436,.T.);
#315=FACE_OUTER_BOUND('',#437,.T.);
#316=FACE_OUTER_BOUND('',#438,.T.);
#317=FACE_OUTER_BOUND('',#439,.T.);
#318=FACE_OUTER_BOUND('',#440,.T.);
#319=FACE_OUTER_BOUND('',#441,.T.);
#320=FACE_OUTER_BOUND('',#442,.T.);
#321=FACE_OUTER_BOUND('',#443,.T.);
#322=FACE_OUTER_BOUND('',#444,.T.);
#323=FACE_OUTER_BOUND('',#445,.T.);
#324=FACE_OUTER_BOUND('',#446,.T.);
#325=FACE_OUTER_BOUND('',#447,.T.);
#326=FACE_OUTER_BOUND('',#448,.T.);
#327=FACE_OUTER_BOUND('',#449,.T.);
#328=FACE_OUTER_BOUND('',#450,.T.);
#329=FACE_OUTER_BOUND('',#451,.T.);
#330=FACE_OUTER_BOUND('',#452,.T.);
#331=FACE_OUTER_BOUND('',#453,.T.);
#332=FACE_OUTER_BOUND('',#454,.T.);
#333=FACE_OUTER_BOUND('',#455,.T.);
#334=FACE_OUTER_BOUND('',#456,.T.);
#335=EDGE_LOOP('',(#1185,#1186,#1187,#1188,#1189,#1190));
#336=EDGE_LOOP('',(#1191,#1192,#1193,#1194));
#337=EDGE_LOOP('',(#1195,#1196,#1197,#1198,#1199,#1200));
#338=EDGE_LOOP('',(#1201,#1202,#1203,#1204));
#339=EDGE_LOOP('',(#1205,#1206,#1207,#1208,#1209,#1210));
#340=EDGE_LOOP('',(#1211,#1212,#1213));
#341=EDGE_LOOP('',(#1214,#1215,#1216));
#342=EDGE_LOOP('',(#1217,#1218,#1219));
#343=EDGE_LOOP('',(#1220,#1221,#1222,#1223));
#344=EDGE_LOOP('',(#1224,#1225,#1226,#1227,#1228));
#345=EDGE_LOOP('',(#1229,#1230,#1231));
#346=EDGE_LOOP('',(#1232,#1233,#1234,#1235));
#347=EDGE_LOOP('',(#1236,#1237,#1238,#1239));
#348=EDGE_LOOP('',(#1240,#1241,#1242,#1243,#1244));
#349=EDGE_LOOP('',(#1245,#1246,#1247,#1248,#1249));
#350=EDGE_LOOP('',(#1250,#1251,#1252,#1253));
#351=EDGE_LOOP('',(#1254,#1255,#1256,#1257,#1258));
#352=EDGE_LOOP('',(#1259,#1260,#1261,#1262,#1263,#1264,#1265,#1266,#1267,
#1268,#1269,#1270,#1271,#1272,#1273,#1274,#1275,#1276,#1277,#1278,#1279,
#1280,#1281,#1282,#1283,#1284,#1285,#1286));
#353=EDGE_LOOP('',(#1287,#1288,#1289,#1290));
#354=EDGE_LOOP('',(#1291,#1292,#1293,#1294));
#355=EDGE_LOOP('',(#1295,#1296,#1297,#1298,#1299,#1300));
#356=EDGE_LOOP('',(#1301,#1302,#1303));
#357=EDGE_LOOP('',(#1304,#1305,#1306));
#358=EDGE_LOOP('',(#1307,#1308,#1309));
#359=EDGE_LOOP('',(#1310,#1311,#1312,#1313));
#360=EDGE_LOOP('',(#1314,#1315,#1316,#1317,#1318));
#361=EDGE_LOOP('',(#1319,#1320,#1321));
#362=EDGE_LOOP('',(#1322,#1323,#1324,#1325));
#363=EDGE_LOOP('',(#1326,#1327,#1328,#1329));
#364=EDGE_LOOP('',(#1330,#1331,#1332,#1333,#1334));
#365=EDGE_LOOP('',(#1335,#1336,#1337,#1338,#1339));
#366=EDGE_LOOP('',(#1340,#1341,#1342,#1343));
#367=EDGE_LOOP('',(#1344,#1345,#1346,#1347,#1348));
#368=EDGE_LOOP('',(#1349,#1350,#1351,#1352));
#369=EDGE_LOOP('',(#1353,#1354,#1355,#1356));
#370=EDGE_LOOP('',(#1357,#1358,#1359,#1360,#1361,#1362,#1363,#1364,#1365,
#1366,#1367,#1368,#1369,#1370,#1371,#1372,#1373,#1374,#1375,#1376,#1377,
#1378,#1379,#1380,#1381,#1382,#1383,#1384));
#371=EDGE_LOOP('',(#1385,#1386,#1387,#1388));
#372=EDGE_LOOP('',(#1389,#1390,#1391,#1392));
#373=EDGE_LOOP('',(#1393,#1394,#1395));
#374=EDGE_LOOP('',(#1396,#1397,#1398));
#375=EDGE_LOOP('',(#1399,#1400,#1401));
#376=EDGE_LOOP('',(#1402,#1403,#1404));
#377=EDGE_LOOP('',(#1405,#1406,#1407));
#378=EDGE_LOOP('',(#1408,#1409,#1410));
#379=EDGE_LOOP('',(#1411,#1412,#1413));
#380=EDGE_LOOP('',(#1414,#1415,#1416,#1417,#1418,#1419,#1420,#1421));
#381=EDGE_LOOP('',(#1422,#1423,#1424,#1425,#1426,#1427));
#382=EDGE_LOOP('',(#1428,#1429,#1430));
#383=EDGE_LOOP('',(#1431,#1432,#1433,#1434,#1435,#1436,#1437,#1438));
#384=EDGE_LOOP('',(#1439,#1440,#1441,#1442));
#385=EDGE_LOOP('',(#1443,#1444,#1445,#1446,#1447,#1448));
#386=EDGE_LOOP('',(#1449,#1450,#1451,#1452));
#387=EDGE_LOOP('',(#1453,#1454,#1455,#1456,#1457,#1458));
#388=EDGE_LOOP('',(#1459,#1460,#1461,#1462));
#389=EDGE_LOOP('',(#1463,#1464,#1465,#1466,#1467,#1468));
#390=EDGE_LOOP('',(#1469,#1470,#1471,#1472));
#391=EDGE_LOOP('',(#1473,#1474,#1475,#1476));
#392=EDGE_LOOP('',(#1477,#1478,#1479,#1480));
#393=EDGE_LOOP('',(#1481,#1482,#1483,#1484));
#394=EDGE_LOOP('',(#1485,#1486,#1487));
#395=EDGE_LOOP('',(#1488,#1489,#1490));
#396=EDGE_LOOP('',(#1491,#1492,#1493));
#397=EDGE_LOOP('',(#1494,#1495,#1496));
#398=EDGE_LOOP('',(#1497,#1498,#1499));
#399=EDGE_LOOP('',(#1500,#1501,#1502,#1503));
#400=EDGE_LOOP('',(#1504,#1505,#1506));
#401=EDGE_LOOP('',(#1507,#1508,#1509,#1510,#1511,#1512,#1513,#1514));
#402=EDGE_LOOP('',(#1515,#1516,#1517));
#403=EDGE_LOOP('',(#1518,#1519,#1520));
#404=EDGE_LOOP('',(#1521,#1522,#1523,#1524,#1525,#1526,#1527,#1528));
#405=EDGE_LOOP('',(#1529,#1530,#1531,#1532,#1533,#1534));
#406=EDGE_LOOP('',(#1535,#1536,#1537,#1538));
#407=EDGE_LOOP('',(#1539,#1540,#1541,#1542));
#408=EDGE_LOOP('',(#1543,#1544,#1545,#1546,#1547,#1548));
#409=EDGE_LOOP('',(#1549,#1550,#1551,#1552,#1553,#1554));
#410=EDGE_LOOP('',(#1555,#1556,#1557,#1558,#1559,#1560));
#411=EDGE_LOOP('',(#1561,#1562,#1563,#1564));
#412=EDGE_LOOP('',(#1565,#1566,#1567,#1568));
#413=EDGE_LOOP('',(#1569,#1570,#1571,#1572));
#414=EDGE_LOOP('',(#1573,#1574,#1575,#1576));
#415=EDGE_LOOP('',(#1577,#1578,#1579));
#416=EDGE_LOOP('',(#1580,#1581,#1582));
#417=EDGE_LOOP('',(#1583,#1584,#1585));
#418=EDGE_LOOP('',(#1586,#1587,#1588));
#419=EDGE_LOOP('',(#1589,#1590,#1591,#1592,#1593,#1594,#1595,#1596));
#420=EDGE_LOOP('',(#1597,#1598,#1599));
#421=EDGE_LOOP('',(#1600,#1601,#1602));
#422=EDGE_LOOP('',(#1603,#1604,#1605,#1606,#1607,#1608,#1609,#1610));
#423=EDGE_LOOP('',(#1611,#1612,#1613));
#424=EDGE_LOOP('',(#1614,#1615,#1616,#1617,#1618,#1619));
#425=EDGE_LOOP('',(#1620,#1621,#1622));
#426=EDGE_LOOP('',(#1623,#1624,#1625,#1626));
#427=EDGE_LOOP('',(#1627,#1628,#1629,#1630,#1631,#1632));
#428=EDGE_LOOP('',(#1633,#1634,#1635,#1636));
#429=EDGE_LOOP('',(#1637,#1638,#1639,#1640,#1641,#1642));
#430=EDGE_LOOP('',(#1643,#1644,#1645,#1646));
#431=EDGE_LOOP('',(#1647,#1648,#1649,#1650,#1651,#1652));
#432=EDGE_LOOP('',(#1653,#1654,#1655,#1656));
#433=EDGE_LOOP('',(#1657,#1658,#1659,#1660));
#434=EDGE_LOOP('',(#1661,#1662,#1663,#1664));
#435=EDGE_LOOP('',(#1665,#1666,#1667,#1668));
#436=EDGE_LOOP('',(#1669,#1670,#1671));
#437=EDGE_LOOP('',(#1672,#1673,#1674));
#438=EDGE_LOOP('',(#1675,#1676,#1677));
#439=EDGE_LOOP('',(#1678,#1679,#1680));
#440=EDGE_LOOP('',(#1681,#1682,#1683,#1684,#1685,#1686,#1687,#1688));
#441=EDGE_LOOP('',(#1689,#1690,#1691));
#442=EDGE_LOOP('',(#1692,#1693,#1694));
#443=EDGE_LOOP('',(#1695,#1696,#1697,#1698,#1699,#1700,#1701,#1702));
#444=EDGE_LOOP('',(#1703,#1704,#1705));
#445=EDGE_LOOP('',(#1706,#1707,#1708,#1709,#1710,#1711));
#446=EDGE_LOOP('',(#1712,#1713,#1714));
#447=EDGE_LOOP('',(#1715,#1716,#1717,#1718));
#448=EDGE_LOOP('',(#1719,#1720,#1721,#1722,#1723,#1724));
#449=EDGE_LOOP('',(#1725,#1726,#1727,#1728));
#450=EDGE_LOOP('',(#1729,#1730,#1731,#1732,#1733,#1734));
#451=EDGE_LOOP('',(#1735,#1736,#1737,#1738));
#452=EDGE_LOOP('',(#1739,#1740,#1741,#1742,#1743,#1744));
#453=EDGE_LOOP('',(#1745,#1746,#1747,#1748));
#454=EDGE_LOOP('',(#1749,#1750,#1751,#1752));
#455=EDGE_LOOP('',(#1753,#1754,#1755,#1756));
#456=EDGE_LOOP('',(#1757,#1758,#1759,#1760));
#457=LINE('',#2864,#577);
#458=LINE('',#2880,#578);
#459=LINE('',#2889,#579);
#460=LINE('',#2891,#580);
#461=LINE('',#2892,#581);
#462=LINE('',#2903,#582);
#463=LINE('',#2919,#583);
#464=LINE('',#2928,#584);
#465=LINE('',#2930,#585);
#466=LINE('',#2931,#586);
#467=LINE('',#2942,#587);
#468=LINE('',#2984,#588);
#469=LINE('',#2985,#589);
#470=LINE('',#2995,#590);
#471=LINE('',#2997,#591);
#472=LINE('',#3012,#592);
#473=LINE('',#3013,#593);
#474=LINE('',#3015,#594);
#475=LINE('',#3016,#595);
#476=LINE('',#3026,#596);
#477=LINE('',#3028,#597);
#478=LINE('',#3044,#598);
#479=LINE('',#3046,#599);
#480=LINE('',#3054,#600);
#481=LINE('',#3055,#601);
#482=LINE('',#3065,#602);
#483=LINE('',#3067,#603);
#484=LINE('',#3076,#604);
#485=LINE('',#3080,#605);
#486=LINE('',#3084,#606);
#487=LINE('',#3086,#607);
#488=LINE('',#3088,#608);
#489=LINE('',#3090,#609);
#490=LINE('',#3092,#610);
#491=LINE('',#3096,#611);
#492=LINE('',#3100,#612);
#493=LINE('',#3102,#613);
#494=LINE('',#3104,#614);
#495=LINE('',#3108,#615);
#496=LINE('',#3111,#616);
#497=LINE('',#3113,#617);
#498=LINE('',#3117,#618);
#499=LINE('',#3120,#619);
#500=LINE('',#3122,#620);
#501=LINE('',#3172,#621);
#502=LINE('',#3173,#622);
#503=LINE('',#3183,#623);
#504=LINE('',#3197,#624);
#505=LINE('',#3198,#625);
#506=LINE('',#3200,#626);
#507=LINE('',#3210,#627);
#508=LINE('',#3226,#628);
#509=LINE('',#3228,#629);
#510=LINE('',#3236,#630);
#511=LINE('',#3237,#631);
#512=LINE('',#3247,#632);
#513=LINE('',#3249,#633);
#514=LINE('',#3257,#634);
#515=LINE('',#3261,#635);
#516=LINE('',#3265,#636);
#517=LINE('',#3268,#637);
#518=LINE('',#3270,#638);
#519=LINE('',#3274,#639);
#520=LINE('',#3277,#640);
#521=LINE('',#3279,#641);
#522=LINE('',#3283,#642);
#523=LINE('',#3286,#643);
#524=LINE('',#3288,#644);
#525=LINE('',#3292,#645);
#526=LINE('',#3295,#646);
#527=LINE('',#3297,#647);
#528=LINE('',#3299,#648);
#529=LINE('',#3338,#649);
#530=LINE('',#3342,#650);
#531=LINE('',#3351,#651);
#532=LINE('',#3355,#652);
#533=LINE('',#3356,#653);
#534=LINE('',#3358,#654);
#535=LINE('',#3360,#655);
#536=LINE('',#3362,#656);
#537=LINE('',#3364,#657);
#538=LINE('',#3365,#658);
#539=LINE('',#3367,#659);
#540=LINE('',#3369,#660);
#541=LINE('',#3397,#661);
#542=LINE('',#3408,#662);
#543=LINE('',#3426,#663);
#544=LINE('',#3428,#664);
#545=LINE('',#3430,#665);
#546=LINE('',#3431,#666);
#547=LINE('',#3433,#667);
#548=LINE('',#3434,#668);
#549=LINE('',#3436,#669);
#550=LINE('',#3438,#670);
#551=LINE('',#3440,#671);
#552=LINE('',#3442,#672);
#553=LINE('',#3472,#673);
#554=LINE('',#3489,#674);
#555=LINE('',#3495,#675);
#556=LINE('',#3501,#676);
#557=LINE('',#3503,#677);
#558=LINE('',#3505,#678);
#559=LINE('',#3506,#679);
#560=LINE('',#3508,#680);
#561=LINE('',#3510,#681);
#562=LINE('',#3512,#682);
#563=LINE('',#3514,#683);
#564=LINE('',#3515,#684);
#565=LINE('',#3545,#685);
#566=LINE('',#3562,#686);
#567=LINE('',#3568,#687);
#568=LINE('',#3574,#688);
#569=LINE('',#3576,#689);
#570=LINE('',#3578,#690);
#571=LINE('',#3579,#691);
#572=LINE('',#3581,#692);
#573=LINE('',#3583,#693);
#574=LINE('',#3585,#694);
#575=LINE('',#3587,#695);
#576=LINE('',#3588,#696);
#577=VECTOR('',#2219,10.);
#578=VECTOR('',#2220,10.);
#579=VECTOR('',#2223,10.);
#580=VECTOR('',#2224,10.);
#581=VECTOR('',#2225,10.);
#582=VECTOR('',#2228,10.);
#583=VECTOR('',#2229,10.);
#584=VECTOR('',#2232,10.);
#585=VECTOR('',#2233,10.);
#586=VECTOR('',#2234,10.);
#587=VECTOR('',#2237,10.);
#588=VECTOR('',#2264,10.);
#589=VECTOR('',#2265,10.);
#590=VECTOR('',#2268,10.);
#591=VECTOR('',#2269,10.);
#592=VECTOR('',#2280,10.);
#593=VECTOR('',#2281,10.);
#594=VECTOR('',#2284,10.);
#595=VECTOR('',#2285,10.);
#596=VECTOR('',#2288,10.);
#597=VECTOR('',#2289,10.);
#598=VECTOR('',#2292,10.);
#599=VECTOR('',#2293,10.);
#600=VECTOR('',#2296,10.);
#601=VECTOR('',#2297,10.);
#602=VECTOR('',#2300,10.);
#603=VECTOR('',#2301,10.);
#604=VECTOR('',#2304,10.);
#605=VECTOR('',#2307,10.);
#606=VECTOR('',#2310,10.);
#607=VECTOR('',#2311,10.);
#608=VECTOR('',#2312,10.);
#609=VECTOR('',#2313,10.);
#610=VECTOR('',#2314,10.);
#611=VECTOR('',#2317,10.);
#612=VECTOR('',#2320,10.);
#613=VECTOR('',#2321,10.);
#614=VECTOR('',#2322,10.);
#615=VECTOR('',#2325,10.);
#616=VECTOR('',#2328,10.);
#617=VECTOR('',#2329,10.);
#618=VECTOR('',#2332,10.);
#619=VECTOR('',#2335,10.);
#620=VECTOR('',#2338,10.);
#621=VECTOR('',#2369,10.);
#622=VECTOR('',#2370,10.);
#623=VECTOR('',#2373,10.);
#624=VECTOR('',#2384,10.);
#625=VECTOR('',#2385,10.);
#626=VECTOR('',#2388,10.);
#627=VECTOR('',#2391,10.);
#628=VECTOR('',#2394,10.);
#629=VECTOR('',#2395,10.);
#630=VECTOR('',#2398,10.);
#631=VECTOR('',#2399,10.);
#632=VECTOR('',#2402,10.);
#633=VECTOR('',#2403,10.);
#634=VECTOR('',#2406,10.);
#635=VECTOR('',#2411,10.);
#636=VECTOR('',#2414,10.);
#637=VECTOR('',#2417,10.);
#638=VECTOR('',#2418,10.);
#639=VECTOR('',#2421,10.);
#640=VECTOR('',#2424,10.);
#641=VECTOR('',#2425,10.);
#642=VECTOR('',#2428,10.);
#643=VECTOR('',#2431,10.);
#644=VECTOR('',#2432,10.);
#645=VECTOR('',#2435,10.);
#646=VECTOR('',#2438,10.);
#647=VECTOR('',#2441,10.);
#648=VECTOR('',#2444,10.);
#649=VECTOR('',#2495,10.);
#650=VECTOR('',#2502,10.);
#651=VECTOR('',#2513,10.);
#652=VECTOR('',#2520,10.);
#653=VECTOR('',#2521,10.);
#654=VECTOR('',#2524,10.);
#655=VECTOR('',#2527,10.);
#656=VECTOR('',#2530,10.);
#657=VECTOR('',#2533,10.);
#658=VECTOR('',#2534,10.);
#659=VECTOR('',#2537,10.);
#660=VECTOR('',#2540,10.);
#661=VECTOR('',#2581,10.);
#662=VECTOR('',#2596,10.);
#663=VECTOR('',#2619,10.);
#664=VECTOR('',#2622,10.);
#665=VECTOR('',#2625,10.);
#666=VECTOR('',#2626,10.);
#667=VECTOR('',#2629,10.);
#668=VECTOR('',#2630,10.);
#669=VECTOR('',#2633,10.);
#670=VECTOR('',#2636,10.);
#671=VECTOR('',#2639,10.);
#672=VECTOR('',#2642,10.);
#673=VECTOR('',#2681,10.);
#674=VECTOR('',#2706,10.);
#675=VECTOR('',#2715,10.);
#676=VECTOR('',#2724,10.);
#677=VECTOR('',#2727,10.);
#678=VECTOR('',#2730,10.);
#679=VECTOR('',#2731,10.);
#680=VECTOR('',#2734,10.);
#681=VECTOR('',#2737,10.);
#682=VECTOR('',#2740,10.);
#683=VECTOR('',#2743,10.);
#684=VECTOR('',#2744,10.);
#685=VECTOR('',#2783,10.);
#686=VECTOR('',#2808,10.);
#687=VECTOR('',#2817,10.);
#688=VECTOR('',#2826,10.);
#689=VECTOR('',#2829,10.);
#690=VECTOR('',#2832,10.);
#691=VECTOR('',#2833,10.);
#692=VECTOR('',#2836,10.);
#693=VECTOR('',#2839,10.);
#694=VECTOR('',#2842,10.);
#695=VECTOR('',#2845,10.);
#696=VECTOR('',#2846,10.);
#697=B_SPLINE_CURVE_WITH_KNOTS('',3,(#2857,#2858,#2859,#2860,#2861,#2862),
 .UNSPECIFIED.,.F.,.F.,(4,2,4),(0.00411438285499501,0.00487312915022303,
0.00563187544545106),.UNSPECIFIED.);
#698=B_SPLINE_CURVE_WITH_KNOTS('',3,(#2866,#2867,#2868,#2869,#2870,#2871),
 .UNSPECIFIED.,.F.,.F.,(4,2,4),(0.010825655974529,0.011584402269757,0.012343148564985),
 .UNSPECIFIED.);
#699=B_SPLINE_CURVE_WITH_KNOTS('',3,(#2873,#2874,#2875,#2876,#2877,#2878),
 .UNSPECIFIED.,.F.,.F.,(4,2,4),(0.0123431485649852,0.0131018948602133,0.0138606411554413),
 .UNSPECIFIED.);
#700=B_SPLINE_CURVE_WITH_KNOTS('',3,(#2881,#2882,#2883,#2884,#2885,#2886),
 .UNSPECIFIED.,.F.,.F.,(4,2,4),(0.00259689026453898,0.00335563655976703,
0.00411438285499507),.UNSPECIFIED.);
#701=B_SPLINE_CURVE_WITH_KNOTS('',3,(#2896,#2897,#2898,#2899,#2900,#2901),
 .UNSPECIFIED.,.F.,.F.,(4,2,4),(0.00411438285499501,0.00487312915022303,
0.00563187544545106),.UNSPECIFIED.);
#702=B_SPLINE_CURVE_WITH_KNOTS('',3,(#2905,#2906,#2907,#2908,#2909,#2910),
 .UNSPECIFIED.,.F.,.F.,(4,2,4),(0.010825655974529,0.011584402269757,0.012343148564985),
 .UNSPECIFIED.);
#703=B_SPLINE_CURVE_WITH_KNOTS('',3,(#2912,#2913,#2914,#2915,#2916,#2917),
 .UNSPECIFIED.,.F.,.F.,(4,2,4),(0.0123431485649848,0.0131018948602128,0.0138606411554408),
 .UNSPECIFIED.);
#704=B_SPLINE_CURVE_WITH_KNOTS('',3,(#2920,#2921,#2922,#2923,#2924,#2925),
 .UNSPECIFIED.,.F.,.F.,(4,2,4),(0.0025968902645389,0.00335563655976691,
0.00411438285499492),.UNSPECIFIED.);
#705=B_SPLINE_CURVE_WITH_KNOTS('',3,(#2935,#2936,#2937,#2938,#2939,#2940),
 .UNSPECIFIED.,.F.,.F.,(4,2,4),(0.00411438285499501,0.00487312915022304,
0.00563187544545106),.UNSPECIFIED.);
#706=B_SPLINE_CURVE_WITH_KNOTS('',3,(#2944,#2945,#2946,#2947,#2948,#2949),
 .UNSPECIFIED.,.F.,.F.,(4,2,4),(0.010825655974529,0.011584402269757,0.012343148564985),
 .UNSPECIFIED.);
#707=B_SPLINE_CURVE_WITH_KNOTS('',3,(#2950,#2951,#2952,#2953,#2954,#2955),
 .UNSPECIFIED.,.F.,.F.,(4,2,4),(0.0123431485649852,0.0131018948602133,0.0138606411554413),
 .UNSPECIFIED.);
#708=B_SPLINE_CURVE_WITH_KNOTS('',3,(#2956,#2957,#2958,#2959,#2960,#2961),
 .UNSPECIFIED.,.F.,.F.,(4,2,4),(0.00259689026453898,0.00335563655976703,
0.00411438285499507),.UNSPECIFIED.);
#709=B_SPLINE_CURVE_WITH_KNOTS('',3,(#2989,#2990,#2991,#2992,#2993,#2994),
 .UNSPECIFIED.,.F.,.F.,(4,2,4),(0.00411438285499501,0.00487312915022303,
0.00563187544545106),.UNSPECIFIED.);
#710=B_SPLINE_CURVE_WITH_KNOTS('',3,(#2998,#2999,#3000,#3001,#3002,#3003),
 .UNSPECIFIED.,.F.,.F.,(4,2,4),(0.00259689026453899,0.00335563655976703,
0.00411438285499507),.UNSPECIFIED.);
#711=B_SPLINE_CURVE_WITH_KNOTS('',3,(#3020,#3021,#3022,#3023,#3024,#3025),
 .UNSPECIFIED.,.F.,.F.,(4,2,4),(0.0123431485649848,0.0131018948602128,0.0138606411554408),
 .UNSPECIFIED.);
#712=B_SPLINE_CURVE_WITH_KNOTS('',3,(#3029,#3030,#3031,#3032,#3033,#3034),
 .UNSPECIFIED.,.F.,.F.,(4,2,4),(0.010825655974529,0.011584402269757,0.012343148564985),
 .UNSPECIFIED.);
#713=B_SPLINE_CURVE_WITH_KNOTS('',3,(#3038,#3039,#3040,#3041,#3042,#3043),
 .UNSPECIFIED.,.F.,.F.,(4,2,4),(0.00411438285499501,0.00487312915022303,
0.00563187544545106),.UNSPECIFIED.);
#714=B_SPLINE_CURVE_WITH_KNOTS('',3,(#3047,#3048,#3049,#3050,#3051,#3052),
 .UNSPECIFIED.,.F.,.F.,(4,2,4),(0.00259689026453891,0.00335563655976692,
0.00411438285499493),.UNSPECIFIED.);
#715=B_SPLINE_CURVE_WITH_KNOTS('',3,(#3059,#3060,#3061,#3062,#3063,#3064),
 .UNSPECIFIED.,.F.,.F.,(4,2,4),(0.0123431485649852,0.0131018948602133,0.0138606411554413),
 .UNSPECIFIED.);
#716=B_SPLINE_CURVE_WITH_KNOTS('',3,(#3068,#3069,#3070,#3071,#3072,#3073),
 .UNSPECIFIED.,.F.,.F.,(4,2,4),(0.010825655974529,0.011584402269757,0.012343148564985),
 .UNSPECIFIED.);
#717=B_SPLINE_CURVE_WITH_KNOTS('',3,(#3126,#3127,#3128,#3129,#3130,#3131),
 .UNSPECIFIED.,.F.,.F.,(4,2,4),(0.00411438285499501,0.00487312915022304,
0.00563187544545106),.UNSPECIFIED.);
#718=B_SPLINE_CURVE_WITH_KNOTS('',3,(#3133,#3134,#3135,#3136,#3137,#3138),
 .UNSPECIFIED.,.F.,.F.,(4,2,4),(0.010825655974529,0.011584402269757,0.012343148564985),
 .UNSPECIFIED.);
#719=B_SPLINE_CURVE_WITH_KNOTS('',3,(#3139,#3140,#3141,#3142,#3143,#3144),
 .UNSPECIFIED.,.F.,.F.,(4,2,4),(0.0123431485649848,0.0131018948602128,0.0138606411554408),
 .UNSPECIFIED.);
#720=B_SPLINE_CURVE_WITH_KNOTS('',3,(#3145,#3146,#3147,#3148,#3149,#3150),
 .UNSPECIFIED.,.F.,.F.,(4,2,4),(0.0025968902645389,0.00335563655976691,
0.00411438285499493),.UNSPECIFIED.);
#721=B_SPLINE_CURVE_WITH_KNOTS('',3,(#3176,#3177,#3178,#3179,#3180,#3181),
 .UNSPECIFIED.,.F.,.F.,(4,2,4),(0.00411438285499501,0.00487312915022303,
0.00563187544545106),.UNSPECIFIED.);
#722=B_SPLINE_CURVE_WITH_KNOTS('',3,(#3184,#3185,#3186,#3187,#3188,#3189),
 .UNSPECIFIED.,.F.,.F.,(4,2,4),(0.00259689026453891,0.00335563655976692,
0.00411438285499493),.UNSPECIFIED.);
#723=B_SPLINE_CURVE_WITH_KNOTS('',3,(#3204,#3205,#3206,#3207,#3208,#3209),
 .UNSPECIFIED.,.F.,.F.,(4,2,4),(0.0123431485649852,0.0131018948602133,0.0138606411554413),
 .UNSPECIFIED.);
#724=B_SPLINE_CURVE_WITH_KNOTS('',3,(#3211,#3212,#3213,#3214,#3215,#3216),
 .UNSPECIFIED.,.F.,.F.,(4,2,4),(0.010825655974529,0.011584402269757,0.012343148564985),
 .UNSPECIFIED.);
#725=B_SPLINE_CURVE_WITH_KNOTS('',3,(#3220,#3221,#3222,#3223,#3224,#3225),
 .UNSPECIFIED.,.F.,.F.,(4,2,4),(0.00411438285499501,0.00487312915022303,
0.00563187544545106),.UNSPECIFIED.);
#726=B_SPLINE_CURVE_WITH_KNOTS('',3,(#3229,#3230,#3231,#3232,#3233,#3234),
 .UNSPECIFIED.,.F.,.F.,(4,2,4),(0.00259689026453899,0.00335563655976703,
0.00411438285499508),.UNSPECIFIED.);
#727=B_SPLINE_CURVE_WITH_KNOTS('',3,(#3241,#3242,#3243,#3244,#3245,#3246),
 .UNSPECIFIED.,.F.,.F.,(4,2,4),(0.0123431485649848,0.0131018948602128,0.0138606411554408),
 .UNSPECIFIED.);
#728=B_SPLINE_CURVE_WITH_KNOTS('',3,(#3250,#3251,#3252,#3253,#3254,#3255),
 .UNSPECIFIED.,.F.,.F.,(4,2,4),(0.010825655974529,0.011584402269757,0.012343148564985),
 .UNSPECIFIED.);
#729=VERTEX_POINT('',#2855);
#730=VERTEX_POINT('',#2856);
#731=VERTEX_POINT('',#2863);
#732=VERTEX_POINT('',#2865);
#733=VERTEX_POINT('',#2872);
#734=VERTEX_POINT('',#2879);
#735=VERTEX_POINT('',#2888);
#736=VERTEX_POINT('',#2890);
#737=VERTEX_POINT('',#2894);
#738=VERTEX_POINT('',#2895);
#739=VERTEX_POINT('',#2902);
#740=VERTEX_POINT('',#2904);
#741=VERTEX_POINT('',#2911);
#742=VERTEX_POINT('',#2918);
#743=VERTEX_POINT('',#2927);
#744=VERTEX_POINT('',#2929);
#745=VERTEX_POINT('',#2933);
#746=VERTEX_POINT('',#2934);
#747=VERTEX_POINT('',#2941);
#748=VERTEX_POINT('',#2943);
#749=VERTEX_POINT('',#2963);
#750=VERTEX_POINT('',#2964);
#751=VERTEX_POINT('',#2966);
#752=VERTEX_POINT('',#2970);
#753=VERTEX_POINT('',#2971);
#754=VERTEX_POINT('',#2973);
#755=VERTEX_POINT('',#2977);
#756=VERTEX_POINT('',#2978);
#757=VERTEX_POINT('',#2980);
#758=VERTEX_POINT('',#2987);
#759=VERTEX_POINT('',#2988);
#760=VERTEX_POINT('',#2996);
#761=VERTEX_POINT('',#3005);
#762=VERTEX_POINT('',#3006);
#763=VERTEX_POINT('',#3008);
#764=VERTEX_POINT('',#3018);
#765=VERTEX_POINT('',#3019);
#766=VERTEX_POINT('',#3027);
#767=VERTEX_POINT('',#3036);
#768=VERTEX_POINT('',#3037);
#769=VERTEX_POINT('',#3045);
#770=VERTEX_POINT('',#3057);
#771=VERTEX_POINT('',#3058);
#772=VERTEX_POINT('',#3066);
#773=VERTEX_POINT('',#3075);
#774=VERTEX_POINT('',#3077);
#775=VERTEX_POINT('',#3079);
#776=VERTEX_POINT('',#3081);
#777=VERTEX_POINT('',#3083);
#778=VERTEX_POINT('',#3085);
#779=VERTEX_POINT('',#3087);
#780=VERTEX_POINT('',#3089);
#781=VERTEX_POINT('',#3091);
#782=VERTEX_POINT('',#3093);
#783=VERTEX_POINT('',#3095);
#784=VERTEX_POINT('',#3097);
#785=VERTEX_POINT('',#3099);
#786=VERTEX_POINT('',#3101);
#787=VERTEX_POINT('',#3103);
#788=VERTEX_POINT('',#3105);
#789=VERTEX_POINT('',#3107);
#790=VERTEX_POINT('',#3109);
#791=VERTEX_POINT('',#3112);
#792=VERTEX_POINT('',#3114);
#793=VERTEX_POINT('',#3116);
#794=VERTEX_POINT('',#3118);
#795=VERTEX_POINT('',#3125);
#796=VERTEX_POINT('',#3132);
#797=VERTEX_POINT('',#3152);
#798=VERTEX_POINT('',#3153);
#799=VERTEX_POINT('',#3155);
#800=VERTEX_POINT('',#3159);
#801=VERTEX_POINT('',#3160);
#802=VERTEX_POINT('',#3162);
#803=VERTEX_POINT('',#3166);
#804=VERTEX_POINT('',#3168);
#805=VERTEX_POINT('',#3175);
#806=VERTEX_POINT('',#3182);
#807=VERTEX_POINT('',#3191);
#808=VERTEX_POINT('',#3193);
#809=VERTEX_POINT('',#3202);
#810=VERTEX_POINT('',#3203);
#811=VERTEX_POINT('',#3218);
#812=VERTEX_POINT('',#3219);
#813=VERTEX_POINT('',#3227);
#814=VERTEX_POINT('',#3239);
#815=VERTEX_POINT('',#3240);
#816=VERTEX_POINT('',#3248);
#817=VERTEX_POINT('',#3260);
#818=VERTEX_POINT('',#3262);
#819=VERTEX_POINT('',#3264);
#820=VERTEX_POINT('',#3266);
#821=VERTEX_POINT('',#3269);
#822=VERTEX_POINT('',#3271);
#823=VERTEX_POINT('',#3273);
#824=VERTEX_POINT('',#3275);
#825=VERTEX_POINT('',#3278);
#826=VERTEX_POINT('',#3280);
#827=VERTEX_POINT('',#3282);
#828=VERTEX_POINT('',#3284);
#829=VERTEX_POINT('',#3287);
#830=VERTEX_POINT('',#3289);
#831=VERTEX_POINT('',#3291);
#832=VERTEX_POINT('',#3293);
#833=VERTEX_POINT('',#3301);
#834=VERTEX_POINT('',#3305);
#835=VERTEX_POINT('',#3309);
#836=VERTEX_POINT('',#3310);
#837=VERTEX_POINT('',#3312);
#838=VERTEX_POINT('',#3316);
#839=VERTEX_POINT('',#3320);
#840=VERTEX_POINT('',#3321);
#841=VERTEX_POINT('',#3323);
#842=VERTEX_POINT('',#3327);
#843=VERTEX_POINT('',#3331);
#844=VERTEX_POINT('',#3332);
#845=VERTEX_POINT('',#3334);
#846=VERTEX_POINT('',#3344);
#847=VERTEX_POINT('',#3345);
#848=VERTEX_POINT('',#3347);
#849=VERTEX_POINT('',#3374);
#850=VERTEX_POINT('',#3378);
#851=VERTEX_POINT('',#3382);
#852=VERTEX_POINT('',#3386);
#853=VERTEX_POINT('',#3387);
#854=VERTEX_POINT('',#3389);
#855=VERTEX_POINT('',#3393);
#856=VERTEX_POINT('',#3399);
#857=VERTEX_POINT('',#3400);
#858=VERTEX_POINT('',#3402);
#859=VERTEX_POINT('',#3410);
#860=VERTEX_POINT('',#3411);
#861=VERTEX_POINT('',#3413);
#862=VERTEX_POINT('',#3417);
#863=VERTEX_POINT('',#3418);
#864=VERTEX_POINT('',#3420);
#865=VERTEX_POINT('',#3447);
#866=VERTEX_POINT('',#3448);
#867=VERTEX_POINT('',#3450);
#868=VERTEX_POINT('',#3454);
#869=VERTEX_POINT('',#3455);
#870=VERTEX_POINT('',#3457);
#871=VERTEX_POINT('',#3461);
#872=VERTEX_POINT('',#3465);
#873=VERTEX_POINT('',#3466);
#874=VERTEX_POINT('',#3468);
#875=VERTEX_POINT('',#3476);
#876=VERTEX_POINT('',#3480);
#877=VERTEX_POINT('',#3481);
#878=VERTEX_POINT('',#3483);
#879=VERTEX_POINT('',#3491);
#880=VERTEX_POINT('',#3497);
#881=VERTEX_POINT('',#3520);
#882=VERTEX_POINT('',#3521);
#883=VERTEX_POINT('',#3523);
#884=VERTEX_POINT('',#3527);
#885=VERTEX_POINT('',#3528);
#886=VERTEX_POINT('',#3530);
#887=VERTEX_POINT('',#3534);
#888=VERTEX_POINT('',#3538);
#889=VERTEX_POINT('',#3539);
#890=VERTEX_POINT('',#3541);
#891=VERTEX_POINT('',#3549);
#892=VERTEX_POINT('',#3553);
#893=VERTEX_POINT('',#3554);
#894=VERTEX_POINT('',#3556);
#895=VERTEX_POINT('',#3564);
#896=VERTEX_POINT('',#3570);
#897=EDGE_CURVE('',#729,#730,#697,.T.);
#898=EDGE_CURVE('',#729,#731,#457,.T.);
#899=EDGE_CURVE('',#731,#732,#698,.F.);
#900=EDGE_CURVE('',#733,#732,#699,.T.);
#901=EDGE_CURVE('',#733,#734,#458,.T.);
#902=EDGE_CURVE('',#734,#730,#700,.F.);
#903=EDGE_CURVE('',#735,#733,#459,.T.);
#904=EDGE_CURVE('',#736,#735,#460,.T.);
#905=EDGE_CURVE('',#734,#736,#461,.T.);
#906=EDGE_CURVE('',#737,#738,#701,.T.);
#907=EDGE_CURVE('',#737,#739,#462,.T.);
#908=EDGE_CURVE('',#739,#740,#702,.F.);
#909=EDGE_CURVE('',#741,#740,#703,.T.);
#910=EDGE_CURVE('',#741,#742,#463,.T.);
#911=EDGE_CURVE('',#742,#738,#704,.F.);
#912=EDGE_CURVE('',#743,#741,#464,.T.);
#913=EDGE_CURVE('',#744,#743,#465,.T.);
#914=EDGE_CURVE('',#742,#744,#466,.T.);
#915=EDGE_CURVE('',#745,#746,#705,.T.);
#916=EDGE_CURVE('',#745,#747,#467,.T.);
#917=EDGE_CURVE('',#747,#748,#706,.F.);
#918=EDGE_CURVE('',#736,#748,#707,.T.);
#919=EDGE_CURVE('',#735,#746,#708,.F.);
#920=EDGE_CURVE('',#749,#750,#31,.F.);
#921=EDGE_CURVE('',#751,#749,#32,.F.);
#922=EDGE_CURVE('',#750,#751,#33,.F.);
#923=EDGE_CURVE('',#752,#753,#34,.F.);
#924=EDGE_CURVE('',#754,#752,#35,.F.);
#925=EDGE_CURVE('',#753,#754,#36,.F.);
#926=EDGE_CURVE('',#755,#756,#37,.F.);
#927=EDGE_CURVE('',#757,#755,#38,.F.);
#928=EDGE_CURVE('',#756,#757,#39,.F.);
#929=EDGE_CURVE('',#749,#757,#468,.T.);
#930=EDGE_CURVE('',#755,#751,#469,.T.);
#931=EDGE_CURVE('',#758,#759,#709,.T.);
#932=EDGE_CURVE('',#758,#756,#470,.T.);
#933=EDGE_CURVE('',#757,#760,#471,.T.);
#934=EDGE_CURVE('',#760,#759,#710,.F.);
#935=EDGE_CURVE('',#761,#762,#40,.F.);
#936=EDGE_CURVE('',#763,#761,#41,.F.);
#937=EDGE_CURVE('',#762,#763,#42,.F.);
#938=EDGE_CURVE('',#761,#754,#472,.T.);
#939=EDGE_CURVE('',#752,#763,#473,.T.);
#940=EDGE_CURVE('',#756,#762,#474,.T.);
#941=EDGE_CURVE('',#763,#755,#475,.T.);
#942=EDGE_CURVE('',#764,#765,#711,.T.);
#943=EDGE_CURVE('',#764,#761,#476,.T.);
#944=EDGE_CURVE('',#762,#766,#477,.T.);
#945=EDGE_CURVE('',#766,#765,#712,.F.);
#946=EDGE_CURVE('',#767,#768,#713,.T.);
#947=EDGE_CURVE('',#767,#753,#478,.T.);
#948=EDGE_CURVE('',#754,#769,#479,.T.);
#949=EDGE_CURVE('',#769,#768,#714,.F.);
#950=EDGE_CURVE('',#753,#750,#480,.T.);
#951=EDGE_CURVE('',#751,#752,#481,.T.);
#952=EDGE_CURVE('',#770,#771,#715,.T.);
#953=EDGE_CURVE('',#770,#749,#482,.T.);
#954=EDGE_CURVE('',#750,#772,#483,.T.);
#955=EDGE_CURVE('',#772,#771,#716,.F.);
#956=EDGE_CURVE('',#773,#745,#484,.T.);
#957=EDGE_CURVE('',#773,#774,#43,.F.);
#958=EDGE_CURVE('',#775,#774,#485,.T.);
#959=EDGE_CURVE('',#775,#776,#44,.F.);
#960=EDGE_CURVE('',#777,#776,#486,.T.);
#961=EDGE_CURVE('',#778,#777,#487,.T.);
#962=EDGE_CURVE('',#779,#778,#488,.T.);
#963=EDGE_CURVE('',#780,#779,#489,.T.);
#964=EDGE_CURVE('',#781,#780,#490,.T.);
#965=EDGE_CURVE('',#781,#782,#45,.F.);
#966=EDGE_CURVE('',#783,#782,#491,.T.);
#967=EDGE_CURVE('',#783,#784,#46,.F.);
#968=EDGE_CURVE('',#785,#784,#492,.T.);
#969=EDGE_CURVE('',#786,#785,#493,.T.);
#970=EDGE_CURVE('',#787,#786,#494,.T.);
#971=EDGE_CURVE('',#787,#788,#47,.F.);
#972=EDGE_CURVE('',#789,#788,#495,.T.);
#973=EDGE_CURVE('',#789,#790,#48,.F.);
#974=EDGE_CURVE('',#766,#790,#496,.T.);
#975=EDGE_CURVE('',#791,#758,#497,.T.);
#976=EDGE_CURVE('',#791,#792,#49,.F.);
#977=EDGE_CURVE('',#793,#792,#498,.T.);
#978=EDGE_CURVE('',#793,#794,#50,.F.);
#979=EDGE_CURVE('',#747,#794,#499,.T.);
#980=EDGE_CURVE('',#760,#770,#500,.T.);
#981=EDGE_CURVE('',#786,#795,#717,.T.);
#982=EDGE_CURVE('',#785,#796,#718,.F.);
#983=EDGE_CURVE('',#744,#796,#719,.T.);
#984=EDGE_CURVE('',#743,#795,#720,.F.);
#985=EDGE_CURVE('',#797,#798,#51,.F.);
#986=EDGE_CURVE('',#799,#797,#52,.F.);
#987=EDGE_CURVE('',#798,#799,#53,.F.);
#988=EDGE_CURVE('',#800,#801,#54,.F.);
#989=EDGE_CURVE('',#802,#800,#55,.F.);
#990=EDGE_CURVE('',#801,#802,#56,.F.);
#991=EDGE_CURVE('',#803,#779,#57,.F.);
#992=EDGE_CURVE('',#804,#803,#58,.F.);
#993=EDGE_CURVE('',#779,#804,#59,.F.);
#994=EDGE_CURVE('',#803,#799,#501,.T.);
#995=EDGE_CURVE('',#797,#804,#502,.T.);
#996=EDGE_CURVE('',#780,#805,#721,.T.);
#997=EDGE_CURVE('',#804,#806,#503,.T.);
#998=EDGE_CURVE('',#806,#805,#722,.F.);
#999=EDGE_CURVE('',#807,#778,#60,.F.);
#1000=EDGE_CURVE('',#808,#807,#61,.F.);
#1001=EDGE_CURVE('',#778,#808,#62,.F.);
#1002=EDGE_CURVE('',#807,#802,#504,.T.);
#1003=EDGE_CURVE('',#800,#808,#505,.T.);
#1004=EDGE_CURVE('',#808,#803,#506,.T.);
#1005=EDGE_CURVE('',#809,#810,#723,.T.);
#1006=EDGE_CURVE('',#809,#807,#507,.T.);
#1007=EDGE_CURVE('',#777,#810,#724,.F.);
#1008=EDGE_CURVE('',#811,#812,#725,.T.);
#1009=EDGE_CURVE('',#811,#801,#508,.T.);
#1010=EDGE_CURVE('',#802,#813,#509,.T.);
#1011=EDGE_CURVE('',#813,#812,#726,.F.);
#1012=EDGE_CURVE('',#801,#798,#510,.T.);
#1013=EDGE_CURVE('',#799,#800,#511,.T.);
#1014=EDGE_CURVE('',#814,#815,#727,.T.);
#1015=EDGE_CURVE('',#814,#797,#512,.T.);
#1016=EDGE_CURVE('',#798,#816,#513,.T.);
#1017=EDGE_CURVE('',#816,#815,#728,.F.);
#1018=EDGE_CURVE('',#806,#814,#514,.T.);
#1019=EDGE_CURVE('',#817,#729,#515,.T.);
#1020=EDGE_CURVE('',#817,#818,#63,.F.);
#1021=EDGE_CURVE('',#819,#818,#516,.T.);
#1022=EDGE_CURVE('',#819,#820,#64,.F.);
#1023=EDGE_CURVE('',#772,#820,#517,.T.);
#1024=EDGE_CURVE('',#821,#767,#518,.T.);
#1025=EDGE_CURVE('',#821,#822,#65,.F.);
#1026=EDGE_CURVE('',#823,#822,#519,.T.);
#1027=EDGE_CURVE('',#823,#824,#66,.F.);
#1028=EDGE_CURVE('',#739,#824,#520,.T.);
#1029=EDGE_CURVE('',#825,#737,#521,.T.);
#1030=EDGE_CURVE('',#825,#826,#67,.F.);
#1031=EDGE_CURVE('',#827,#826,#522,.T.);
#1032=EDGE_CURVE('',#827,#828,#68,.F.);
#1033=EDGE_CURVE('',#816,#828,#523,.T.);
#1034=EDGE_CURVE('',#829,#811,#524,.T.);
#1035=EDGE_CURVE('',#829,#830,#69,.F.);
#1036=EDGE_CURVE('',#831,#830,#525,.T.);
#1037=EDGE_CURVE('',#831,#832,#70,.F.);
#1038=EDGE_CURVE('',#731,#832,#526,.T.);
#1039=EDGE_CURVE('',#813,#809,#527,.T.);
#1040=EDGE_CURVE('',#769,#764,#528,.T.);
#1041=EDGE_CURVE('',#792,#833,#71,.F.);
#1042=EDGE_CURVE('',#833,#791,#72,.F.);
#1043=EDGE_CURVE('',#794,#834,#73,.F.);
#1044=EDGE_CURVE('',#834,#793,#74,.F.);
#1045=EDGE_CURVE('',#835,#836,#75,.F.);
#1046=EDGE_CURVE('',#837,#835,#76,.F.);
#1047=EDGE_CURVE('',#836,#837,#77,.F.);
#1048=EDGE_CURVE('',#820,#838,#78,.F.);
#1049=EDGE_CURVE('',#838,#819,#79,.F.);
#1050=EDGE_CURVE('',#839,#840,#80,.F.);
#1051=EDGE_CURVE('',#841,#839,#81,.F.);
#1052=EDGE_CURVE('',#840,#841,#82,.F.);
#1053=EDGE_CURVE('',#818,#842,#83,.F.);
#1054=EDGE_CURVE('',#842,#817,#84,.F.);
#1055=EDGE_CURVE('',#843,#844,#85,.F.);
#1056=EDGE_CURVE('',#845,#843,#86,.F.);
#1057=EDGE_CURVE('',#844,#845,#87,.F.);
#1058=EDGE_CURVE('',#843,#837,#529,.T.);
#1059=EDGE_CURVE('',#759,#835,#15,.T.);
#1060=EDGE_CURVE('',#771,#845,#16,.T.);
#1061=EDGE_CURVE('',#838,#844,#530,.T.);
#1062=EDGE_CURVE('',#846,#847,#88,.F.);
#1063=EDGE_CURVE('',#848,#846,#89,.F.);
#1064=EDGE_CURVE('',#847,#848,#90,.F.);
#1065=EDGE_CURVE('',#839,#848,#531,.T.);
#1066=EDGE_CURVE('',#730,#846,#17,.F.);
#1067=EDGE_CURVE('',#748,#841,#18,.T.);
#1068=EDGE_CURVE('',#844,#847,#532,.T.);
#1069=EDGE_CURVE('',#848,#843,#533,.T.);
#1070=EDGE_CURVE('',#847,#842,#534,.T.);
#1071=EDGE_CURVE('',#842,#838,#535,.T.);
#1072=EDGE_CURVE('',#834,#840,#536,.T.);
#1073=EDGE_CURVE('',#840,#836,#537,.T.);
#1074=EDGE_CURVE('',#837,#839,#538,.T.);
#1075=EDGE_CURVE('',#836,#833,#539,.T.);
#1076=EDGE_CURVE('',#833,#834,#540,.T.);
#1077=EDGE_CURVE('',#832,#849,#91,.F.);
#1078=EDGE_CURVE('',#849,#831,#92,.F.);
#1079=EDGE_CURVE('',#774,#850,#93,.F.);
#1080=EDGE_CURVE('',#850,#773,#94,.F.);
#1081=EDGE_CURVE('',#830,#851,#95,.F.);
#1082=EDGE_CURVE('',#851,#829,#96,.F.);
#1083=EDGE_CURVE('',#852,#853,#97,.F.);
#1084=EDGE_CURVE('',#854,#852,#98,.F.);
#1085=EDGE_CURVE('',#853,#854,#99,.F.);
#1086=EDGE_CURVE('',#776,#855,#100,.F.);
#1087=EDGE_CURVE('',#855,#775,#101,.F.);
#1088=EDGE_CURVE('',#850,#855,#541,.T.);
#1089=EDGE_CURVE('',#856,#857,#102,.F.);
#1090=EDGE_CURVE('',#858,#856,#103,.F.);
#1091=EDGE_CURVE('',#857,#858,#104,.F.);
#1092=EDGE_CURVE('',#746,#856,#19,.F.);
#1093=EDGE_CURVE('',#732,#854,#20,.T.);
#1094=EDGE_CURVE('',#852,#858,#542,.T.);
#1095=EDGE_CURVE('',#859,#860,#105,.F.);
#1096=EDGE_CURVE('',#861,#859,#106,.F.);
#1097=EDGE_CURVE('',#860,#861,#107,.F.);
#1098=EDGE_CURVE('',#862,#863,#108,.F.);
#1099=EDGE_CURVE('',#864,#862,#109,.F.);
#1100=EDGE_CURVE('',#863,#864,#110,.F.);
#1101=EDGE_CURVE('',#812,#859,#21,.T.);
#1102=EDGE_CURVE('',#810,#864,#22,.T.);
#1103=EDGE_CURVE('',#862,#861,#543,.T.);
#1104=EDGE_CURVE('',#855,#863,#544,.T.);
#1105=EDGE_CURVE('',#863,#857,#545,.T.);
#1106=EDGE_CURVE('',#858,#862,#546,.T.);
#1107=EDGE_CURVE('',#853,#860,#547,.T.);
#1108=EDGE_CURVE('',#861,#852,#548,.T.);
#1109=EDGE_CURVE('',#860,#851,#549,.T.);
#1110=EDGE_CURVE('',#857,#850,#550,.T.);
#1111=EDGE_CURVE('',#849,#853,#551,.T.);
#1112=EDGE_CURVE('',#851,#849,#552,.T.);
#1113=EDGE_CURVE('',#865,#866,#111,.F.);
#1114=EDGE_CURVE('',#867,#865,#112,.F.);
#1115=EDGE_CURVE('',#866,#867,#113,.F.);
#1116=EDGE_CURVE('',#868,#869,#114,.F.);
#1117=EDGE_CURVE('',#870,#868,#115,.F.);
#1118=EDGE_CURVE('',#869,#870,#116,.F.);
#1119=EDGE_CURVE('',#784,#871,#117,.F.);
#1120=EDGE_CURVE('',#871,#783,#118,.F.);
#1121=EDGE_CURVE('',#872,#873,#119,.F.);
#1122=EDGE_CURVE('',#874,#872,#120,.F.);
#1123=EDGE_CURVE('',#873,#874,#121,.F.);
#1124=EDGE_CURVE('',#865,#874,#553,.T.);
#1125=EDGE_CURVE('',#738,#872,#23,.F.);
#1126=EDGE_CURVE('',#796,#867,#24,.T.);
#1127=EDGE_CURVE('',#782,#875,#122,.F.);
#1128=EDGE_CURVE('',#875,#781,#123,.F.);
#1129=EDGE_CURVE('',#876,#877,#124,.F.);
#1130=EDGE_CURVE('',#878,#876,#125,.F.);
#1131=EDGE_CURVE('',#877,#878,#126,.F.);
#1132=EDGE_CURVE('',#805,#868,#25,.T.);
#1133=EDGE_CURVE('',#815,#878,#26,.T.);
#1134=EDGE_CURVE('',#876,#870,#554,.T.);
#1135=EDGE_CURVE('',#826,#879,#127,.F.);
#1136=EDGE_CURVE('',#879,#825,#128,.F.);
#1137=EDGE_CURVE('',#873,#879,#555,.T.);
#1138=EDGE_CURVE('',#828,#880,#129,.F.);
#1139=EDGE_CURVE('',#880,#827,#130,.F.);
#1140=EDGE_CURVE('',#879,#880,#556,.T.);
#1141=EDGE_CURVE('',#880,#877,#557,.T.);
#1142=EDGE_CURVE('',#877,#873,#558,.T.);
#1143=EDGE_CURVE('',#874,#876,#559,.T.);
#1144=EDGE_CURVE('',#869,#875,#560,.T.);
#1145=EDGE_CURVE('',#875,#871,#561,.T.);
#1146=EDGE_CURVE('',#871,#866,#562,.T.);
#1147=EDGE_CURVE('',#866,#869,#563,.T.);
#1148=EDGE_CURVE('',#870,#865,#564,.T.);
#1149=EDGE_CURVE('',#881,#882,#131,.F.);
#1150=EDGE_CURVE('',#883,#881,#132,.F.);
#1151=EDGE_CURVE('',#882,#883,#133,.F.);
#1152=EDGE_CURVE('',#884,#885,#134,.F.);
#1153=EDGE_CURVE('',#886,#884,#135,.F.);
#1154=EDGE_CURVE('',#885,#886,#136,.F.);
#1155=EDGE_CURVE('',#790,#887,#137,.F.);
#1156=EDGE_CURVE('',#887,#789,#138,.F.);
#1157=EDGE_CURVE('',#888,#889,#139,.F.);
#1158=EDGE_CURVE('',#890,#888,#140,.F.);
#1159=EDGE_CURVE('',#889,#890,#141,.F.);
#1160=EDGE_CURVE('',#881,#890,#565,.T.);
#1161=EDGE_CURVE('',#768,#888,#27,.T.);
#1162=EDGE_CURVE('',#765,#883,#28,.T.);
#1163=EDGE_CURVE('',#788,#891,#142,.F.);
#1164=EDGE_CURVE('',#891,#787,#143,.F.);
#1165=EDGE_CURVE('',#892,#893,#144,.F.);
#1166=EDGE_CURVE('',#894,#892,#145,.F.);
#1167=EDGE_CURVE('',#893,#894,#146,.F.);
#1168=EDGE_CURVE('',#795,#884,#29,.F.);
#1169=EDGE_CURVE('',#740,#894,#30,.T.);
#1170=EDGE_CURVE('',#892,#886,#566,.T.);
#1171=EDGE_CURVE('',#822,#895,#147,.F.);
#1172=EDGE_CURVE('',#895,#821,#148,.F.);
#1173=EDGE_CURVE('',#889,#895,#567,.T.);
#1174=EDGE_CURVE('',#824,#896,#149,.F.);
#1175=EDGE_CURVE('',#896,#823,#150,.F.);
#1176=EDGE_CURVE('',#895,#896,#568,.T.);
#1177=EDGE_CURVE('',#896,#893,#569,.T.);
#1178=EDGE_CURVE('',#893,#889,#570,.T.);
#1179=EDGE_CURVE('',#890,#892,#571,.T.);
#1180=EDGE_CURVE('',#885,#891,#572,.T.);
#1181=EDGE_CURVE('',#891,#887,#573,.T.);
#1182=EDGE_CURVE('',#887,#882,#574,.T.);
#1183=EDGE_CURVE('',#882,#885,#575,.T.);
#1184=EDGE_CURVE('',#886,#881,#576,.T.);
#1185=ORIENTED_EDGE('',*,*,#897,.F.);
#1186=ORIENTED_EDGE('',*,*,#898,.T.);
#1187=ORIENTED_EDGE('',*,*,#899,.T.);
#1188=ORIENTED_EDGE('',*,*,#900,.F.);
#1189=ORIENTED_EDGE('',*,*,#901,.T.);
#1190=ORIENTED_EDGE('',*,*,#902,.T.);
#1191=ORIENTED_EDGE('',*,*,#901,.F.);
#1192=ORIENTED_EDGE('',*,*,#903,.F.);
#1193=ORIENTED_EDGE('',*,*,#904,.F.);
#1194=ORIENTED_EDGE('',*,*,#905,.F.);
#1195=ORIENTED_EDGE('',*,*,#906,.F.);
#1196=ORIENTED_EDGE('',*,*,#907,.T.);
#1197=ORIENTED_EDGE('',*,*,#908,.T.);
#1198=ORIENTED_EDGE('',*,*,#909,.F.);
#1199=ORIENTED_EDGE('',*,*,#910,.T.);
#1200=ORIENTED_EDGE('',*,*,#911,.T.);
#1201=ORIENTED_EDGE('',*,*,#910,.F.);
#1202=ORIENTED_EDGE('',*,*,#912,.F.);
#1203=ORIENTED_EDGE('',*,*,#913,.F.);
#1204=ORIENTED_EDGE('',*,*,#914,.F.);
#1205=ORIENTED_EDGE('',*,*,#915,.F.);
#1206=ORIENTED_EDGE('',*,*,#916,.T.);
#1207=ORIENTED_EDGE('',*,*,#917,.T.);
#1208=ORIENTED_EDGE('',*,*,#918,.F.);
#1209=ORIENTED_EDGE('',*,*,#904,.T.);
#1210=ORIENTED_EDGE('',*,*,#919,.T.);
#1211=ORIENTED_EDGE('',*,*,#920,.F.);
#1212=ORIENTED_EDGE('',*,*,#921,.F.);
#1213=ORIENTED_EDGE('',*,*,#922,.F.);
#1214=ORIENTED_EDGE('',*,*,#923,.F.);
#1215=ORIENTED_EDGE('',*,*,#924,.F.);
#1216=ORIENTED_EDGE('',*,*,#925,.F.);
#1217=ORIENTED_EDGE('',*,*,#926,.F.);
#1218=ORIENTED_EDGE('',*,*,#927,.F.);
#1219=ORIENTED_EDGE('',*,*,#928,.F.);
#1220=ORIENTED_EDGE('',*,*,#921,.T.);
#1221=ORIENTED_EDGE('',*,*,#929,.T.);
#1222=ORIENTED_EDGE('',*,*,#927,.T.);
#1223=ORIENTED_EDGE('',*,*,#930,.T.);
#1224=ORIENTED_EDGE('',*,*,#931,.F.);
#1225=ORIENTED_EDGE('',*,*,#932,.T.);
#1226=ORIENTED_EDGE('',*,*,#928,.T.);
#1227=ORIENTED_EDGE('',*,*,#933,.T.);
#1228=ORIENTED_EDGE('',*,*,#934,.T.);
#1229=ORIENTED_EDGE('',*,*,#935,.F.);
#1230=ORIENTED_EDGE('',*,*,#936,.F.);
#1231=ORIENTED_EDGE('',*,*,#937,.F.);
#1232=ORIENTED_EDGE('',*,*,#936,.T.);
#1233=ORIENTED_EDGE('',*,*,#938,.T.);
#1234=ORIENTED_EDGE('',*,*,#924,.T.);
#1235=ORIENTED_EDGE('',*,*,#939,.T.);
#1236=ORIENTED_EDGE('',*,*,#926,.T.);
#1237=ORIENTED_EDGE('',*,*,#940,.T.);
#1238=ORIENTED_EDGE('',*,*,#937,.T.);
#1239=ORIENTED_EDGE('',*,*,#941,.T.);
#1240=ORIENTED_EDGE('',*,*,#942,.F.);
#1241=ORIENTED_EDGE('',*,*,#943,.T.);
#1242=ORIENTED_EDGE('',*,*,#935,.T.);
#1243=ORIENTED_EDGE('',*,*,#944,.T.);
#1244=ORIENTED_EDGE('',*,*,#945,.T.);
#1245=ORIENTED_EDGE('',*,*,#946,.F.);
#1246=ORIENTED_EDGE('',*,*,#947,.T.);
#1247=ORIENTED_EDGE('',*,*,#925,.T.);
#1248=ORIENTED_EDGE('',*,*,#948,.T.);
#1249=ORIENTED_EDGE('',*,*,#949,.T.);
#1250=ORIENTED_EDGE('',*,*,#923,.T.);
#1251=ORIENTED_EDGE('',*,*,#950,.T.);
#1252=ORIENTED_EDGE('',*,*,#922,.T.);
#1253=ORIENTED_EDGE('',*,*,#951,.T.);
#1254=ORIENTED_EDGE('',*,*,#952,.F.);
#1255=ORIENTED_EDGE('',*,*,#953,.T.);
#1256=ORIENTED_EDGE('',*,*,#920,.T.);
#1257=ORIENTED_EDGE('',*,*,#954,.T.);
#1258=ORIENTED_EDGE('',*,*,#955,.T.);
#1259=ORIENTED_EDGE('',*,*,#916,.F.);
#1260=ORIENTED_EDGE('',*,*,#956,.F.);
#1261=ORIENTED_EDGE('',*,*,#957,.T.);
#1262=ORIENTED_EDGE('',*,*,#958,.F.);
#1263=ORIENTED_EDGE('',*,*,#959,.T.);
#1264=ORIENTED_EDGE('',*,*,#960,.F.);
#1265=ORIENTED_EDGE('',*,*,#961,.F.);
#1266=ORIENTED_EDGE('',*,*,#962,.F.);
#1267=ORIENTED_EDGE('',*,*,#963,.F.);
#1268=ORIENTED_EDGE('',*,*,#964,.F.);
#1269=ORIENTED_EDGE('',*,*,#965,.T.);
#1270=ORIENTED_EDGE('',*,*,#966,.F.);
#1271=ORIENTED_EDGE('',*,*,#967,.T.);
#1272=ORIENTED_EDGE('',*,*,#968,.F.);
#1273=ORIENTED_EDGE('',*,*,#969,.F.);
#1274=ORIENTED_EDGE('',*,*,#970,.F.);
#1275=ORIENTED_EDGE('',*,*,#971,.T.);
#1276=ORIENTED_EDGE('',*,*,#972,.F.);
#1277=ORIENTED_EDGE('',*,*,#973,.T.);
#1278=ORIENTED_EDGE('',*,*,#974,.F.);
#1279=ORIENTED_EDGE('',*,*,#944,.F.);
#1280=ORIENTED_EDGE('',*,*,#940,.F.);
#1281=ORIENTED_EDGE('',*,*,#932,.F.);
#1282=ORIENTED_EDGE('',*,*,#975,.F.);
#1283=ORIENTED_EDGE('',*,*,#976,.T.);
#1284=ORIENTED_EDGE('',*,*,#977,.F.);
#1285=ORIENTED_EDGE('',*,*,#978,.T.);
#1286=ORIENTED_EDGE('',*,*,#979,.F.);
#1287=ORIENTED_EDGE('',*,*,#933,.F.);
#1288=ORIENTED_EDGE('',*,*,#929,.F.);
#1289=ORIENTED_EDGE('',*,*,#953,.F.);
#1290=ORIENTED_EDGE('',*,*,#980,.F.);
#1291=ORIENTED_EDGE('',*,*,#939,.F.);
#1292=ORIENTED_EDGE('',*,*,#951,.F.);
#1293=ORIENTED_EDGE('',*,*,#930,.F.);
#1294=ORIENTED_EDGE('',*,*,#941,.F.);
#1295=ORIENTED_EDGE('',*,*,#981,.F.);
#1296=ORIENTED_EDGE('',*,*,#969,.T.);
#1297=ORIENTED_EDGE('',*,*,#982,.T.);
#1298=ORIENTED_EDGE('',*,*,#983,.F.);
#1299=ORIENTED_EDGE('',*,*,#913,.T.);
#1300=ORIENTED_EDGE('',*,*,#984,.T.);
#1301=ORIENTED_EDGE('',*,*,#985,.F.);
#1302=ORIENTED_EDGE('',*,*,#986,.F.);
#1303=ORIENTED_EDGE('',*,*,#987,.F.);
#1304=ORIENTED_EDGE('',*,*,#988,.F.);
#1305=ORIENTED_EDGE('',*,*,#989,.F.);
#1306=ORIENTED_EDGE('',*,*,#990,.F.);
#1307=ORIENTED_EDGE('',*,*,#991,.F.);
#1308=ORIENTED_EDGE('',*,*,#992,.F.);
#1309=ORIENTED_EDGE('',*,*,#993,.F.);
#1310=ORIENTED_EDGE('',*,*,#992,.T.);
#1311=ORIENTED_EDGE('',*,*,#994,.T.);
#1312=ORIENTED_EDGE('',*,*,#986,.T.);
#1313=ORIENTED_EDGE('',*,*,#995,.T.);
#1314=ORIENTED_EDGE('',*,*,#996,.F.);
#1315=ORIENTED_EDGE('',*,*,#963,.T.);
#1316=ORIENTED_EDGE('',*,*,#993,.T.);
#1317=ORIENTED_EDGE('',*,*,#997,.T.);
#1318=ORIENTED_EDGE('',*,*,#998,.T.);
#1319=ORIENTED_EDGE('',*,*,#999,.F.);
#1320=ORIENTED_EDGE('',*,*,#1000,.F.);
#1321=ORIENTED_EDGE('',*,*,#1001,.F.);
#1322=ORIENTED_EDGE('',*,*,#1000,.T.);
#1323=ORIENTED_EDGE('',*,*,#1002,.T.);
#1324=ORIENTED_EDGE('',*,*,#989,.T.);
#1325=ORIENTED_EDGE('',*,*,#1003,.T.);
#1326=ORIENTED_EDGE('',*,*,#991,.T.);
#1327=ORIENTED_EDGE('',*,*,#962,.T.);
#1328=ORIENTED_EDGE('',*,*,#1001,.T.);
#1329=ORIENTED_EDGE('',*,*,#1004,.T.);
#1330=ORIENTED_EDGE('',*,*,#1005,.F.);
#1331=ORIENTED_EDGE('',*,*,#1006,.T.);
#1332=ORIENTED_EDGE('',*,*,#999,.T.);
#1333=ORIENTED_EDGE('',*,*,#961,.T.);
#1334=ORIENTED_EDGE('',*,*,#1007,.T.);
#1335=ORIENTED_EDGE('',*,*,#1008,.F.);
#1336=ORIENTED_EDGE('',*,*,#1009,.T.);
#1337=ORIENTED_EDGE('',*,*,#990,.T.);
#1338=ORIENTED_EDGE('',*,*,#1010,.T.);
#1339=ORIENTED_EDGE('',*,*,#1011,.T.);
#1340=ORIENTED_EDGE('',*,*,#988,.T.);
#1341=ORIENTED_EDGE('',*,*,#1012,.T.);
#1342=ORIENTED_EDGE('',*,*,#987,.T.);
#1343=ORIENTED_EDGE('',*,*,#1013,.T.);
#1344=ORIENTED_EDGE('',*,*,#1014,.F.);
#1345=ORIENTED_EDGE('',*,*,#1015,.T.);
#1346=ORIENTED_EDGE('',*,*,#985,.T.);
#1347=ORIENTED_EDGE('',*,*,#1016,.T.);
#1348=ORIENTED_EDGE('',*,*,#1017,.T.);
#1349=ORIENTED_EDGE('',*,*,#997,.F.);
#1350=ORIENTED_EDGE('',*,*,#995,.F.);
#1351=ORIENTED_EDGE('',*,*,#1015,.F.);
#1352=ORIENTED_EDGE('',*,*,#1018,.F.);
#1353=ORIENTED_EDGE('',*,*,#1003,.F.);
#1354=ORIENTED_EDGE('',*,*,#1013,.F.);
#1355=ORIENTED_EDGE('',*,*,#994,.F.);
#1356=ORIENTED_EDGE('',*,*,#1004,.F.);
#1357=ORIENTED_EDGE('',*,*,#898,.F.);
#1358=ORIENTED_EDGE('',*,*,#1019,.F.);
#1359=ORIENTED_EDGE('',*,*,#1020,.T.);
#1360=ORIENTED_EDGE('',*,*,#1021,.F.);
#1361=ORIENTED_EDGE('',*,*,#1022,.T.);
#1362=ORIENTED_EDGE('',*,*,#1023,.F.);
#1363=ORIENTED_EDGE('',*,*,#954,.F.);
#1364=ORIENTED_EDGE('',*,*,#950,.F.);
#1365=ORIENTED_EDGE('',*,*,#947,.F.);
#1366=ORIENTED_EDGE('',*,*,#1024,.F.);
#1367=ORIENTED_EDGE('',*,*,#1025,.T.);
#1368=ORIENTED_EDGE('',*,*,#1026,.F.);
#1369=ORIENTED_EDGE('',*,*,#1027,.T.);
#1370=ORIENTED_EDGE('',*,*,#1028,.F.);
#1371=ORIENTED_EDGE('',*,*,#907,.F.);
#1372=ORIENTED_EDGE('',*,*,#1029,.F.);
#1373=ORIENTED_EDGE('',*,*,#1030,.T.);
#1374=ORIENTED_EDGE('',*,*,#1031,.F.);
#1375=ORIENTED_EDGE('',*,*,#1032,.T.);
#1376=ORIENTED_EDGE('',*,*,#1033,.F.);
#1377=ORIENTED_EDGE('',*,*,#1016,.F.);
#1378=ORIENTED_EDGE('',*,*,#1012,.F.);
#1379=ORIENTED_EDGE('',*,*,#1009,.F.);
#1380=ORIENTED_EDGE('',*,*,#1034,.F.);
#1381=ORIENTED_EDGE('',*,*,#1035,.T.);
#1382=ORIENTED_EDGE('',*,*,#1036,.F.);
#1383=ORIENTED_EDGE('',*,*,#1037,.T.);
#1384=ORIENTED_EDGE('',*,*,#1038,.F.);
#1385=ORIENTED_EDGE('',*,*,#1006,.F.);
#1386=ORIENTED_EDGE('',*,*,#1039,.F.);
#1387=ORIENTED_EDGE('',*,*,#1010,.F.);
#1388=ORIENTED_EDGE('',*,*,#1002,.F.);
#1389=ORIENTED_EDGE('',*,*,#943,.F.);
#1390=ORIENTED_EDGE('',*,*,#1040,.F.);
#1391=ORIENTED_EDGE('',*,*,#948,.F.);
#1392=ORIENTED_EDGE('',*,*,#938,.F.);
#1393=ORIENTED_EDGE('',*,*,#1041,.F.);
#1394=ORIENTED_EDGE('',*,*,#976,.F.);
#1395=ORIENTED_EDGE('',*,*,#1042,.F.);
#1396=ORIENTED_EDGE('',*,*,#1043,.F.);
#1397=ORIENTED_EDGE('',*,*,#978,.F.);
#1398=ORIENTED_EDGE('',*,*,#1044,.F.);
#1399=ORIENTED_EDGE('',*,*,#1045,.F.);
#1400=ORIENTED_EDGE('',*,*,#1046,.F.);
#1401=ORIENTED_EDGE('',*,*,#1047,.F.);
#1402=ORIENTED_EDGE('',*,*,#1048,.F.);
#1403=ORIENTED_EDGE('',*,*,#1022,.F.);
#1404=ORIENTED_EDGE('',*,*,#1049,.F.);
#1405=ORIENTED_EDGE('',*,*,#1050,.F.);
#1406=ORIENTED_EDGE('',*,*,#1051,.F.);
#1407=ORIENTED_EDGE('',*,*,#1052,.F.);
#1408=ORIENTED_EDGE('',*,*,#1053,.F.);
#1409=ORIENTED_EDGE('',*,*,#1020,.F.);
#1410=ORIENTED_EDGE('',*,*,#1054,.F.);
#1411=ORIENTED_EDGE('',*,*,#1055,.F.);
#1412=ORIENTED_EDGE('',*,*,#1056,.F.);
#1413=ORIENTED_EDGE('',*,*,#1057,.F.);
#1414=ORIENTED_EDGE('',*,*,#1056,.T.);
#1415=ORIENTED_EDGE('',*,*,#1058,.T.);
#1416=ORIENTED_EDGE('',*,*,#1046,.T.);
#1417=ORIENTED_EDGE('',*,*,#1059,.F.);
#1418=ORIENTED_EDGE('',*,*,#934,.F.);
#1419=ORIENTED_EDGE('',*,*,#980,.T.);
#1420=ORIENTED_EDGE('',*,*,#952,.T.);
#1421=ORIENTED_EDGE('',*,*,#1060,.T.);
#1422=ORIENTED_EDGE('',*,*,#1048,.T.);
#1423=ORIENTED_EDGE('',*,*,#1061,.T.);
#1424=ORIENTED_EDGE('',*,*,#1057,.T.);
#1425=ORIENTED_EDGE('',*,*,#1060,.F.);
#1426=ORIENTED_EDGE('',*,*,#955,.F.);
#1427=ORIENTED_EDGE('',*,*,#1023,.T.);
#1428=ORIENTED_EDGE('',*,*,#1062,.F.);
#1429=ORIENTED_EDGE('',*,*,#1063,.F.);
#1430=ORIENTED_EDGE('',*,*,#1064,.F.);
#1431=ORIENTED_EDGE('',*,*,#1051,.T.);
#1432=ORIENTED_EDGE('',*,*,#1065,.T.);
#1433=ORIENTED_EDGE('',*,*,#1063,.T.);
#1434=ORIENTED_EDGE('',*,*,#1066,.F.);
#1435=ORIENTED_EDGE('',*,*,#902,.F.);
#1436=ORIENTED_EDGE('',*,*,#905,.T.);
#1437=ORIENTED_EDGE('',*,*,#918,.T.);
#1438=ORIENTED_EDGE('',*,*,#1067,.T.);
#1439=ORIENTED_EDGE('',*,*,#1055,.T.);
#1440=ORIENTED_EDGE('',*,*,#1068,.T.);
#1441=ORIENTED_EDGE('',*,*,#1064,.T.);
#1442=ORIENTED_EDGE('',*,*,#1069,.T.);
#1443=ORIENTED_EDGE('',*,*,#1062,.T.);
#1444=ORIENTED_EDGE('',*,*,#1070,.T.);
#1445=ORIENTED_EDGE('',*,*,#1054,.T.);
#1446=ORIENTED_EDGE('',*,*,#1019,.T.);
#1447=ORIENTED_EDGE('',*,*,#897,.T.);
#1448=ORIENTED_EDGE('',*,*,#1066,.T.);
#1449=ORIENTED_EDGE('',*,*,#1053,.T.);
#1450=ORIENTED_EDGE('',*,*,#1071,.T.);
#1451=ORIENTED_EDGE('',*,*,#1049,.T.);
#1452=ORIENTED_EDGE('',*,*,#1021,.T.);
#1453=ORIENTED_EDGE('',*,*,#1043,.T.);
#1454=ORIENTED_EDGE('',*,*,#1072,.T.);
#1455=ORIENTED_EDGE('',*,*,#1052,.T.);
#1456=ORIENTED_EDGE('',*,*,#1067,.F.);
#1457=ORIENTED_EDGE('',*,*,#917,.F.);
#1458=ORIENTED_EDGE('',*,*,#979,.T.);
#1459=ORIENTED_EDGE('',*,*,#1050,.T.);
#1460=ORIENTED_EDGE('',*,*,#1073,.T.);
#1461=ORIENTED_EDGE('',*,*,#1047,.T.);
#1462=ORIENTED_EDGE('',*,*,#1074,.T.);
#1463=ORIENTED_EDGE('',*,*,#1045,.T.);
#1464=ORIENTED_EDGE('',*,*,#1075,.T.);
#1465=ORIENTED_EDGE('',*,*,#1042,.T.);
#1466=ORIENTED_EDGE('',*,*,#975,.T.);
#1467=ORIENTED_EDGE('',*,*,#931,.T.);
#1468=ORIENTED_EDGE('',*,*,#1059,.T.);
#1469=ORIENTED_EDGE('',*,*,#1041,.T.);
#1470=ORIENTED_EDGE('',*,*,#1076,.T.);
#1471=ORIENTED_EDGE('',*,*,#1044,.T.);
#1472=ORIENTED_EDGE('',*,*,#977,.T.);
#1473=ORIENTED_EDGE('',*,*,#1061,.F.);
#1474=ORIENTED_EDGE('',*,*,#1071,.F.);
#1475=ORIENTED_EDGE('',*,*,#1070,.F.);
#1476=ORIENTED_EDGE('',*,*,#1068,.F.);
#1477=ORIENTED_EDGE('',*,*,#1065,.F.);
#1478=ORIENTED_EDGE('',*,*,#1074,.F.);
#1479=ORIENTED_EDGE('',*,*,#1058,.F.);
#1480=ORIENTED_EDGE('',*,*,#1069,.F.);
#1481=ORIENTED_EDGE('',*,*,#1072,.F.);
#1482=ORIENTED_EDGE('',*,*,#1076,.F.);
#1483=ORIENTED_EDGE('',*,*,#1075,.F.);
#1484=ORIENTED_EDGE('',*,*,#1073,.F.);
#1485=ORIENTED_EDGE('',*,*,#1077,.F.);
#1486=ORIENTED_EDGE('',*,*,#1037,.F.);
#1487=ORIENTED_EDGE('',*,*,#1078,.F.);
#1488=ORIENTED_EDGE('',*,*,#1079,.F.);
#1489=ORIENTED_EDGE('',*,*,#957,.F.);
#1490=ORIENTED_EDGE('',*,*,#1080,.F.);
#1491=ORIENTED_EDGE('',*,*,#1081,.F.);
#1492=ORIENTED_EDGE('',*,*,#1035,.F.);
#1493=ORIENTED_EDGE('',*,*,#1082,.F.);
#1494=ORIENTED_EDGE('',*,*,#1083,.F.);
#1495=ORIENTED_EDGE('',*,*,#1084,.F.);
#1496=ORIENTED_EDGE('',*,*,#1085,.F.);
#1497=ORIENTED_EDGE('',*,*,#1086,.F.);
#1498=ORIENTED_EDGE('',*,*,#959,.F.);
#1499=ORIENTED_EDGE('',*,*,#1087,.F.);
#1500=ORIENTED_EDGE('',*,*,#1079,.T.);
#1501=ORIENTED_EDGE('',*,*,#1088,.T.);
#1502=ORIENTED_EDGE('',*,*,#1087,.T.);
#1503=ORIENTED_EDGE('',*,*,#958,.T.);
#1504=ORIENTED_EDGE('',*,*,#1089,.F.);
#1505=ORIENTED_EDGE('',*,*,#1090,.F.);
#1506=ORIENTED_EDGE('',*,*,#1091,.F.);
#1507=ORIENTED_EDGE('',*,*,#1090,.T.);
#1508=ORIENTED_EDGE('',*,*,#1092,.F.);
#1509=ORIENTED_EDGE('',*,*,#919,.F.);
#1510=ORIENTED_EDGE('',*,*,#903,.T.);
#1511=ORIENTED_EDGE('',*,*,#900,.T.);
#1512=ORIENTED_EDGE('',*,*,#1093,.T.);
#1513=ORIENTED_EDGE('',*,*,#1084,.T.);
#1514=ORIENTED_EDGE('',*,*,#1094,.T.);
#1515=ORIENTED_EDGE('',*,*,#1095,.F.);
#1516=ORIENTED_EDGE('',*,*,#1096,.F.);
#1517=ORIENTED_EDGE('',*,*,#1097,.F.);
#1518=ORIENTED_EDGE('',*,*,#1098,.F.);
#1519=ORIENTED_EDGE('',*,*,#1099,.F.);
#1520=ORIENTED_EDGE('',*,*,#1100,.F.);
#1521=ORIENTED_EDGE('',*,*,#1096,.T.);
#1522=ORIENTED_EDGE('',*,*,#1101,.F.);
#1523=ORIENTED_EDGE('',*,*,#1011,.F.);
#1524=ORIENTED_EDGE('',*,*,#1039,.T.);
#1525=ORIENTED_EDGE('',*,*,#1005,.T.);
#1526=ORIENTED_EDGE('',*,*,#1102,.T.);
#1527=ORIENTED_EDGE('',*,*,#1099,.T.);
#1528=ORIENTED_EDGE('',*,*,#1103,.T.);
#1529=ORIENTED_EDGE('',*,*,#1086,.T.);
#1530=ORIENTED_EDGE('',*,*,#1104,.T.);
#1531=ORIENTED_EDGE('',*,*,#1100,.T.);
#1532=ORIENTED_EDGE('',*,*,#1102,.F.);
#1533=ORIENTED_EDGE('',*,*,#1007,.F.);
#1534=ORIENTED_EDGE('',*,*,#960,.T.);
#1535=ORIENTED_EDGE('',*,*,#1098,.T.);
#1536=ORIENTED_EDGE('',*,*,#1105,.T.);
#1537=ORIENTED_EDGE('',*,*,#1091,.T.);
#1538=ORIENTED_EDGE('',*,*,#1106,.T.);
#1539=ORIENTED_EDGE('',*,*,#1083,.T.);
#1540=ORIENTED_EDGE('',*,*,#1107,.T.);
#1541=ORIENTED_EDGE('',*,*,#1097,.T.);
#1542=ORIENTED_EDGE('',*,*,#1108,.T.);
#1543=ORIENTED_EDGE('',*,*,#1095,.T.);
#1544=ORIENTED_EDGE('',*,*,#1109,.T.);
#1545=ORIENTED_EDGE('',*,*,#1082,.T.);
#1546=ORIENTED_EDGE('',*,*,#1034,.T.);
#1547=ORIENTED_EDGE('',*,*,#1008,.T.);
#1548=ORIENTED_EDGE('',*,*,#1101,.T.);
#1549=ORIENTED_EDGE('',*,*,#1089,.T.);
#1550=ORIENTED_EDGE('',*,*,#1110,.T.);
#1551=ORIENTED_EDGE('',*,*,#1080,.T.);
#1552=ORIENTED_EDGE('',*,*,#956,.T.);
#1553=ORIENTED_EDGE('',*,*,#915,.T.);
#1554=ORIENTED_EDGE('',*,*,#1092,.T.);
#1555=ORIENTED_EDGE('',*,*,#1077,.T.);
#1556=ORIENTED_EDGE('',*,*,#1111,.T.);
#1557=ORIENTED_EDGE('',*,*,#1085,.T.);
#1558=ORIENTED_EDGE('',*,*,#1093,.F.);
#1559=ORIENTED_EDGE('',*,*,#899,.F.);
#1560=ORIENTED_EDGE('',*,*,#1038,.T.);
#1561=ORIENTED_EDGE('',*,*,#1081,.T.);
#1562=ORIENTED_EDGE('',*,*,#1112,.T.);
#1563=ORIENTED_EDGE('',*,*,#1078,.T.);
#1564=ORIENTED_EDGE('',*,*,#1036,.T.);
#1565=ORIENTED_EDGE('',*,*,#1088,.F.);
#1566=ORIENTED_EDGE('',*,*,#1110,.F.);
#1567=ORIENTED_EDGE('',*,*,#1105,.F.);
#1568=ORIENTED_EDGE('',*,*,#1104,.F.);
#1569=ORIENTED_EDGE('',*,*,#1103,.F.);
#1570=ORIENTED_EDGE('',*,*,#1106,.F.);
#1571=ORIENTED_EDGE('',*,*,#1094,.F.);
#1572=ORIENTED_EDGE('',*,*,#1108,.F.);
#1573=ORIENTED_EDGE('',*,*,#1107,.F.);
#1574=ORIENTED_EDGE('',*,*,#1111,.F.);
#1575=ORIENTED_EDGE('',*,*,#1112,.F.);
#1576=ORIENTED_EDGE('',*,*,#1109,.F.);
#1577=ORIENTED_EDGE('',*,*,#1113,.F.);
#1578=ORIENTED_EDGE('',*,*,#1114,.F.);
#1579=ORIENTED_EDGE('',*,*,#1115,.F.);
#1580=ORIENTED_EDGE('',*,*,#1116,.F.);
#1581=ORIENTED_EDGE('',*,*,#1117,.F.);
#1582=ORIENTED_EDGE('',*,*,#1118,.F.);
#1583=ORIENTED_EDGE('',*,*,#1119,.F.);
#1584=ORIENTED_EDGE('',*,*,#967,.F.);
#1585=ORIENTED_EDGE('',*,*,#1120,.F.);
#1586=ORIENTED_EDGE('',*,*,#1121,.F.);
#1587=ORIENTED_EDGE('',*,*,#1122,.F.);
#1588=ORIENTED_EDGE('',*,*,#1123,.F.);
#1589=ORIENTED_EDGE('',*,*,#1114,.T.);
#1590=ORIENTED_EDGE('',*,*,#1124,.T.);
#1591=ORIENTED_EDGE('',*,*,#1122,.T.);
#1592=ORIENTED_EDGE('',*,*,#1125,.F.);
#1593=ORIENTED_EDGE('',*,*,#911,.F.);
#1594=ORIENTED_EDGE('',*,*,#914,.T.);
#1595=ORIENTED_EDGE('',*,*,#983,.T.);
#1596=ORIENTED_EDGE('',*,*,#1126,.T.);
#1597=ORIENTED_EDGE('',*,*,#1127,.F.);
#1598=ORIENTED_EDGE('',*,*,#965,.F.);
#1599=ORIENTED_EDGE('',*,*,#1128,.F.);
#1600=ORIENTED_EDGE('',*,*,#1129,.F.);
#1601=ORIENTED_EDGE('',*,*,#1130,.F.);
#1602=ORIENTED_EDGE('',*,*,#1131,.F.);
#1603=ORIENTED_EDGE('',*,*,#1117,.T.);
#1604=ORIENTED_EDGE('',*,*,#1132,.F.);
#1605=ORIENTED_EDGE('',*,*,#998,.F.);
#1606=ORIENTED_EDGE('',*,*,#1018,.T.);
#1607=ORIENTED_EDGE('',*,*,#1014,.T.);
#1608=ORIENTED_EDGE('',*,*,#1133,.T.);
#1609=ORIENTED_EDGE('',*,*,#1130,.T.);
#1610=ORIENTED_EDGE('',*,*,#1134,.T.);
#1611=ORIENTED_EDGE('',*,*,#1135,.F.);
#1612=ORIENTED_EDGE('',*,*,#1030,.F.);
#1613=ORIENTED_EDGE('',*,*,#1136,.F.);
#1614=ORIENTED_EDGE('',*,*,#1121,.T.);
#1615=ORIENTED_EDGE('',*,*,#1137,.T.);
#1616=ORIENTED_EDGE('',*,*,#1136,.T.);
#1617=ORIENTED_EDGE('',*,*,#1029,.T.);
#1618=ORIENTED_EDGE('',*,*,#906,.T.);
#1619=ORIENTED_EDGE('',*,*,#1125,.T.);
#1620=ORIENTED_EDGE('',*,*,#1138,.F.);
#1621=ORIENTED_EDGE('',*,*,#1032,.F.);
#1622=ORIENTED_EDGE('',*,*,#1139,.F.);
#1623=ORIENTED_EDGE('',*,*,#1135,.T.);
#1624=ORIENTED_EDGE('',*,*,#1140,.T.);
#1625=ORIENTED_EDGE('',*,*,#1139,.T.);
#1626=ORIENTED_EDGE('',*,*,#1031,.T.);
#1627=ORIENTED_EDGE('',*,*,#1138,.T.);
#1628=ORIENTED_EDGE('',*,*,#1141,.T.);
#1629=ORIENTED_EDGE('',*,*,#1131,.T.);
#1630=ORIENTED_EDGE('',*,*,#1133,.F.);
#1631=ORIENTED_EDGE('',*,*,#1017,.F.);
#1632=ORIENTED_EDGE('',*,*,#1033,.T.);
#1633=ORIENTED_EDGE('',*,*,#1129,.T.);
#1634=ORIENTED_EDGE('',*,*,#1142,.T.);
#1635=ORIENTED_EDGE('',*,*,#1123,.T.);
#1636=ORIENTED_EDGE('',*,*,#1143,.T.);
#1637=ORIENTED_EDGE('',*,*,#1116,.T.);
#1638=ORIENTED_EDGE('',*,*,#1144,.T.);
#1639=ORIENTED_EDGE('',*,*,#1128,.T.);
#1640=ORIENTED_EDGE('',*,*,#964,.T.);
#1641=ORIENTED_EDGE('',*,*,#996,.T.);
#1642=ORIENTED_EDGE('',*,*,#1132,.T.);
#1643=ORIENTED_EDGE('',*,*,#1127,.T.);
#1644=ORIENTED_EDGE('',*,*,#1145,.T.);
#1645=ORIENTED_EDGE('',*,*,#1120,.T.);
#1646=ORIENTED_EDGE('',*,*,#966,.T.);
#1647=ORIENTED_EDGE('',*,*,#1119,.T.);
#1648=ORIENTED_EDGE('',*,*,#1146,.T.);
#1649=ORIENTED_EDGE('',*,*,#1115,.T.);
#1650=ORIENTED_EDGE('',*,*,#1126,.F.);
#1651=ORIENTED_EDGE('',*,*,#982,.F.);
#1652=ORIENTED_EDGE('',*,*,#968,.T.);
#1653=ORIENTED_EDGE('',*,*,#1113,.T.);
#1654=ORIENTED_EDGE('',*,*,#1147,.T.);
#1655=ORIENTED_EDGE('',*,*,#1118,.T.);
#1656=ORIENTED_EDGE('',*,*,#1148,.T.);
#1657=ORIENTED_EDGE('',*,*,#1134,.F.);
#1658=ORIENTED_EDGE('',*,*,#1143,.F.);
#1659=ORIENTED_EDGE('',*,*,#1124,.F.);
#1660=ORIENTED_EDGE('',*,*,#1148,.F.);
#1661=ORIENTED_EDGE('',*,*,#1137,.F.);
#1662=ORIENTED_EDGE('',*,*,#1142,.F.);
#1663=ORIENTED_EDGE('',*,*,#1141,.F.);
#1664=ORIENTED_EDGE('',*,*,#1140,.F.);
#1665=ORIENTED_EDGE('',*,*,#1144,.F.);
#1666=ORIENTED_EDGE('',*,*,#1147,.F.);
#1667=ORIENTED_EDGE('',*,*,#1146,.F.);
#1668=ORIENTED_EDGE('',*,*,#1145,.F.);
#1669=ORIENTED_EDGE('',*,*,#1149,.F.);
#1670=ORIENTED_EDGE('',*,*,#1150,.F.);
#1671=ORIENTED_EDGE('',*,*,#1151,.F.);
#1672=ORIENTED_EDGE('',*,*,#1152,.F.);
#1673=ORIENTED_EDGE('',*,*,#1153,.F.);
#1674=ORIENTED_EDGE('',*,*,#1154,.F.);
#1675=ORIENTED_EDGE('',*,*,#1155,.F.);
#1676=ORIENTED_EDGE('',*,*,#973,.F.);
#1677=ORIENTED_EDGE('',*,*,#1156,.F.);
#1678=ORIENTED_EDGE('',*,*,#1157,.F.);
#1679=ORIENTED_EDGE('',*,*,#1158,.F.);
#1680=ORIENTED_EDGE('',*,*,#1159,.F.);
#1681=ORIENTED_EDGE('',*,*,#1150,.T.);
#1682=ORIENTED_EDGE('',*,*,#1160,.T.);
#1683=ORIENTED_EDGE('',*,*,#1158,.T.);
#1684=ORIENTED_EDGE('',*,*,#1161,.F.);
#1685=ORIENTED_EDGE('',*,*,#949,.F.);
#1686=ORIENTED_EDGE('',*,*,#1040,.T.);
#1687=ORIENTED_EDGE('',*,*,#942,.T.);
#1688=ORIENTED_EDGE('',*,*,#1162,.T.);
#1689=ORIENTED_EDGE('',*,*,#1163,.F.);
#1690=ORIENTED_EDGE('',*,*,#971,.F.);
#1691=ORIENTED_EDGE('',*,*,#1164,.F.);
#1692=ORIENTED_EDGE('',*,*,#1165,.F.);
#1693=ORIENTED_EDGE('',*,*,#1166,.F.);
#1694=ORIENTED_EDGE('',*,*,#1167,.F.);
#1695=ORIENTED_EDGE('',*,*,#1153,.T.);
#1696=ORIENTED_EDGE('',*,*,#1168,.F.);
#1697=ORIENTED_EDGE('',*,*,#984,.F.);
#1698=ORIENTED_EDGE('',*,*,#912,.T.);
#1699=ORIENTED_EDGE('',*,*,#909,.T.);
#1700=ORIENTED_EDGE('',*,*,#1169,.T.);
#1701=ORIENTED_EDGE('',*,*,#1166,.T.);
#1702=ORIENTED_EDGE('',*,*,#1170,.T.);
#1703=ORIENTED_EDGE('',*,*,#1171,.F.);
#1704=ORIENTED_EDGE('',*,*,#1025,.F.);
#1705=ORIENTED_EDGE('',*,*,#1172,.F.);
#1706=ORIENTED_EDGE('',*,*,#1157,.T.);
#1707=ORIENTED_EDGE('',*,*,#1173,.T.);
#1708=ORIENTED_EDGE('',*,*,#1172,.T.);
#1709=ORIENTED_EDGE('',*,*,#1024,.T.);
#1710=ORIENTED_EDGE('',*,*,#946,.T.);
#1711=ORIENTED_EDGE('',*,*,#1161,.T.);
#1712=ORIENTED_EDGE('',*,*,#1174,.F.);
#1713=ORIENTED_EDGE('',*,*,#1027,.F.);
#1714=ORIENTED_EDGE('',*,*,#1175,.F.);
#1715=ORIENTED_EDGE('',*,*,#1171,.T.);
#1716=ORIENTED_EDGE('',*,*,#1176,.T.);
#1717=ORIENTED_EDGE('',*,*,#1175,.T.);
#1718=ORIENTED_EDGE('',*,*,#1026,.T.);
#1719=ORIENTED_EDGE('',*,*,#1174,.T.);
#1720=ORIENTED_EDGE('',*,*,#1177,.T.);
#1721=ORIENTED_EDGE('',*,*,#1167,.T.);
#1722=ORIENTED_EDGE('',*,*,#1169,.F.);
#1723=ORIENTED_EDGE('',*,*,#908,.F.);
#1724=ORIENTED_EDGE('',*,*,#1028,.T.);
#1725=ORIENTED_EDGE('',*,*,#1165,.T.);
#1726=ORIENTED_EDGE('',*,*,#1178,.T.);
#1727=ORIENTED_EDGE('',*,*,#1159,.T.);
#1728=ORIENTED_EDGE('',*,*,#1179,.T.);
#1729=ORIENTED_EDGE('',*,*,#1152,.T.);
#1730=ORIENTED_EDGE('',*,*,#1180,.T.);
#1731=ORIENTED_EDGE('',*,*,#1164,.T.);
#1732=ORIENTED_EDGE('',*,*,#970,.T.);
#1733=ORIENTED_EDGE('',*,*,#981,.T.);
#1734=ORIENTED_EDGE('',*,*,#1168,.T.);
#1735=ORIENTED_EDGE('',*,*,#1163,.T.);
#1736=ORIENTED_EDGE('',*,*,#1181,.T.);
#1737=ORIENTED_EDGE('',*,*,#1156,.T.);
#1738=ORIENTED_EDGE('',*,*,#972,.T.);
#1739=ORIENTED_EDGE('',*,*,#1155,.T.);
#1740=ORIENTED_EDGE('',*,*,#1182,.T.);
#1741=ORIENTED_EDGE('',*,*,#1151,.T.);
#1742=ORIENTED_EDGE('',*,*,#1162,.F.);
#1743=ORIENTED_EDGE('',*,*,#945,.F.);
#1744=ORIENTED_EDGE('',*,*,#974,.T.);
#1745=ORIENTED_EDGE('',*,*,#1149,.T.);
#1746=ORIENTED_EDGE('',*,*,#1183,.T.);
#1747=ORIENTED_EDGE('',*,*,#1154,.T.);
#1748=ORIENTED_EDGE('',*,*,#1184,.T.);
#1749=ORIENTED_EDGE('',*,*,#1170,.F.);
#1750=ORIENTED_EDGE('',*,*,#1179,.F.);
#1751=ORIENTED_EDGE('',*,*,#1160,.F.);
#1752=ORIENTED_EDGE('',*,*,#1184,.F.);
#1753=ORIENTED_EDGE('',*,*,#1173,.F.);
#1754=ORIENTED_EDGE('',*,*,#1178,.F.);
#1755=ORIENTED_EDGE('',*,*,#1177,.F.);
#1756=ORIENTED_EDGE('',*,*,#1176,.F.);
#1757=ORIENTED_EDGE('',*,*,#1180,.F.);
#1758=ORIENTED_EDGE('',*,*,#1183,.F.);
#1759=ORIENTED_EDGE('',*,*,#1182,.F.);
#1760=ORIENTED_EDGE('',*,*,#1181,.F.);
#1761=CYLINDRICAL_SURFACE('',#1957,0.02);
#1762=CYLINDRICAL_SURFACE('',#1959,0.02);
#1763=CYLINDRICAL_SURFACE('',#1961,0.02);
#1764=CYLINDRICAL_SURFACE('',#1974,0.02);
#1765=CYLINDRICAL_SURFACE('',#1975,0.02);
#1766=CYLINDRICAL_SURFACE('',#1980,0.02);
#1767=CYLINDRICAL_SURFACE('',#1981,0.02);
#1768=CYLINDRICAL_SURFACE('',#1982,0.02);
#1769=CYLINDRICAL_SURFACE('',#1983,0.02);
#1770=CYLINDRICAL_SURFACE('',#1984,0.02);
#1771=CYLINDRICAL_SURFACE('',#1985,0.02);
#1772=CYLINDRICAL_SURFACE('',#1997,0.02);
#1773=CYLINDRICAL_SURFACE('',#2010,0.02);
#1774=CYLINDRICAL_SURFACE('',#2011,0.02);
#1775=CYLINDRICAL_SURFACE('',#2016,0.02);
#1776=CYLINDRICAL_SURFACE('',#2017,0.02);
#1777=CYLINDRICAL_SURFACE('',#2018,0.02);
#1778=CYLINDRICAL_SURFACE('',#2019,0.02);
#1779=CYLINDRICAL_SURFACE('',#2020,0.02);
#1780=CYLINDRICAL_SURFACE('',#2021,0.02);
#1781=CYLINDRICAL_SURFACE('',#2059,0.02);
#1782=CYLINDRICAL_SURFACE('',#2062,0.02);
#1783=CYLINDRICAL_SURFACE('',#2067,0.02);
#1784=CYLINDRICAL_SURFACE('',#2070,0.02);
#1785=CYLINDRICAL_SURFACE('',#2071,0.02);
#1786=CYLINDRICAL_SURFACE('',#2072,0.02);
#1787=CYLINDRICAL_SURFACE('',#2073,0.02);
#1788=CYLINDRICAL_SURFACE('',#2074,0.02);
#1789=CYLINDRICAL_SURFACE('',#2075,0.02);
#1790=CYLINDRICAL_SURFACE('',#2076,0.02);
#1791=CYLINDRICAL_SURFACE('',#2096,0.02);
#1792=CYLINDRICAL_SURFACE('',#2101,0.02);
#1793=CYLINDRICAL_SURFACE('',#2112,0.02);
#1794=CYLINDRICAL_SURFACE('',#2115,0.02);
#1795=CYLINDRICAL_SURFACE('',#2116,0.02);
#1796=CYLINDRICAL_SURFACE('',#2117,0.02);
#1797=CYLINDRICAL_SURFACE('',#2118,0.02);
#1798=CYLINDRICAL_SURFACE('',#2119,0.02);
#1799=CYLINDRICAL_SURFACE('',#2120,0.02);
#1800=CYLINDRICAL_SURFACE('',#2121,0.02);
#1801=CYLINDRICAL_SURFACE('',#2140,0.02);
#1802=CYLINDRICAL_SURFACE('',#2150,0.02);
#1803=CYLINDRICAL_SURFACE('',#2156,0.02);
#1804=CYLINDRICAL_SURFACE('',#2160,0.02);
#1805=CYLINDRICAL_SURFACE('',#2161,0.02);
#1806=CYLINDRICAL_SURFACE('',#2162,0.02);
#1807=CYLINDRICAL_SURFACE('',#2163,0.02);
#1808=CYLINDRICAL_SURFACE('',#2164,0.02);
#1809=CYLINDRICAL_SURFACE('',#2165,0.02);
#1810=CYLINDRICAL_SURFACE('',#2166,0.02);
#1811=CYLINDRICAL_SURFACE('',#2185,0.02);
#1812=CYLINDRICAL_SURFACE('',#2195,0.02);
#1813=CYLINDRICAL_SURFACE('',#2201,0.02);
#1814=CYLINDRICAL_SURFACE('',#2205,0.02);
#1815=CYLINDRICAL_SURFACE('',#2206,0.02);
#1816=CYLINDRICAL_SURFACE('',#2207,0.02);
#1817=CYLINDRICAL_SURFACE('',#2208,0.02);
#1818=CYLINDRICAL_SURFACE('',#2209,0.02);
#1819=CYLINDRICAL_SURFACE('',#2210,0.02);
#1820=CYLINDRICAL_SURFACE('',#2211,0.02);
#1821=ADVANCED_FACE('',(#213),#1761,.T.);
#1822=ADVANCED_FACE('',(#214),#191,.T.);
#1823=ADVANCED_FACE('',(#215),#1762,.T.);
#1824=ADVANCED_FACE('',(#216),#192,.T.);
#1825=ADVANCED_FACE('',(#217),#1763,.T.);
#1826=ADVANCED_FACE('',(#218),#151,.T.);
#1827=ADVANCED_FACE('',(#219),#152,.T.);
#1828=ADVANCED_FACE('',(#220),#153,.T.);
#1829=ADVANCED_FACE('',(#221),#1764,.T.);
#1830=ADVANCED_FACE('',(#222),#1765,.T.);
#1831=ADVANCED_FACE('',(#223),#154,.T.);
#1832=ADVANCED_FACE('',(#224),#1766,.T.);
#1833=ADVANCED_FACE('',(#225),#1767,.T.);
#1834=ADVANCED_FACE('',(#226),#1768,.T.);
#1835=ADVANCED_FACE('',(#227),#1769,.T.);
#1836=ADVANCED_FACE('',(#228),#1770,.T.);
#1837=ADVANCED_FACE('',(#229),#1771,.T.);
#1838=ADVANCED_FACE('',(#230),#193,.T.);
#1839=ADVANCED_FACE('',(#231),#194,.T.);
#1840=ADVANCED_FACE('',(#232),#195,.T.);
#1841=ADVANCED_FACE('',(#233),#1772,.T.);
#1842=ADVANCED_FACE('',(#234),#155,.T.);
#1843=ADVANCED_FACE('',(#235),#156,.T.);
#1844=ADVANCED_FACE('',(#236),#157,.T.);
#1845=ADVANCED_FACE('',(#237),#1773,.T.);
#1846=ADVANCED_FACE('',(#238),#1774,.T.);
#1847=ADVANCED_FACE('',(#239),#158,.T.);
#1848=ADVANCED_FACE('',(#240),#1775,.T.);
#1849=ADVANCED_FACE('',(#241),#1776,.T.);
#1850=ADVANCED_FACE('',(#242),#1777,.T.);
#1851=ADVANCED_FACE('',(#243),#1778,.T.);
#1852=ADVANCED_FACE('',(#244),#1779,.T.);
#1853=ADVANCED_FACE('',(#245),#1780,.T.);
#1854=ADVANCED_FACE('',(#246),#196,.T.);
#1855=ADVANCED_FACE('',(#247),#197,.T.);
#1856=ADVANCED_FACE('',(#248),#198,.T.);
#1857=ADVANCED_FACE('',(#249),#199,.T.);
#1858=ADVANCED_FACE('',(#250),#200,.T.);
#1859=ADVANCED_FACE('',(#251),#159,.T.);
#1860=ADVANCED_FACE('',(#252),#160,.T.);
#1861=ADVANCED_FACE('',(#253),#161,.T.);
#1862=ADVANCED_FACE('',(#254),#162,.T.);
#1863=ADVANCED_FACE('',(#255),#163,.T.);
#1864=ADVANCED_FACE('',(#256),#164,.T.);
#1865=ADVANCED_FACE('',(#257),#165,.T.);
#1866=ADVANCED_FACE('',(#258),#1781,.T.);
#1867=ADVANCED_FACE('',(#259),#1782,.T.);
#1868=ADVANCED_FACE('',(#260),#166,.T.);
#1869=ADVANCED_FACE('',(#261),#1783,.T.);
#1870=ADVANCED_FACE('',(#262),#1784,.T.);
#1871=ADVANCED_FACE('',(#263),#1785,.T.);
#1872=ADVANCED_FACE('',(#264),#1786,.T.);
#1873=ADVANCED_FACE('',(#265),#1787,.T.);
#1874=ADVANCED_FACE('',(#266),#1788,.T.);
#1875=ADVANCED_FACE('',(#267),#1789,.T.);
#1876=ADVANCED_FACE('',(#268),#1790,.T.);
#1877=ADVANCED_FACE('',(#269),#201,.T.);
#1878=ADVANCED_FACE('',(#270),#202,.T.);
#1879=ADVANCED_FACE('',(#271),#203,.T.);
#1880=ADVANCED_FACE('',(#272),#167,.T.);
#1881=ADVANCED_FACE('',(#273),#168,.T.);
#1882=ADVANCED_FACE('',(#274),#169,.T.);
#1883=ADVANCED_FACE('',(#275),#170,.T.);
#1884=ADVANCED_FACE('',(#276),#171,.T.);
#1885=ADVANCED_FACE('',(#277),#1791,.T.);
#1886=ADVANCED_FACE('',(#278),#172,.T.);
#1887=ADVANCED_FACE('',(#279),#1792,.T.);
#1888=ADVANCED_FACE('',(#280),#173,.T.);
#1889=ADVANCED_FACE('',(#281),#174,.T.);
#1890=ADVANCED_FACE('',(#282),#1793,.T.);
#1891=ADVANCED_FACE('',(#283),#1794,.T.);
#1892=ADVANCED_FACE('',(#284),#1795,.T.);
#1893=ADVANCED_FACE('',(#285),#1796,.T.);
#1894=ADVANCED_FACE('',(#286),#1797,.T.);
#1895=ADVANCED_FACE('',(#287),#1798,.T.);
#1896=ADVANCED_FACE('',(#288),#1799,.T.);
#1897=ADVANCED_FACE('',(#289),#1800,.T.);
#1898=ADVANCED_FACE('',(#290),#204,.T.);
#1899=ADVANCED_FACE('',(#291),#205,.T.);
#1900=ADVANCED_FACE('',(#292),#206,.T.);
#1901=ADVANCED_FACE('',(#293),#175,.T.);
#1902=ADVANCED_FACE('',(#294),#176,.T.);
#1903=ADVANCED_FACE('',(#295),#177,.T.);
#1904=ADVANCED_FACE('',(#296),#178,.T.);
#1905=ADVANCED_FACE('',(#297),#1801,.T.);
#1906=ADVANCED_FACE('',(#298),#179,.T.);
#1907=ADVANCED_FACE('',(#299),#180,.T.);
#1908=ADVANCED_FACE('',(#300),#1802,.T.);
#1909=ADVANCED_FACE('',(#301),#181,.T.);
#1910=ADVANCED_FACE('',(#302),#1803,.T.);
#1911=ADVANCED_FACE('',(#303),#182,.T.);
#1912=ADVANCED_FACE('',(#304),#1804,.T.);
#1913=ADVANCED_FACE('',(#305),#1805,.T.);
#1914=ADVANCED_FACE('',(#306),#1806,.T.);
#1915=ADVANCED_FACE('',(#307),#1807,.T.);
#1916=ADVANCED_FACE('',(#308),#1808,.T.);
#1917=ADVANCED_FACE('',(#309),#1809,.T.);
#1918=ADVANCED_FACE('',(#310),#1810,.T.);
#1919=ADVANCED_FACE('',(#311),#207,.T.);
#1920=ADVANCED_FACE('',(#312),#208,.T.);
#1921=ADVANCED_FACE('',(#313),#209,.T.);
#1922=ADVANCED_FACE('',(#314),#183,.T.);
#1923=ADVANCED_FACE('',(#315),#184,.T.);
#1924=ADVANCED_FACE('',(#316),#185,.T.);
#1925=ADVANCED_FACE('',(#317),#186,.T.);
#1926=ADVANCED_FACE('',(#318),#1811,.T.);
#1927=ADVANCED_FACE('',(#319),#187,.T.);
#1928=ADVANCED_FACE('',(#320),#188,.T.);
#1929=ADVANCED_FACE('',(#321),#1812,.T.);
#1930=ADVANCED_FACE('',(#322),#189,.T.);
#1931=ADVANCED_FACE('',(#323),#1813,.T.);
#1932=ADVANCED_FACE('',(#324),#190,.T.);
#1933=ADVANCED_FACE('',(#325),#1814,.T.);
#1934=ADVANCED_FACE('',(#326),#1815,.T.);
#1935=ADVANCED_FACE('',(#327),#1816,.T.);
#1936=ADVANCED_FACE('',(#328),#1817,.T.);
#1937=ADVANCED_FACE('',(#329),#1818,.T.);
#1938=ADVANCED_FACE('',(#330),#1819,.T.);
#1939=ADVANCED_FACE('',(#331),#1820,.T.);
#1940=ADVANCED_FACE('',(#332),#210,.T.);
#1941=ADVANCED_FACE('',(#333),#211,.T.);
#1942=ADVANCED_FACE('',(#334),#212,.T.);
#1943=CLOSED_SHELL('',(#1821,#1822,#1823,#1824,#1825,#1826,#1827,#1828,
#1829,#1830,#1831,#1832,#1833,#1834,#1835,#1836,#1837,#1838,#1839,#1840,
#1841,#1842,#1843,#1844,#1845,#1846,#1847,#1848,#1849,#1850,#1851,#1852,
#1853,#1854,#1855,#1856,#1857,#1858,#1859,#1860,#1861,#1862,#1863,#1864,
#1865,#1866,#1867,#1868,#1869,#1870,#1871,#1872,#1873,#1874,#1875,#1876,
#1877,#1878,#1879,#1880,#1881,#1882,#1883,#1884,#1885,#1886,#1887,#1888,
#1889,#1890,#1891,#1892,#1893,#1894,#1895,#1896,#1897,#1898,#1899,#1900,
#1901,#1902,#1903,#1904,#1905,#1906,#1907,#1908,#1909,#1910,#1911,#1912,
#1913,#1914,#1915,#1916,#1917,#1918,#1919,#1920,#1921,#1922,#1923,#1924,
#1925,#1926,#1927,#1928,#1929,#1930,#1931,#1932,#1933,#1934,#1935,#1936,
#1937,#1938,#1939,#1940,#1941,#1942));
#1944=DERIVED_UNIT_ELEMENT(#1946,1.);
#1945=DERIVED_UNIT_ELEMENT(#3597,-3.);
#1946=(
MASS_UNIT()
NAMED_UNIT(*)
SI_UNIT(.KILO.,.GRAM.)
);
#1947=DERIVED_UNIT((#1944,#1945));
#1948=MEASURE_REPRESENTATION_ITEM('density measure',
POSITIVE_RATIO_MEASURE(7850.),#1947);
#1949=PROPERTY_DEFINITION_REPRESENTATION(#1954,#1951);
#1950=PROPERTY_DEFINITION_REPRESENTATION(#1955,#1952);
#1951=REPRESENTATION('material name',(#1953),#3594);
#1952=REPRESENTATION('density',(#1948),#3594);
#1953=DESCRIPTIVE_REPRESENTATION_ITEM('\X2\92FC\X0\','\X2\92FC\X0\');
#1954=PROPERTY_DEFINITION('material property','material name',#3604);
#1955=PROPERTY_DEFINITION('material property','density of part',#3604);
#1956=AXIS2_PLACEMENT_3D('',#2853,#2215,#2216);
#1957=AXIS2_PLACEMENT_3D('',#2854,#2217,#2218);
#1958=AXIS2_PLACEMENT_3D('',#2887,#2221,#2222);
#1959=AXIS2_PLACEMENT_3D('',#2893,#2226,#2227);
#1960=AXIS2_PLACEMENT_3D('',#2926,#2230,#2231);
#1961=AXIS2_PLACEMENT_3D('',#2932,#2235,#2236);
#1962=AXIS2_PLACEMENT_3D('',#2962,#2238,#2239);
#1963=AXIS2_PLACEMENT_3D('',#2965,#2240,#2241);
#1964=AXIS2_PLACEMENT_3D('',#2967,#2242,#2243);
#1965=AXIS2_PLACEMENT_3D('',#2968,#2244,#2245);
#1966=AXIS2_PLACEMENT_3D('',#2969,#2246,#2247);
#1967=AXIS2_PLACEMENT_3D('',#2972,#2248,#2249);
#1968=AXIS2_PLACEMENT_3D('',#2974,#2250,#2251);
#1969=AXIS2_PLACEMENT_3D('',#2975,#2252,#2253);
#1970=AXIS2_PLACEMENT_3D('',#2976,#2254,#2255);
#1971=AXIS2_PLACEMENT_3D('',#2979,#2256,#2257);
#1972=AXIS2_PLACEMENT_3D('',#2981,#2258,#2259);
#1973=AXIS2_PLACEMENT_3D('',#2982,#2260,#2261);
#1974=AXIS2_PLACEMENT_3D('',#2983,#2262,#2263);
#1975=AXIS2_PLACEMENT_3D('',#2986,#2266,#2267);
#1976=AXIS2_PLACEMENT_3D('',#3004,#2270,#2271);
#1977=AXIS2_PLACEMENT_3D('',#3007,#2272,#2273);
#1978=AXIS2_PLACEMENT_3D('',#3009,#2274,#2275);
#1979=AXIS2_PLACEMENT_3D('',#3010,#2276,#2277);
#1980=AXIS2_PLACEMENT_3D('',#3011,#2278,#2279);
#1981=AXIS2_PLACEMENT_3D('',#3014,#2282,#2283);
#1982=AXIS2_PLACEMENT_3D('',#3017,#2286,#2287);
#1983=AXIS2_PLACEMENT_3D('',#3035,#2290,#2291);
#1984=AXIS2_PLACEMENT_3D('',#3053,#2294,#2295);
#1985=AXIS2_PLACEMENT_3D('',#3056,#2298,#2299);
#1986=AXIS2_PLACEMENT_3D('',#3074,#2302,#2303);
#1987=AXIS2_PLACEMENT_3D('',#3078,#2305,#2306);
#1988=AXIS2_PLACEMENT_3D('',#3082,#2308,#2309);
#1989=AXIS2_PLACEMENT_3D('',#3094,#2315,#2316);
#1990=AXIS2_PLACEMENT_3D('',#3098,#2318,#2319);
#1991=AXIS2_PLACEMENT_3D('',#3106,#2323,#2324);
#1992=AXIS2_PLACEMENT_3D('',#3110,#2326,#2327);
#1993=AXIS2_PLACEMENT_3D('',#3115,#2330,#2331);
#1994=AXIS2_PLACEMENT_3D('',#3119,#2333,#2334);
#1995=AXIS2_PLACEMENT_3D('',#3121,#2336,#2337);
#1996=AXIS2_PLACEMENT_3D('',#3123,#2339,#2340);
#1997=AXIS2_PLACEMENT_3D('',#3124,#2341,#2342);
#1998=AXIS2_PLACEMENT_3D('',#3151,#2343,#2344);
#1999=AXIS2_PLACEMENT_3D('',#3154,#2345,#2346);
#2000=AXIS2_PLACEMENT_3D('',#3156,#2347,#2348);
#2001=AXIS2_PLACEMENT_3D('',#3157,#2349,#2350);
#2002=AXIS2_PLACEMENT_3D('',#3158,#2351,#2352);
#2003=AXIS2_PLACEMENT_3D('',#3161,#2353,#2354);
#2004=AXIS2_PLACEMENT_3D('',#3163,#2355,#2356);
#2005=AXIS2_PLACEMENT_3D('',#3164,#2357,#2358);
#2006=AXIS2_PLACEMENT_3D('',#3165,#2359,#2360);
#2007=AXIS2_PLACEMENT_3D('',#3167,#2361,#2362);
#2008=AXIS2_PLACEMENT_3D('',#3169,#2363,#2364);
#2009=AXIS2_PLACEMENT_3D('',#3170,#2365,#2366);
#2010=AXIS2_PLACEMENT_3D('',#3171,#2367,#2368);
#2011=AXIS2_PLACEMENT_3D('',#3174,#2371,#2372);
#2012=AXIS2_PLACEMENT_3D('',#3190,#2374,#2375);
#2013=AXIS2_PLACEMENT_3D('',#3192,#2376,#2377);
#2014=AXIS2_PLACEMENT_3D('',#3194,#2378,#2379);
#2015=AXIS2_PLACEMENT_3D('',#3195,#2380,#2381);
#2016=AXIS2_PLACEMENT_3D('',#3196,#2382,#2383);
#2017=AXIS2_PLACEMENT_3D('',#3199,#2386,#2387);
#2018=AXIS2_PLACEMENT_3D('',#3201,#2389,#2390);
#2019=AXIS2_PLACEMENT_3D('',#3217,#2392,#2393);
#2020=AXIS2_PLACEMENT_3D('',#3235,#2396,#2397);
#2021=AXIS2_PLACEMENT_3D('',#3238,#2400,#2401);
#2022=AXIS2_PLACEMENT_3D('',#3256,#2404,#2405);
#2023=AXIS2_PLACEMENT_3D('',#3258,#2407,#2408);
#2024=AXIS2_PLACEMENT_3D('',#3259,#2409,#2410);
#2025=AXIS2_PLACEMENT_3D('',#3263,#2412,#2413);
#2026=AXIS2_PLACEMENT_3D('',#3267,#2415,#2416);
#2027=AXIS2_PLACEMENT_3D('',#3272,#2419,#2420);
#2028=AXIS2_PLACEMENT_3D('',#3276,#2422,#2423);
#2029=AXIS2_PLACEMENT_3D('',#3281,#2426,#2427);
#2030=AXIS2_PLACEMENT_3D('',#3285,#2429,#2430);
#2031=AXIS2_PLACEMENT_3D('',#3290,#2433,#2434);
#2032=AXIS2_PLACEMENT_3D('',#3294,#2436,#2437);
#2033=AXIS2_PLACEMENT_3D('',#3296,#2439,#2440);
#2034=AXIS2_PLACEMENT_3D('',#3298,#2442,#2443);
#2035=AXIS2_PLACEMENT_3D('',#3300,#2445,#2446);
#2036=AXIS2_PLACEMENT_3D('',#3302,#2447,#2448);
#2037=AXIS2_PLACEMENT_3D('',#3303,#2449,#2450);
#2038=AXIS2_PLACEMENT_3D('',#3304,#2451,#2452);
#2039=AXIS2_PLACEMENT_3D('',#3306,#2453,#2454);
#2040=AXIS2_PLACEMENT_3D('',#3307,#2455,#2456);
#2041=AXIS2_PLACEMENT_3D('',#3308,#2457,#2458);
#2042=AXIS2_PLACEMENT_3D('',#3311,#2459,#2460);
#2043=AXIS2_PLACEMENT_3D('',#3313,#2461,#2462);
#2044=AXIS2_PLACEMENT_3D('',#3314,#2463,#2464);
#2045=AXIS2_PLACEMENT_3D('',#3315,#2465,#2466);
#2046=AXIS2_PLACEMENT_3D('',#3317,#2467,#2468);
#2047=AXIS2_PLACEMENT_3D('',#3318,#2469,#2470);
#2048=AXIS2_PLACEMENT_3D('',#3319,#2471,#2472);
#2049=AXIS2_PLACEMENT_3D('',#3322,#2473,#2474);
#2050=AXIS2_PLACEMENT_3D('',#3324,#2475,#2476);
#2051=AXIS2_PLACEMENT_3D('',#3325,#2477,#2478);
#2052=AXIS2_PLACEMENT_3D('',#3326,#2479,#2480);
#2053=AXIS2_PLACEMENT_3D('',#3328,#2481,#2482);
#2054=AXIS2_PLACEMENT_3D('',#3329,#2483,#2484);
#2055=AXIS2_PLACEMENT_3D('',#3330,#2485,#2486);
#2056=AXIS2_PLACEMENT_3D('',#3333,#2487,#2488);
#2057=AXIS2_PLACEMENT_3D('',#3335,#2489,#2490);
#2058=AXIS2_PLACEMENT_3D('',#3336,#2491,#2492);
#2059=AXIS2_PLACEMENT_3D('',#3337,#2493,#2494);
#2060=AXIS2_PLACEMENT_3D('',#3339,#2496,#2497);
#2061=AXIS2_PLACEMENT_3D('',#3340,#2498,#2499);
#2062=AXIS2_PLACEMENT_3D('',#3341,#2500,#2501);
#2063=AXIS2_PLACEMENT_3D('',#3343,#2503,#2504);
#2064=AXIS2_PLACEMENT_3D('',#3346,#2505,#2506);
#2065=AXIS2_PLACEMENT_3D('',#3348,#2507,#2508);
#2066=AXIS2_PLACEMENT_3D('',#3349,#2509,#2510);
#2067=AXIS2_PLACEMENT_3D('',#3350,#2511,#2512);
#2068=AXIS2_PLACEMENT_3D('',#3352,#2514,#2515);
#2069=AXIS2_PLACEMENT_3D('',#3353,#2516,#2517);
#2070=AXIS2_PLACEMENT_3D('',#3354,#2518,#2519);
#2071=AXIS2_PLACEMENT_3D('',#3357,#2522,#2523);
#2072=AXIS2_PLACEMENT_3D('',#3359,#2525,#2526);
#2073=AXIS2_PLACEMENT_3D('',#3361,#2528,#2529);
#2074=AXIS2_PLACEMENT_3D('',#3363,#2531,#2532);
#2075=AXIS2_PLACEMENT_3D('',#3366,#2535,#2536);
#2076=AXIS2_PLACEMENT_3D('',#3368,#2538,#2539);
#2077=AXIS2_PLACEMENT_3D('',#3370,#2541,#2542);
#2078=AXIS2_PLACEMENT_3D('',#3371,#2543,#2544);
#2079=AXIS2_PLACEMENT_3D('',#3372,#2545,#2546);
#2080=AXIS2_PLACEMENT_3D('',#3373,#2547,#2548);
#2081=AXIS2_PLACEMENT_3D('',#3375,#2549,#2550);
#2082=AXIS2_PLACEMENT_3D('',#3376,#2551,#2552);
#2083=AXIS2_PLACEMENT_3D('',#3377,#2553,#2554);
#2084=AXIS2_PLACEMENT_3D('',#3379,#2555,#2556);
#2085=AXIS2_PLACEMENT_3D('',#3380,#2557,#2558);
#2086=AXIS2_PLACEMENT_3D('',#3381,#2559,#2560);
#2087=AXIS2_PLACEMENT_3D('',#3383,#2561,#2562);
#2088=AXIS2_PLACEMENT_3D('',#3384,#2563,#2564);
#2089=AXIS2_PLACEMENT_3D('',#3385,#2565,#2566);
#2090=AXIS2_PLACEMENT_3D('',#3388,#2567,#2568);
#2091=AXIS2_PLACEMENT_3D('',#3390,#2569,#2570);
#2092=AXIS2_PLACEMENT_3D('',#3391,#2571,#2572);
#2093=AXIS2_PLACEMENT_3D('',#3392,#2573,#2574);
#2094=AXIS2_PLACEMENT_3D('',#3394,#2575,#2576);
#2095=AXIS2_PLACEMENT_3D('',#3395,#2577,#2578);
#2096=AXIS2_PLACEMENT_3D('',#3396,#2579,#2580);
#2097=AXIS2_PLACEMENT_3D('',#3398,#2582,#2583);
#2098=AXIS2_PLACEMENT_3D('',#3401,#2584,#2585);
#2099=AXIS2_PLACEMENT_3D('',#3403,#2586,#2587);
#2100=AXIS2_PLACEMENT_3D('',#3404,#2588,#2589);
#2101=AXIS2_PLACEMENT_3D('',#3405,#2590,#2591);
#2102=AXIS2_PLACEMENT_3D('',#3406,#2592,#2593);
#2103=AXIS2_PLACEMENT_3D('',#3407,#2594,#2595);
#2104=AXIS2_PLACEMENT_3D('',#3409,#2597,#2598);
#2105=AXIS2_PLACEMENT_3D('',#3412,#2599,#2600);
#2106=AXIS2_PLACEMENT_3D('',#3414,#2601,#2602);
#2107=AXIS2_PLACEMENT_3D('',#3415,#2603,#2604);
#2108=AXIS2_PLACEMENT_3D('',#3416,#2605,#2606);
#2109=AXIS2_PLACEMENT_3D('',#3419,#2607,#2608);
#2110=AXIS2_PLACEMENT_3D('',#3421,#2609,#2610);
#2111=AXIS2_PLACEMENT_3D('',#3422,#2611,#2612);
#2112=AXIS2_PLACEMENT_3D('',#3423,#2613,#2614);
#2113=AXIS2_PLACEMENT_3D('',#3424,#2615,#2616);
#2114=AXIS2_PLACEMENT_3D('',#3425,#2617,#2618);
#2115=AXIS2_PLACEMENT_3D('',#3427,#2620,#2621);
#2116=AXIS2_PLACEMENT_3D('',#3429,#2623,#2624);
#2117=AXIS2_PLACEMENT_3D('',#3432,#2627,#2628);
#2118=AXIS2_PLACEMENT_3D('',#3435,#2631,#2632);
#2119=AXIS2_PLACEMENT_3D('',#3437,#2634,#2635);
#2120=AXIS2_PLACEMENT_3D('',#3439,#2637,#2638);
#2121=AXIS2_PLACEMENT_3D('',#3441,#2640,#2641);
#2122=AXIS2_PLACEMENT_3D('',#3443,#2643,#2644);
#2123=AXIS2_PLACEMENT_3D('',#3444,#2645,#2646);
#2124=AXIS2_PLACEMENT_3D('',#3445,#2647,#2648);
#2125=AXIS2_PLACEMENT_3D('',#3446,#2649,#2650);
#2126=AXIS2_PLACEMENT_3D('',#3449,#2651,#2652);
#2127=AXIS2_PLACEMENT_3D('',#3451,#2653,#2654);
#2128=AXIS2_PLACEMENT_3D('',#3452,#2655,#2656);
#2129=AXIS2_PLACEMENT_3D('',#3453,#2657,#2658);
#2130=AXIS2_PLACEMENT_3D('',#3456,#2659,#2660);
#2131=AXIS2_PLACEMENT_3D('',#3458,#2661,#2662);
#2132=AXIS2_PLACEMENT_3D('',#3459,#2663,#2664);
#2133=AXIS2_PLACEMENT_3D('',#3460,#2665,#2666);
#2134=AXIS2_PLACEMENT_3D('',#3462,#2667,#2668);
#2135=AXIS2_PLACEMENT_3D('',#3463,#2669,#2670);
#2136=AXIS2_PLACEMENT_3D('',#3464,#2671,#2672);
#2137=AXIS2_PLACEMENT_3D('',#3467,#2673,#2674);
#2138=AXIS2_PLACEMENT_3D('',#3469,#2675,#2676);
#2139=AXIS2_PLACEMENT_3D('',#3470,#2677,#2678);
#2140=AXIS2_PLACEMENT_3D('',#3471,#2679,#2680);
#2141=AXIS2_PLACEMENT_3D('',#3473,#2682,#2683);
#2142=AXIS2_PLACEMENT_3D('',#3474,#2684,#2685);
#2143=AXIS2_PLACEMENT_3D('',#3475,#2686,#2687);
#2144=AXIS2_PLACEMENT_3D('',#3477,#2688,#2689);
#2145=AXIS2_PLACEMENT_3D('',#3478,#2690,#2691);
#2146=AXIS2_PLACEMENT_3D('',#3479,#2692,#2693);
#2147=AXIS2_PLACEMENT_3D('',#3482,#2694,#2695);
#2148=AXIS2_PLACEMENT_3D('',#3484,#2696,#2697);
#2149=AXIS2_PLACEMENT_3D('',#3485,#2698,#2699);
#2150=AXIS2_PLACEMENT_3D('',#3486,#2700,#2701);
#2151=AXIS2_PLACEMENT_3D('',#3487,#2702,#2703);
#2152=AXIS2_PLACEMENT_3D('',#3488,#2704,#2705);
#2153=AXIS2_PLACEMENT_3D('',#3490,#2707,#2708);
#2154=AXIS2_PLACEMENT_3D('',#3492,#2709,#2710);
#2155=AXIS2_PLACEMENT_3D('',#3493,#2711,#2712);
#2156=AXIS2_PLACEMENT_3D('',#3494,#2713,#2714);
#2157=AXIS2_PLACEMENT_3D('',#3496,#2716,#2717);
#2158=AXIS2_PLACEMENT_3D('',#3498,#2718,#2719);
#2159=AXIS2_PLACEMENT_3D('',#3499,#2720,#2721);
#2160=AXIS2_PLACEMENT_3D('',#3500,#2722,#2723);
#2161=AXIS2_PLACEMENT_3D('',#3502,#2725,#2726);
#2162=AXIS2_PLACEMENT_3D('',#3504,#2728,#2729);
#2163=AXIS2_PLACEMENT_3D('',#3507,#2732,#2733);
#2164=AXIS2_PLACEMENT_3D('',#3509,#2735,#2736);
#2165=AXIS2_PLACEMENT_3D('',#3511,#2738,#2739);
#2166=AXIS2_PLACEMENT_3D('',#3513,#2741,#2742);
#2167=AXIS2_PLACEMENT_3D('',#3516,#2745,#2746);
#2168=AXIS2_PLACEMENT_3D('',#3517,#2747,#2748);
#2169=AXIS2_PLACEMENT_3D('',#3518,#2749,#2750);
#2170=AXIS2_PLACEMENT_3D('',#3519,#2751,#2752);
#2171=AXIS2_PLACEMENT_3D('',#3522,#2753,#2754);
#2172=AXIS2_PLACEMENT_3D('',#3524,#2755,#2756);
#2173=AXIS2_PLACEMENT_3D('',#3525,#2757,#2758);
#2174=AXIS2_PLACEMENT_3D('',#3526,#2759,#2760);
#2175=AXIS2_PLACEMENT_3D('',#3529,#2761,#2762);
#2176=AXIS2_PLACEMENT_3D('',#3531,#2763,#2764);
#2177=AXIS2_PLACEMENT_3D('',#3532,#2765,#2766);
#2178=AXIS2_PLACEMENT_3D('',#3533,#2767,#2768);
#2179=AXIS2_PLACEMENT_3D('',#3535,#2769,#2770);
#2180=AXIS2_PLACEMENT_3D('',#3536,#2771,#2772);
#2181=AXIS2_PLACEMENT_3D('',#3537,#2773,#2774);
#2182=AXIS2_PLACEMENT_3D('',#3540,#2775,#2776);
#2183=AXIS2_PLACEMENT_3D('',#3542,#2777,#2778);
#2184=AXIS2_PLACEMENT_3D('',#3543,#2779,#2780);
#2185=AXIS2_PLACEMENT_3D('',#3544,#2781,#2782);
#2186=AXIS2_PLACEMENT_3D('',#3546,#2784,#2785);
#2187=AXIS2_PLACEMENT_3D('',#3547,#2786,#2787);
#2188=AXIS2_PLACEMENT_3D('',#3548,#2788,#2789);
#2189=AXIS2_PLACEMENT_3D('',#3550,#2790,#2791);
#2190=AXIS2_PLACEMENT_3D('',#3551,#2792,#2793);
#2191=AXIS2_PLACEMENT_3D('',#3552,#2794,#2795);
#2192=AXIS2_PLACEMENT_3D('',#3555,#2796,#2797);
#2193=AXIS2_PLACEMENT_3D('',#3557,#2798,#2799);
#2194=AXIS2_PLACEMENT_3D('',#3558,#2800,#2801);
#2195=AXIS2_PLACEMENT_3D('',#3559,#2802,#2803);
#2196=AXIS2_PLACEMENT_3D('',#3560,#2804,#2805);
#2197=AXIS2_PLACEMENT_3D('',#3561,#2806,#2807);
#2198=AXIS2_PLACEMENT_3D('',#3563,#2809,#2810);
#2199=AXIS2_PLACEMENT_3D('',#3565,#2811,#2812);
#2200=AXIS2_PLACEMENT_3D('',#3566,#2813,#2814);
#2201=AXIS2_PLACEMENT_3D('',#3567,#2815,#2816);
#2202=AXIS2_PLACEMENT_3D('',#3569,#2818,#2819);
#2203=AXIS2_PLACEMENT_3D('',#3571,#2820,#2821);
#2204=AXIS2_PLACEMENT_3D('',#3572,#2822,#2823);
#2205=AXIS2_PLACEMENT_3D('',#3573,#2824,#2825);
#2206=AXIS2_PLACEMENT_3D('',#3575,#2827,#2828);
#2207=AXIS2_PLACEMENT_3D('',#3577,#2830,#2831);
#2208=AXIS2_PLACEMENT_3D('',#3580,#2834,#2835);
#2209=AXIS2_PLACEMENT_3D('',#3582,#2837,#2838);
#2210=AXIS2_PLACEMENT_3D('',#3584,#2840,#2841);
#2211=AXIS2_PLACEMENT_3D('',#3586,#2843,#2844);
#2212=AXIS2_PLACEMENT_3D('',#3589,#2847,#2848);
#2213=AXIS2_PLACEMENT_3D('',#3590,#2849,#2850);
#2214=AXIS2_PLACEMENT_3D('',#3591,#2851,#2852);
#2215=DIRECTION('axis',(0.,0.,1.));
#2216=DIRECTION('refdir',(1.,0.,0.));
#2217=DIRECTION('center_axis',(-1.,0.,0.));
#2218=DIRECTION('ref_axis',(0.,-0.707106781186548,0.707106781186548));
#2219=DIRECTION('',(1.,0.,0.));
#2220=DIRECTION('',(-1.,0.,0.));
#2221=DIRECTION('center_axis',(0.,0.,1.));
#2222=DIRECTION('ref_axis',(1.,0.,0.));
#2223=DIRECTION('',(0.,-1.,0.));
#2224=DIRECTION('',(1.,0.,0.));
#2225=DIRECTION('',(0.,1.,0.));
#2226=DIRECTION('center_axis',(1.,0.,0.));
#2227=DIRECTION('ref_axis',(0.,-0.707106781186548,-0.707106781186548));
#2228=DIRECTION('',(-1.,0.,0.));
#2229=DIRECTION('',(1.,0.,0.));
#2230=DIRECTION('center_axis',(0.,0.,-1.));
#2231=DIRECTION('ref_axis',(-1.,0.,0.));
#2232=DIRECTION('',(0.,-1.,0.));
#2233=DIRECTION('',(-1.,0.,0.));
#2234=DIRECTION('',(0.,1.,0.));
#2235=DIRECTION('center_axis',(1.,0.,0.));
#2236=DIRECTION('ref_axis',(0.,0.707106781186548,0.707106781186548));
#2237=DIRECTION('',(-1.,0.,0.));
#2238=DIRECTION('center_axis',(0.408248290463864,-0.816496580927726,-0.408248290463864));
#2239=DIRECTION('ref_axis',(-0.577350269189627,-0.577350269189626,0.577350269189624));
#2240=DIRECTION('center_axis',(-1.,0.,0.));
#2241=DIRECTION('ref_axis',(0.,0.,1.));
#2242=DIRECTION('center_axis',(0.,-1.,0.));
#2243=DIRECTION('ref_axis',(-1.,0.,0.));
#2244=DIRECTION('center_axis',(0.,0.,1.));
#2245=DIRECTION('ref_axis',(0.,-1.,0.));
#2246=DIRECTION('center_axis',(0.408248290463863,0.408248290463862,-0.816496580927726));
#2247=DIRECTION('ref_axis',(-0.577350269189628,-0.577350269189625,-0.577350269189625));
#2248=DIRECTION('center_axis',(0.,0.,-1.));
#2249=DIRECTION('ref_axis',(-1.,0.,0.));
#2250=DIRECTION('center_axis',(0.,-1.,0.));
#2251=DIRECTION('ref_axis',(0.,0.,-1.));
#2252=DIRECTION('center_axis',(-1.,0.,0.));
#2253=DIRECTION('ref_axis',(0.,-1.,0.));
#2254=DIRECTION('center_axis',(-0.408248290463864,-0.816496580927726,0.408248290463864));
#2255=DIRECTION('ref_axis',(-0.577350269189627,0.577350269189626,0.577350269189624));
#2256=DIRECTION('center_axis',(0.,0.,1.));
#2257=DIRECTION('ref_axis',(-1.,0.,0.));
#2258=DIRECTION('center_axis',(0.,1.,0.));
#2259=DIRECTION('ref_axis',(0.,0.,1.));
#2260=DIRECTION('center_axis',(-1.,0.,0.));
#2261=DIRECTION('ref_axis',(0.,1.,0.));
#2262=DIRECTION('center_axis',(0.,-1.,0.));
#2263=DIRECTION('ref_axis',(-0.707106781186548,0.,0.707106781186548));
#2264=DIRECTION('',(0.,1.,0.));
#2265=DIRECTION('',(0.,-1.,0.));
#2266=DIRECTION('center_axis',(1.,0.,0.));
#2267=DIRECTION('ref_axis',(0.,0.707106781186548,0.707106781186548));
#2268=DIRECTION('',(-1.,0.,0.));
#2269=DIRECTION('',(1.,0.,0.));
#2270=DIRECTION('center_axis',(0.408248290463863,-0.408248290463862,-0.816496580927726));
#2271=DIRECTION('ref_axis',(-0.577350269189628,0.577350269189625,-0.577350269189625));
#2272=DIRECTION('center_axis',(-1.,0.,0.));
#2273=DIRECTION('ref_axis',(0.,0.,-1.));
#2274=DIRECTION('center_axis',(0.,1.,0.));
#2275=DIRECTION('ref_axis',(-1.,0.,0.));
#2276=DIRECTION('center_axis',(0.,0.,-1.));
#2277=DIRECTION('ref_axis',(0.,1.,0.));
#2278=DIRECTION('center_axis',(0.,1.,0.));
#2279=DIRECTION('ref_axis',(-0.707106781186548,0.,-0.707106781186548));
#2280=DIRECTION('',(0.,-1.,0.));
#2281=DIRECTION('',(0.,1.,0.));
#2282=DIRECTION('center_axis',(0.,0.,1.));
#2283=DIRECTION('ref_axis',(-0.707106781186548,0.707106781186548,0.));
#2284=DIRECTION('',(0.,0.,-1.));
#2285=DIRECTION('',(0.,0.,1.));
#2286=DIRECTION('center_axis',(-1.,0.,0.));
#2287=DIRECTION('ref_axis',(0.,0.707106781186548,-0.707106781186548));
#2288=DIRECTION('',(-1.,0.,0.));
#2289=DIRECTION('',(1.,0.,0.));
#2290=DIRECTION('center_axis',(1.,0.,0.));
#2291=DIRECTION('ref_axis',(0.,-0.707106781186548,-0.707106781186548));
#2292=DIRECTION('',(-1.,0.,0.));
#2293=DIRECTION('',(1.,0.,0.));
#2294=DIRECTION('center_axis',(0.,0.,-1.));
#2295=DIRECTION('ref_axis',(-0.707106781186548,-0.707106781186548,0.));
#2296=DIRECTION('',(0.,0.,1.));
#2297=DIRECTION('',(0.,0.,-1.));
#2298=DIRECTION('center_axis',(-1.,0.,0.));
#2299=DIRECTION('ref_axis',(0.,-0.707106781186548,0.707106781186548));
#2300=DIRECTION('',(-1.,0.,0.));
#2301=DIRECTION('',(1.,0.,0.));
#2302=DIRECTION('center_axis',(0.,1.,0.));
#2303=DIRECTION('ref_axis',(0.,0.,1.));
#2304=DIRECTION('',(0.,0.,1.));
#2305=DIRECTION('center_axis',(0.,1.,0.));
#2306=DIRECTION('ref_axis',(-1.,0.,0.));
#2307=DIRECTION('',(-1.,0.,-1.43403807347416E-14));
#2308=DIRECTION('center_axis',(0.,1.,0.));
#2309=DIRECTION('ref_axis',(1.38777878078144E-14,0.,-1.));
#2310=DIRECTION('',(0.,0.,-1.));
#2311=DIRECTION('',(-1.,0.,0.));
#2312=DIRECTION('',(0.,0.,1.));
#2313=DIRECTION('',(1.,0.,0.));
#2314=DIRECTION('',(0.,0.,-1.));
#2315=DIRECTION('center_axis',(0.,1.,0.));
#2316=DIRECTION('ref_axis',(1.,0.,0.));
#2317=DIRECTION('',(1.,0.,-1.48029736616687E-14));
#2318=DIRECTION('center_axis',(0.,1.,0.));
#2319=DIRECTION('ref_axis',(1.47451495458028E-14,0.,1.));
#2320=DIRECTION('',(0.,0.,1.));
#2321=DIRECTION('',(1.,0.,0.));
#2322=DIRECTION('',(0.,0.,-1.));
#2323=DIRECTION('center_axis',(0.,1.,0.));
#2324=DIRECTION('ref_axis',(1.,0.,0.));
#2325=DIRECTION('',(1.,0.,1.48029736616687E-14));
#2326=DIRECTION('center_axis',(0.,1.,0.));
#2327=DIRECTION('ref_axis',(-1.38777878078144E-14,0.,1.));
#2328=DIRECTION('',(0.,0.,1.));
#2329=DIRECTION('',(0.,0.,1.));
#2330=DIRECTION('center_axis',(0.,1.,0.));
#2331=DIRECTION('ref_axis',(-1.,0.,0.));
#2332=DIRECTION('',(-1.,0.,1.43403807347416E-14));
#2333=DIRECTION('center_axis',(0.,1.,0.));
#2334=DIRECTION('ref_axis',(-1.47451495458028E-14,0.,-1.));
#2335=DIRECTION('',(0.,0.,-1.));
#2336=DIRECTION('center_axis',(0.,0.,1.));
#2337=DIRECTION('ref_axis',(1.,0.,0.));
#2338=DIRECTION('',(0.,-1.,0.));
#2339=DIRECTION('center_axis',(-1.,0.,0.));
#2340=DIRECTION('ref_axis',(0.,0.,1.));
#2341=DIRECTION('center_axis',(-1.,0.,0.));
#2342=DIRECTION('ref_axis',(0.,0.707106781186548,-0.707106781186548));
#2343=DIRECTION('center_axis',(-0.408248290463864,-0.816496580927726,0.408248290463864));
#2344=DIRECTION('ref_axis',(0.577350269189627,-0.577350269189626,-0.577350269189624));
#2345=DIRECTION('center_axis',(1.,0.,0.));
#2346=DIRECTION('ref_axis',(0.,0.,-1.));
#2347=DIRECTION('center_axis',(0.,-1.,0.));
#2348=DIRECTION('ref_axis',(1.,0.,0.));
#2349=DIRECTION('center_axis',(0.,0.,-1.));
#2350=DIRECTION('ref_axis',(0.,-1.,0.));
#2351=DIRECTION('center_axis',(0.408248290463863,-0.408248290463862,-0.816496580927726));
#2352=DIRECTION('ref_axis',(0.577350269189628,-0.577350269189625,0.577350269189625));
#2353=DIRECTION('center_axis',(0.,0.,1.));
#2354=DIRECTION('ref_axis',(1.,0.,0.));
#2355=DIRECTION('center_axis',(0.,-1.,0.));
#2356=DIRECTION('ref_axis',(0.,0.,1.));
#2357=DIRECTION('center_axis',(1.,0.,0.));
#2358=DIRECTION('ref_axis',(0.,-1.,0.));
#2359=DIRECTION('center_axis',(0.408248290463864,-0.816496580927726,-0.408248290463864));
#2360=DIRECTION('ref_axis',(0.577350269189627,0.577350269189626,-0.577350269189624));
#2361=DIRECTION('center_axis',(0.,0.,-1.));
#2362=DIRECTION('ref_axis',(1.,0.,0.));
#2363=DIRECTION('center_axis',(0.,1.,0.));
#2364=DIRECTION('ref_axis',(0.,0.,-1.));
#2365=DIRECTION('center_axis',(1.,0.,0.));
#2366=DIRECTION('ref_axis',(0.,1.,0.));
#2367=DIRECTION('center_axis',(0.,1.,0.));
#2368=DIRECTION('ref_axis',(0.707106781186548,0.,-0.707106781186548));
#2369=DIRECTION('',(0.,-1.,0.));
#2370=DIRECTION('',(0.,1.,0.));
#2371=DIRECTION('center_axis',(-1.,0.,0.));
#2372=DIRECTION('ref_axis',(0.,0.707106781186548,-0.707106781186548));
#2373=DIRECTION('',(-1.,0.,0.));
#2374=DIRECTION('center_axis',(0.408248290463863,0.408248290463862,-0.816496580927726));
#2375=DIRECTION('ref_axis',(0.577350269189628,0.577350269189625,0.577350269189625));
#2376=DIRECTION('center_axis',(1.,0.,0.));
#2377=DIRECTION('ref_axis',(0.,0.,1.));
#2378=DIRECTION('center_axis',(0.,1.,0.));
#2379=DIRECTION('ref_axis',(1.,0.,0.));
#2380=DIRECTION('center_axis',(0.,0.,1.));
#2381=DIRECTION('ref_axis',(0.,1.,0.));
#2382=DIRECTION('center_axis',(0.,1.,0.));
#2383=DIRECTION('ref_axis',(0.707106781186548,0.,0.707106781186548));
#2384=DIRECTION('',(0.,-1.,0.));
#2385=DIRECTION('',(0.,1.,0.));
#2386=DIRECTION('center_axis',(0.,0.,-1.));
#2387=DIRECTION('ref_axis',(0.707106781186548,0.707106781186548,0.));
#2388=DIRECTION('',(0.,0.,-1.));
#2389=DIRECTION('center_axis',(1.,0.,0.));
#2390=DIRECTION('ref_axis',(0.,0.707106781186548,0.707106781186548));
#2391=DIRECTION('',(1.,0.,0.));
#2392=DIRECTION('center_axis',(-1.,0.,0.));
#2393=DIRECTION('ref_axis',(0.,-0.707106781186548,0.707106781186548));
#2394=DIRECTION('',(1.,0.,0.));
#2395=DIRECTION('',(-1.,0.,0.));
#2396=DIRECTION('center_axis',(0.,0.,1.));
#2397=DIRECTION('ref_axis',(0.707106781186548,-0.707106781186548,0.));
#2398=DIRECTION('',(0.,0.,-1.));
#2399=DIRECTION('',(0.,0.,1.));
#2400=DIRECTION('center_axis',(1.,0.,0.));
#2401=DIRECTION('ref_axis',(0.,-0.707106781186548,-0.707106781186548));
#2402=DIRECTION('',(1.,0.,0.));
#2403=DIRECTION('',(-1.,0.,0.));
#2404=DIRECTION('center_axis',(0.,0.,-1.));
#2405=DIRECTION('ref_axis',(-1.,0.,0.));
#2406=DIRECTION('',(0.,-1.,0.));
#2407=DIRECTION('center_axis',(1.,0.,0.));
#2408=DIRECTION('ref_axis',(0.,0.,-1.));
#2409=DIRECTION('center_axis',(0.,-1.,0.));
#2410=DIRECTION('ref_axis',(0.,0.,-1.));
#2411=DIRECTION('',(0.,0.,1.));
#2412=DIRECTION('center_axis',(0.,-1.,0.));
#2413=DIRECTION('ref_axis',(1.,0.,0.));
#2414=DIRECTION('',(1.,0.,-1.43403807347416E-14));
#2415=DIRECTION('center_axis',(0.,-1.,0.));
#2416=DIRECTION('ref_axis',(-1.38777878078144E-14,0.,-1.));
#2417=DIRECTION('',(0.,0.,-1.));
#2418=DIRECTION('',(0.,0.,-1.));
#2419=DIRECTION('center_axis',(0.,-1.,0.));
#2420=DIRECTION('ref_axis',(-1.,0.,0.));
#2421=DIRECTION('',(-1.,0.,-1.48029736616687E-14));
#2422=DIRECTION('center_axis',(0.,-1.,0.));
#2423=DIRECTION('ref_axis',(-1.47451495458028E-14,0.,1.));
#2424=DIRECTION('',(0.,0.,1.));
#2425=DIRECTION('',(0.,0.,-1.));
#2426=DIRECTION('center_axis',(0.,-1.,0.));
#2427=DIRECTION('ref_axis',(-1.,0.,0.));
#2428=DIRECTION('',(-1.,0.,1.48029736616687E-14));
#2429=DIRECTION('center_axis',(0.,-1.,0.));
#2430=DIRECTION('ref_axis',(1.38777878078144E-14,0.,1.));
#2431=DIRECTION('',(0.,0.,1.));
#2432=DIRECTION('',(0.,0.,1.));
#2433=DIRECTION('center_axis',(0.,-1.,0.));
#2434=DIRECTION('ref_axis',(1.,0.,0.));
#2435=DIRECTION('',(1.,0.,1.43403807347416E-14));
#2436=DIRECTION('center_axis',(0.,-1.,0.));
#2437=DIRECTION('ref_axis',(1.47451495458028E-14,0.,-1.));
#2438=DIRECTION('',(0.,0.,-1.));
#2439=DIRECTION('center_axis',(0.,0.,1.));
#2440=DIRECTION('ref_axis',(1.,0.,0.));
#2441=DIRECTION('',(0.,1.,0.));
#2442=DIRECTION('center_axis',(0.,0.,-1.));
#2443=DIRECTION('ref_axis',(-1.,0.,0.));
#2444=DIRECTION('',(0.,1.,0.));
#2445=DIRECTION('center_axis',(0.408248290463864,-0.408248290463858,-0.816496580927728));
#2446=DIRECTION('ref_axis',(-0.57735026918963,0.577350269189623,-0.577350269189624));
#2447=DIRECTION('center_axis',(-1.,0.,1.38777878078144E-14));
#2448=DIRECTION('ref_axis',(-1.38777878078144E-14,0.,-1.));
#2449=DIRECTION('center_axis',(0.,0.,-1.));
#2450=DIRECTION('ref_axis',(0.,1.,0.));
#2451=DIRECTION('center_axis',(-0.816496580927729,0.408248290463861,-0.408248290463858));
#2452=DIRECTION('ref_axis',(0.577350269189621,0.57735026918963,-0.577350269189627));
#2453=DIRECTION('center_axis',(0.,3.46944695195361E-15,-1.));
#2454=DIRECTION('ref_axis',(1.,0.,0.));
#2455=DIRECTION('center_axis',(1.,0.,-1.47451495458028E-14));
#2456=DIRECTION('ref_axis',(0.,1.,0.));
#2457=DIRECTION('center_axis',(-0.816496580927724,-0.408248290463865,-0.408248290463865));
#2458=DIRECTION('ref_axis',(-0.577350269189628,0.577350269189628,0.577350269189622));
#2459=DIRECTION('center_axis',(0.,3.46944695195361E-15,1.));
#2460=DIRECTION('ref_axis',(-1.,0.,0.));
#2461=DIRECTION('center_axis',(0.,1.,0.));
#2462=DIRECTION('ref_axis',(0.,0.,1.));
#2463=DIRECTION('center_axis',(-1.,0.,0.));
#2464=DIRECTION('ref_axis',(0.,1.,0.));
#2465=DIRECTION('center_axis',(0.408248290463864,0.408248290463858,-0.816496580927728));
#2466=DIRECTION('ref_axis',(-0.57735026918963,-0.577350269189623,-0.577350269189624));
#2467=DIRECTION('center_axis',(0.,0.,-1.));
#2468=DIRECTION('ref_axis',(-1.,0.,0.));
#2469=DIRECTION('center_axis',(-1.,0.,1.38777878078144E-14));
#2470=DIRECTION('ref_axis',(0.,-1.,0.));
#2471=DIRECTION('center_axis',(0.408248290463863,-0.816496580927726,0.408248290463864));
#2472=DIRECTION('ref_axis',(0.577350269189625,0.577350269189627,0.577350269189625));
#2473=DIRECTION('center_axis',(1.,0.,0.));
#2474=DIRECTION('ref_axis',(0.,0.,1.));
#2475=DIRECTION('center_axis',(0.,1.,0.));
#2476=DIRECTION('ref_axis',(1.,0.,0.));
#2477=DIRECTION('center_axis',(0.,0.,1.));
#2478=DIRECTION('ref_axis',(0.,1.,0.));
#2479=DIRECTION('center_axis',(-0.81649658092773,-0.40824829046386,-0.408248290463859));
#2480=DIRECTION('ref_axis',(0.577350269189621,-0.577350269189629,-0.577350269189628));
#2481=DIRECTION('center_axis',(1.,8.67361737988403E-16,-1.38777878078144E-14));
#2482=DIRECTION('ref_axis',(-1.38777878078144E-14,0.,-1.));
#2483=DIRECTION('center_axis',(-3.46944695195361E-15,0.,-1.));
#2484=DIRECTION('ref_axis',(0.,-1.,0.));
#2485=DIRECTION('center_axis',(-0.816496580927725,0.408248290463865,-0.408248290463864));
#2486=DIRECTION('ref_axis',(-0.577350269189627,-0.577350269189627,0.577350269189624));
#2487=DIRECTION('center_axis',(-1.,0.,0.));
#2488=DIRECTION('ref_axis',(0.,0.,1.));
#2489=DIRECTION('center_axis',(0.,-1.,0.));
#2490=DIRECTION('ref_axis',(-1.,0.,0.));
#2491=DIRECTION('center_axis',(3.46944695195361E-15,0.,1.));
#2492=DIRECTION('ref_axis',(0.,-1.,0.));
#2493=DIRECTION('center_axis',(0.,-1.,0.));
#2494=DIRECTION('ref_axis',(-0.707106781186548,0.,0.707106781186548));
#2495=DIRECTION('',(0.,1.,0.));
#2496=DIRECTION('center_axis',(0.,0.707106781186548,-0.707106781186548));
#2497=DIRECTION('ref_axis',(0.,0.707106781186547,0.707106781186548));
#2498=DIRECTION('center_axis',(0.,0.707106781186548,0.707106781186548));
#2499=DIRECTION('ref_axis',(0.,-0.707106781186548,0.707106781186547));
#2500=DIRECTION('center_axis',(0.,0.,-1.));
#2501=DIRECTION('ref_axis',(-0.707106781186548,-0.707106781186548,0.));
#2502=DIRECTION('',(0.,0.,1.));
#2503=DIRECTION('center_axis',(-0.408248290463862,-0.816496580927726,-0.408248290463864));
#2504=DIRECTION('ref_axis',(0.577350269189626,-0.577350269189626,0.577350269189625));
#2505=DIRECTION('center_axis',(0.,0.,1.));
#2506=DIRECTION('ref_axis',(1.,0.,0.));
#2507=DIRECTION('center_axis',(0.,-1.,0.));
#2508=DIRECTION('ref_axis',(0.,0.,1.));
#2509=DIRECTION('center_axis',(1.,0.,0.));
#2510=DIRECTION('ref_axis',(0.,-1.,0.));
#2511=DIRECTION('center_axis',(0.,1.,0.));
#2512=DIRECTION('ref_axis',(0.707106781186547,0.,0.707106781186548));
#2513=DIRECTION('',(0.,-1.,0.));
#2514=DIRECTION('center_axis',(0.,0.707106781186548,0.707106781186547));
#2515=DIRECTION('ref_axis',(0.,-0.707106781186547,0.707106781186548));
#2516=DIRECTION('center_axis',(0.,-0.707106781186548,0.707106781186547));
#2517=DIRECTION('ref_axis',(0.,0.707106781186547,0.707106781186548));
#2518=DIRECTION('center_axis',(-1.,0.,-2.31296463463574E-16));
#2519=DIRECTION('ref_axis',(0.,-0.707106781186548,0.707106781186548));
#2520=DIRECTION('',(1.,0.,2.31296463463574E-16));
#2521=DIRECTION('',(-1.,0.,-2.31296463463574E-16));
#2522=DIRECTION('center_axis',(0.,0.,1.));
#2523=DIRECTION('ref_axis',(0.707106781186547,-0.707106781186548,0.));
#2524=DIRECTION('',(0.,0.,-1.));
#2525=DIRECTION('center_axis',(1.,0.,-1.43403807347416E-14));
#2526=DIRECTION('ref_axis',(-9.81307786677359E-15,-0.707106781186548,-0.707106781186548));
#2527=DIRECTION('',(-1.,0.,1.43403807347416E-14));
#2528=DIRECTION('center_axis',(0.,0.,-1.));
#2529=DIRECTION('ref_axis',(0.707106781186547,0.707106781186548,0.));
#2530=DIRECTION('',(0.,0.,1.));
#2531=DIRECTION('center_axis',(1.,0.,2.31296463463574E-16));
#2532=DIRECTION('ref_axis',(0.,0.707106781186548,0.707106781186548));
#2533=DIRECTION('',(-1.,0.,-2.31296463463574E-16));
#2534=DIRECTION('',(1.,0.,2.31296463463574E-16));
#2535=DIRECTION('center_axis',(0.,0.,1.));
#2536=DIRECTION('ref_axis',(-0.707106781186548,0.707106781186548,0.));
#2537=DIRECTION('',(0.,0.,-1.));
#2538=DIRECTION('center_axis',(-1.,0.,1.43403807347416E-14));
#2539=DIRECTION('ref_axis',(-9.81307786677359E-15,0.707106781186548,-0.707106781186548));
#2540=DIRECTION('',(1.,0.,-1.43403807347416E-14));
#2541=DIRECTION('center_axis',(0.,-1.,0.));
#2542=DIRECTION('ref_axis',(0.,0.,-1.));
#2543=DIRECTION('center_axis',(-2.31296463463574E-16,0.,1.));
#2544=DIRECTION('ref_axis',(1.,0.,2.31296463463574E-16));
#2545=DIRECTION('center_axis',(0.,1.,0.));
#2546=DIRECTION('ref_axis',(0.,0.,1.));
#2547=DIRECTION('center_axis',(0.408248290463862,-0.816496580927724,0.408248290463869));
#2548=DIRECTION('ref_axis',(-0.57735026918962,-0.577350269189628,-0.57735026918963));
#2549=DIRECTION('center_axis',(0.,0.,-1.));
#2550=DIRECTION('ref_axis',(-1.,0.,0.));
#2551=DIRECTION('center_axis',(-1.,0.,-1.38777878078144E-14));
#2552=DIRECTION('ref_axis',(0.,-1.,0.));
#2553=DIRECTION('center_axis',(-0.408248290463862,-0.816496580927723,-0.408248290463869));
#2554=DIRECTION('ref_axis',(-0.57735026918962,0.57735026918963,-0.577350269189628));
#2555=DIRECTION('center_axis',(-1.,0.,-1.38777878078144E-14));
#2556=DIRECTION('ref_axis',(1.38777878078144E-14,0.,-1.));
#2557=DIRECTION('center_axis',(0.,0.,-1.));
#2558=DIRECTION('ref_axis',(0.,1.,0.));
#2559=DIRECTION('center_axis',(-0.408248290463864,0.40824829046386,-0.816496580927727));
#2560=DIRECTION('ref_axis',(0.57735026918963,-0.577350269189623,-0.577350269189624));
#2561=DIRECTION('center_axis',(1.,0.,1.38777878078144E-14));
#2562=DIRECTION('ref_axis',(1.38777878078144E-14,0.,-1.));
#2563=DIRECTION('center_axis',(3.46944695195361E-15,0.,-1.));
#2564=DIRECTION('ref_axis',(0.,-1.,0.));
#2565=DIRECTION('center_axis',(-0.408248290463863,-0.408248290463862,-0.816496580927726));
#2566=DIRECTION('ref_axis',(-0.577350269189626,-0.577350269189626,0.577350269189625));
#2567=DIRECTION('center_axis',(-1.,8.67361737988403E-16,0.));
#2568=DIRECTION('ref_axis',(0.,0.,1.));
#2569=DIRECTION('center_axis',(0.,-1.,0.));
#2570=DIRECTION('ref_axis',(-1.,0.,0.));
#2571=DIRECTION('center_axis',(0.,0.,1.));
#2572=DIRECTION('ref_axis',(0.,-1.,0.));
#2573=DIRECTION('center_axis',(-0.408248290463866,-0.40824829046386,-0.816496580927726));
#2574=DIRECTION('ref_axis',(0.57735026918963,0.577350269189622,-0.577350269189625));
#2575=DIRECTION('center_axis',(0.,-3.46944695195361E-15,-1.));
#2576=DIRECTION('ref_axis',(1.,0.,0.));
#2577=DIRECTION('center_axis',(1.,0.,1.38777878078144E-14));
#2578=DIRECTION('ref_axis',(0.,1.,0.));
#2579=DIRECTION('center_axis',(-1.,0.,-1.43403807347416E-14));
#2580=DIRECTION('ref_axis',(9.81307786677359E-15,0.707106781186548,-0.707106781186548));
#2581=DIRECTION('',(1.,0.,1.43403807347416E-14));
#2582=DIRECTION('center_axis',(-0.408248290463863,0.408248290463862,-0.816496580927726));
#2583=DIRECTION('ref_axis',(-0.577350269189626,0.577350269189626,0.577350269189625));
#2584=DIRECTION('center_axis',(0.,0.,1.));
#2585=DIRECTION('ref_axis',(-1.,0.,0.));
#2586=DIRECTION('center_axis',(0.,1.,0.));
#2587=DIRECTION('ref_axis',(0.,0.,1.));
#2588=DIRECTION('center_axis',(-1.,0.,8.67361737988403E-16));
#2589=DIRECTION('ref_axis',(0.,1.,0.));
#2590=DIRECTION('center_axis',(0.,1.,0.));
#2591=DIRECTION('ref_axis',(-0.707106781186548,0.,0.707106781186548));
#2592=DIRECTION('center_axis',(0.,-0.707106781186548,0.707106781186547));
#2593=DIRECTION('ref_axis',(0.,0.707106781186547,0.707106781186548));
#2594=DIRECTION('center_axis',(0.,0.707106781186548,0.707106781186547));
#2595=DIRECTION('ref_axis',(0.,-0.707106781186547,0.707106781186548));
#2596=DIRECTION('',(0.,1.,0.));
#2597=DIRECTION('center_axis',(-0.408248290463864,-0.816496580927726,-0.408248290463864));
#2598=DIRECTION('ref_axis',(0.577350269189625,-0.577350269189627,0.577350269189625));
#2599=DIRECTION('center_axis',(0.,0.,1.));
#2600=DIRECTION('ref_axis',(1.,0.,0.));
#2601=DIRECTION('center_axis',(0.,-1.,0.));
#2602=DIRECTION('ref_axis',(0.,0.,1.));
#2603=DIRECTION('center_axis',(1.,0.,0.));
#2604=DIRECTION('ref_axis',(0.,-1.,0.));
#2605=DIRECTION('center_axis',(0.408248290463864,-0.816496580927726,0.408248290463864));
#2606=DIRECTION('ref_axis',(0.577350269189625,0.577350269189627,0.577350269189625));
#2607=DIRECTION('center_axis',(1.,0.,0.));
#2608=DIRECTION('ref_axis',(0.,0.,1.));
#2609=DIRECTION('center_axis',(0.,1.,0.));
#2610=DIRECTION('ref_axis',(1.,0.,0.));
#2611=DIRECTION('center_axis',(0.,0.,1.));
#2612=DIRECTION('ref_axis',(0.,1.,0.));
#2613=DIRECTION('center_axis',(0.,-1.,0.));
#2614=DIRECTION('ref_axis',(0.707106781186548,0.,0.707106781186548));
#2615=DIRECTION('center_axis',(0.,-0.707106781186548,-0.707106781186548));
#2616=DIRECTION('ref_axis',(0.,-0.707106781186547,0.707106781186548));
#2617=DIRECTION('center_axis',(0.,-0.707106781186548,0.707106781186548));
#2618=DIRECTION('ref_axis',(0.,0.707106781186548,0.707106781186547));
#2619=DIRECTION('',(0.,-1.,0.));
#2620=DIRECTION('center_axis',(0.,0.,-1.));
#2621=DIRECTION('ref_axis',(0.707106781186548,0.707106781186548,0.));
#2622=DIRECTION('',(0.,0.,1.));
#2623=DIRECTION('center_axis',(1.,0.,-2.31296463463574E-16));
#2624=DIRECTION('ref_axis',(0.,0.707106781186548,0.707106781186548));
#2625=DIRECTION('',(-1.,0.,2.31296463463574E-16));
#2626=DIRECTION('',(1.,0.,-2.31296463463574E-16));
#2627=DIRECTION('center_axis',(-1.,0.,2.31296463463574E-16));
#2628=DIRECTION('ref_axis',(0.,-0.707106781186548,0.707106781186548));
#2629=DIRECTION('',(1.,0.,-2.31296463463574E-16));
#2630=DIRECTION('',(-1.,0.,2.31296463463574E-16));
#2631=DIRECTION('center_axis',(0.,0.,1.));
#2632=DIRECTION('ref_axis',(0.707106781186548,-0.707106781186548,0.));
#2633=DIRECTION('',(0.,0.,-1.));
#2634=DIRECTION('center_axis',(0.,0.,1.));
#2635=DIRECTION('ref_axis',(-0.707106781186547,0.707106781186548,0.));
#2636=DIRECTION('',(0.,0.,-1.));
#2637=DIRECTION('center_axis',(0.,0.,-1.));
#2638=DIRECTION('ref_axis',(-0.707106781186547,-0.707106781186548,0.));
#2639=DIRECTION('',(0.,0.,1.));
#2640=DIRECTION('center_axis',(1.,0.,1.43403807347416E-14));
#2641=DIRECTION('ref_axis',(9.81307786677359E-15,-0.707106781186548,-0.707106781186548));
#2642=DIRECTION('',(-1.,0.,-1.43403807347416E-14));
#2643=DIRECTION('center_axis',(0.,1.,0.));
#2644=DIRECTION('ref_axis',(0.,0.,1.));
#2645=DIRECTION('center_axis',(2.31296463463574E-16,0.,1.));
#2646=DIRECTION('ref_axis',(1.,0.,-2.31296463463574E-16));
#2647=DIRECTION('center_axis',(0.,-1.,0.));
#2648=DIRECTION('ref_axis',(0.,0.,-1.));
#2649=DIRECTION('center_axis',(-0.408248290463863,-0.816496580927726,-0.408248290463864));
#2650=DIRECTION('ref_axis',(-0.577350269189625,0.577350269189627,-0.577350269189625));
#2651=DIRECTION('center_axis',(-1.,0.,0.));
#2652=DIRECTION('ref_axis',(0.,0.,-1.));
#2653=DIRECTION('center_axis',(0.,1.,0.));
#2654=DIRECTION('ref_axis',(-1.,0.,0.));
#2655=DIRECTION('center_axis',(0.,0.,-1.));
#2656=DIRECTION('ref_axis',(0.,1.,0.));
#2657=DIRECTION('center_axis',(0.408248290463864,-0.816496580927726,-0.408248290463864));
#2658=DIRECTION('ref_axis',(0.577350269189625,0.577350269189627,-0.577350269189625));
#2659=DIRECTION('center_axis',(0.,0.,-1.));
#2660=DIRECTION('ref_axis',(1.,0.,0.));
#2661=DIRECTION('center_axis',(0.,1.,0.));
#2662=DIRECTION('ref_axis',(0.,0.,-1.));
#2663=DIRECTION('center_axis',(1.,0.,0.));
#2664=DIRECTION('ref_axis',(0.,1.,0.));
#2665=DIRECTION('center_axis',(-0.408248290463862,-0.816496580927724,0.408248290463869));
#2666=DIRECTION('ref_axis',(-0.57735026918962,0.577350269189628,0.57735026918963));
#2667=DIRECTION('center_axis',(0.,0.,1.));
#2668=DIRECTION('ref_axis',(-1.,0.,0.));
#2669=DIRECTION('center_axis',(-1.,0.,1.47451495458028E-14));
#2670=DIRECTION('ref_axis',(0.,1.,0.));
#2671=DIRECTION('center_axis',(0.408248290463862,-0.816496580927726,0.408248290463864));
#2672=DIRECTION('ref_axis',(-0.577350269189626,-0.577350269189626,-0.577350269189625));
#2673=DIRECTION('center_axis',(0.,0.,-1.));
#2674=DIRECTION('ref_axis',(-1.,0.,0.));
#2675=DIRECTION('center_axis',(0.,-1.,0.));
#2676=DIRECTION('ref_axis',(0.,0.,-1.));
#2677=DIRECTION('center_axis',(-1.,0.,0.));
#2678=DIRECTION('ref_axis',(0.,-1.,0.));
#2679=DIRECTION('center_axis',(0.,1.,0.));
#2680=DIRECTION('ref_axis',(-0.707106781186547,0.,-0.707106781186548));
#2681=DIRECTION('',(0.,-1.,0.));
#2682=DIRECTION('center_axis',(0.,0.707106781186548,-0.707106781186547));
#2683=DIRECTION('ref_axis',(0.,-0.707106781186547,-0.707106781186548));
#2684=DIRECTION('center_axis',(0.,-0.707106781186548,-0.707106781186547));
#2685=DIRECTION('ref_axis',(0.,0.707106781186547,-0.707106781186548));
#2686=DIRECTION('center_axis',(0.408248290463864,0.408248290463858,-0.816496580927728));
#2687=DIRECTION('ref_axis',(0.57735026918963,0.577350269189623,0.577350269189624));
#2688=DIRECTION('center_axis',(1.,0.,-1.38777878078144E-14));
#2689=DIRECTION('ref_axis',(1.38777878078144E-14,0.,1.));
#2690=DIRECTION('center_axis',(0.,0.,1.));
#2691=DIRECTION('ref_axis',(0.,1.,0.));
#2692=DIRECTION('center_axis',(-0.408248290463864,-0.816496580927726,0.408248290463864));
#2693=DIRECTION('ref_axis',(0.577350269189625,-0.577350269189627,-0.577350269189625));
#2694=DIRECTION('center_axis',(1.,0.,0.));
#2695=DIRECTION('ref_axis',(0.,0.,-1.));
#2696=DIRECTION('center_axis',(0.,-1.,0.));
#2697=DIRECTION('ref_axis',(1.,0.,0.));
#2698=DIRECTION('center_axis',(0.,0.,-1.));
#2699=DIRECTION('ref_axis',(0.,-1.,0.));
#2700=DIRECTION('center_axis',(0.,1.,0.));
#2701=DIRECTION('ref_axis',(0.707106781186548,0.,-0.707106781186548));
#2702=DIRECTION('center_axis',(0.,0.707106781186548,0.707106781186548));
#2703=DIRECTION('ref_axis',(0.,0.707106781186547,-0.707106781186548));
#2704=DIRECTION('center_axis',(0.,0.707106781186548,-0.707106781186548));
#2705=DIRECTION('ref_axis',(0.,-0.707106781186548,-0.707106781186547));
#2706=DIRECTION('',(0.,1.,0.));
#2707=DIRECTION('center_axis',(0.408248290463862,-0.816496580927723,-0.408248290463869));
#2708=DIRECTION('ref_axis',(-0.57735026918962,-0.57735026918963,0.577350269189628));
#2709=DIRECTION('center_axis',(-1.,-8.67361737988403E-16,1.56125112837912E-14));
#2710=DIRECTION('ref_axis',(1.56125112837913E-14,0.,1.));
#2711=DIRECTION('center_axis',(0.,0.,1.));
#2712=DIRECTION('ref_axis',(0.,-1.,0.));
#2713=DIRECTION('center_axis',(0.,0.,-1.));
#2714=DIRECTION('ref_axis',(-0.707106781186547,-0.707106781186548,0.));
#2715=DIRECTION('',(0.,0.,1.));
#2716=DIRECTION('center_axis',(0.408248290463864,-0.408248290463858,-0.816496580927728));
#2717=DIRECTION('ref_axis',(0.57735026918963,-0.577350269189623,0.577350269189624));
#2718=DIRECTION('center_axis',(0.,0.,1.));
#2719=DIRECTION('ref_axis',(1.,0.,0.));
#2720=DIRECTION('center_axis',(1.,0.,-1.38777878078144E-14));
#2721=DIRECTION('ref_axis',(0.,-1.,0.));
#2722=DIRECTION('center_axis',(-1.,0.,1.48029736616687E-14));
#2723=DIRECTION('ref_axis',(1.2266347333467E-14,-0.707106781186548,0.707106781186548));
#2724=DIRECTION('',(1.,0.,-1.48029736616687E-14));
#2725=DIRECTION('center_axis',(0.,0.,1.));
#2726=DIRECTION('ref_axis',(0.707106781186548,-0.707106781186548,0.));
#2727=DIRECTION('',(0.,0.,-1.));
#2728=DIRECTION('center_axis',(1.,0.,0.));
#2729=DIRECTION('ref_axis',(0.,-0.707106781186548,-0.707106781186548));
#2730=DIRECTION('',(-1.,0.,0.));
#2731=DIRECTION('',(1.,0.,0.));
#2732=DIRECTION('center_axis',(0.,0.,-1.));
#2733=DIRECTION('ref_axis',(0.707106781186548,0.707106781186548,0.));
#2734=DIRECTION('',(0.,0.,1.));
#2735=DIRECTION('center_axis',(1.,0.,-1.48029736616687E-14));
#2736=DIRECTION('ref_axis',(1.2266347333467E-14,0.707106781186548,0.707106781186548));
#2737=DIRECTION('',(-1.,0.,1.48029736616687E-14));
#2738=DIRECTION('center_axis',(0.,0.,1.));
#2739=DIRECTION('ref_axis',(-0.707106781186547,0.707106781186548,0.));
#2740=DIRECTION('',(0.,0.,-1.));
#2741=DIRECTION('center_axis',(-1.,0.,0.));
#2742=DIRECTION('ref_axis',(0.,0.707106781186548,-0.707106781186548));
#2743=DIRECTION('',(1.,0.,0.));
#2744=DIRECTION('',(-1.,0.,0.));
#2745=DIRECTION('center_axis',(0.,0.,-1.));
#2746=DIRECTION('ref_axis',(-1.,0.,0.));
#2747=DIRECTION('center_axis',(0.,-1.,0.));
#2748=DIRECTION('ref_axis',(0.,0.,-1.));
#2749=DIRECTION('center_axis',(0.,1.,0.));
#2750=DIRECTION('ref_axis',(0.,0.,1.));
#2751=DIRECTION('center_axis',(-0.408248290463864,-0.816496580927726,-0.408248290463864));
#2752=DIRECTION('ref_axis',(-0.577350269189625,0.577350269189627,-0.577350269189625));
#2753=DIRECTION('center_axis',(-1.,0.,0.));
#2754=DIRECTION('ref_axis',(0.,0.,-1.));
#2755=DIRECTION('center_axis',(0.,1.,0.));
#2756=DIRECTION('ref_axis',(-1.,0.,0.));
#2757=DIRECTION('center_axis',(0.,0.,-1.));
#2758=DIRECTION('ref_axis',(0.,1.,0.));
#2759=DIRECTION('center_axis',(-0.408248290463863,-0.408248290463862,-0.816496580927726));
#2760=DIRECTION('ref_axis',(0.577350269189626,0.577350269189626,-0.577350269189625));
#2761=DIRECTION('center_axis',(0.,0.,-1.));
#2762=DIRECTION('ref_axis',(1.,0.,0.));
#2763=DIRECTION('center_axis',(0.,1.,0.));
#2764=DIRECTION('ref_axis',(0.,0.,-1.));
#2765=DIRECTION('center_axis',(1.,0.,-8.67361737988403E-16));
#2766=DIRECTION('ref_axis',(0.,1.,0.));
#2767=DIRECTION('center_axis',(-0.408248290463864,0.408248290463858,-0.816496580927728));
#2768=DIRECTION('ref_axis',(-0.57735026918963,0.577350269189623,0.577350269189624));
#2769=DIRECTION('center_axis',(0.,0.,1.));
#2770=DIRECTION('ref_axis',(-1.,0.,0.));
#2771=DIRECTION('center_axis',(-1.,0.,-1.38777878078144E-14));
#2772=DIRECTION('ref_axis',(0.,1.,0.));
#2773=DIRECTION('center_axis',(0.408248290463864,-0.816496580927726,0.408248290463864));
#2774=DIRECTION('ref_axis',(-0.577350269189625,-0.577350269189627,-0.577350269189625));
#2775=DIRECTION('center_axis',(0.,0.,-1.));
#2776=DIRECTION('ref_axis',(-1.,0.,0.));
#2777=DIRECTION('center_axis',(0.,-1.,0.));
#2778=DIRECTION('ref_axis',(0.,0.,-1.));
#2779=DIRECTION('center_axis',(-1.,0.,0.));
#2780=DIRECTION('ref_axis',(0.,-1.,0.));
#2781=DIRECTION('center_axis',(0.,1.,0.));
#2782=DIRECTION('ref_axis',(-0.707106781186548,0.,-0.707106781186548));
#2783=DIRECTION('',(0.,-1.,0.));
#2784=DIRECTION('center_axis',(0.,-0.707106781186548,0.707106781186548));
#2785=DIRECTION('ref_axis',(0.,-0.707106781186547,-0.707106781186548));
#2786=DIRECTION('center_axis',(0.,-0.707106781186548,-0.707106781186548));
#2787=DIRECTION('ref_axis',(0.,0.707106781186548,-0.707106781186547));
#2788=DIRECTION('center_axis',(0.408248290463862,-0.816496580927723,0.408248290463869));
#2789=DIRECTION('ref_axis',(0.57735026918962,0.57735026918963,0.577350269189628));
#2790=DIRECTION('center_axis',(1.,0.,1.38777878078144E-14));
#2791=DIRECTION('ref_axis',(-1.38777878078144E-14,0.,1.));
#2792=DIRECTION('center_axis',(0.,0.,1.));
#2793=DIRECTION('ref_axis',(0.,1.,0.));
#2794=DIRECTION('center_axis',(-0.408248290463863,0.408248290463862,-0.816496580927726));
#2795=DIRECTION('ref_axis',(0.577350269189626,-0.577350269189626,-0.577350269189625));
#2796=DIRECTION('center_axis',(1.,8.67361737988403E-16,0.));
#2797=DIRECTION('ref_axis',(0.,0.,-1.));
#2798=DIRECTION('center_axis',(0.,-1.,0.));
#2799=DIRECTION('ref_axis',(1.,0.,0.));
#2800=DIRECTION('center_axis',(0.,0.,-1.));
#2801=DIRECTION('ref_axis',(0.,-1.,0.));
#2802=DIRECTION('center_axis',(0.,1.,0.));
#2803=DIRECTION('ref_axis',(0.707106781186548,0.,-0.707106781186548));
#2804=DIRECTION('center_axis',(0.,-0.707106781186548,-0.707106781186547));
#2805=DIRECTION('ref_axis',(0.,0.707106781186547,-0.707106781186548));
#2806=DIRECTION('center_axis',(0.,0.707106781186548,-0.707106781186547));
#2807=DIRECTION('ref_axis',(0.,-0.707106781186547,-0.707106781186548));
#2808=DIRECTION('',(0.,1.,0.));
#2809=DIRECTION('center_axis',(-0.408248290463864,-0.408248290463858,-0.816496580927728));
#2810=DIRECTION('ref_axis',(-0.57735026918963,-0.577350269189623,0.577350269189624));
#2811=DIRECTION('center_axis',(-1.,0.,-1.38777878078144E-14));
#2812=DIRECTION('ref_axis',(-1.38777878078144E-14,0.,1.));
#2813=DIRECTION('center_axis',(0.,0.,1.));
#2814=DIRECTION('ref_axis',(0.,-1.,0.));
#2815=DIRECTION('center_axis',(0.,0.,-1.));
#2816=DIRECTION('ref_axis',(-0.707106781186548,-0.707106781186548,0.));
#2817=DIRECTION('',(0.,0.,1.));
#2818=DIRECTION('center_axis',(-0.408248290463862,-0.816496580927724,-0.408248290463869));
#2819=DIRECTION('ref_axis',(0.57735026918962,-0.577350269189628,0.57735026918963));
#2820=DIRECTION('center_axis',(0.,0.,1.));
#2821=DIRECTION('ref_axis',(1.,0.,0.));
#2822=DIRECTION('center_axis',(1.,0.,1.38777878078144E-14));
#2823=DIRECTION('ref_axis',(0.,-1.,0.));
#2824=DIRECTION('center_axis',(-1.,0.,-1.48029736616687E-14));
#2825=DIRECTION('ref_axis',(-9.81307786677359E-15,-0.707106781186548,0.707106781186548));
#2826=DIRECTION('',(1.,0.,1.48029736616687E-14));
#2827=DIRECTION('center_axis',(0.,0.,1.));
#2828=DIRECTION('ref_axis',(0.707106781186547,-0.707106781186548,0.));
#2829=DIRECTION('',(0.,0.,-1.));
#2830=DIRECTION('center_axis',(1.,0.,0.));
#2831=DIRECTION('ref_axis',(0.,-0.707106781186548,-0.707106781186548));
#2832=DIRECTION('',(-1.,0.,0.));
#2833=DIRECTION('',(1.,0.,0.));
#2834=DIRECTION('center_axis',(0.,0.,-1.));
#2835=DIRECTION('ref_axis',(0.707106781186547,0.707106781186548,0.));
#2836=DIRECTION('',(0.,0.,1.));
#2837=DIRECTION('center_axis',(1.,0.,1.48029736616687E-14));
#2838=DIRECTION('ref_axis',(-9.81307786677359E-15,0.707106781186548,0.707106781186548));
#2839=DIRECTION('',(-1.,0.,-1.48029736616687E-14));
#2840=DIRECTION('center_axis',(0.,0.,1.));
#2841=DIRECTION('ref_axis',(-0.707106781186548,0.707106781186548,0.));
#2842=DIRECTION('',(0.,0.,-1.));
#2843=DIRECTION('center_axis',(-1.,0.,0.));
#2844=DIRECTION('ref_axis',(0.,0.707106781186548,-0.707106781186548));
#2845=DIRECTION('',(1.,0.,0.));
#2846=DIRECTION('',(-1.,0.,0.));
#2847=DIRECTION('center_axis',(0.,0.,-1.));
#2848=DIRECTION('ref_axis',(-1.,0.,0.));
#2849=DIRECTION('center_axis',(0.,-1.,0.));
#2850=DIRECTION('ref_axis',(0.,0.,-1.));
#2851=DIRECTION('center_axis',(0.,1.,0.));
#2852=DIRECTION('ref_axis',(0.,0.,1.));
#2853=CARTESIAN_POINT('',(0.,0.,0.));
#2854=CARTESIAN_POINT('Origin',(-0.25,-0.21,0.585));
#2855=CARTESIAN_POINT('',(-0.125,-0.23,0.585));
#2856=CARTESIAN_POINT('',(-0.125877096848301,-0.224142135623731,0.599142135623731));
#2857=CARTESIAN_POINT('Ctrl Pts',(-0.125,-0.23,0.585));
#2858=CARTESIAN_POINT('Ctrl Pts',(-0.125,-0.23,0.587529154317427));
#2859=CARTESIAN_POINT('Ctrl Pts',(-0.124975754587689,-0.2294899386347,0.590223470237387));
#2860=CARTESIAN_POINT('Ctrl Pts',(-0.125142298448912,-0.227435164815299,
0.595156280641413));
#2861=CARTESIAN_POINT('Ctrl Pts',(-0.125341683183314,-0.22588998484044,
0.597394286407022));
#2862=CARTESIAN_POINT('Ctrl Pts',(-0.125877096848301,-0.224142135623731,
0.599142135623731));
#2863=CARTESIAN_POINT('',(0.125,-0.23,0.585));
#2864=CARTESIAN_POINT('',(-0.25,-0.23,0.585));
#2865=CARTESIAN_POINT('',(0.125877096848301,-0.224142135623731,0.599142135623731));
#2866=CARTESIAN_POINT('Ctrl Pts',(0.125877096848301,-0.224142135623731,
0.599142135623731));
#2867=CARTESIAN_POINT('Ctrl Pts',(0.125341683183314,-0.22588998484044,0.597394286407022));
#2868=CARTESIAN_POINT('Ctrl Pts',(0.125142298448912,-0.227435164815299,
0.595156280641413));
#2869=CARTESIAN_POINT('Ctrl Pts',(0.124975754587689,-0.2294899386347,0.590223470237387));
#2870=CARTESIAN_POINT('Ctrl Pts',(0.125,-0.23,0.587529154317427));
#2871=CARTESIAN_POINT('Ctrl Pts',(0.125,-0.23,0.585));
#2872=CARTESIAN_POINT('',(0.125,-0.21,0.604999999999999));
#2873=CARTESIAN_POINT('Ctrl Pts',(0.125,-0.21,0.605));
#2874=CARTESIAN_POINT('Ctrl Pts',(0.125,-0.212529154317427,0.605));
#2875=CARTESIAN_POINT('Ctrl Pts',(0.124975754587689,-0.215223470237387,
0.6044899386347));
#2876=CARTESIAN_POINT('Ctrl Pts',(0.125142298448912,-0.220156280641414,
0.602435164815299));
#2877=CARTESIAN_POINT('Ctrl Pts',(0.125341683183314,-0.222394286407022,
0.60088998484044));
#2878=CARTESIAN_POINT('Ctrl Pts',(0.125877096848301,-0.224142135623731,
0.599142135623731));
#2879=CARTESIAN_POINT('',(-0.125,-0.21,0.604999999999999));
#2880=CARTESIAN_POINT('',(-0.25,-0.21,0.605));
#2881=CARTESIAN_POINT('Ctrl Pts',(-0.125877096848301,-0.224142135623731,
0.599142135623731));
#2882=CARTESIAN_POINT('Ctrl Pts',(-0.125341683183314,-0.222394286407022,
0.60088998484044));
#2883=CARTESIAN_POINT('Ctrl Pts',(-0.125142298448912,-0.220156280641414,
0.602435164815299));
#2884=CARTESIAN_POINT('Ctrl Pts',(-0.124975754587689,-0.215223470237387,
0.6044899386347));
#2885=CARTESIAN_POINT('Ctrl Pts',(-0.125,-0.212529154317427,0.605));
#2886=CARTESIAN_POINT('Ctrl Pts',(-0.125,-0.21,0.605));
#2887=CARTESIAN_POINT('Origin',(-0.5,0.,0.605));
#2888=CARTESIAN_POINT('',(0.125,0.21,0.604999999999999));
#2889=CARTESIAN_POINT('',(0.125,0.,0.604999999999999));
#2890=CARTESIAN_POINT('',(-0.125,0.21,0.604999999999999));
#2891=CARTESIAN_POINT('',(-0.25,0.21,0.605));
#2892=CARTESIAN_POINT('',(-0.125,0.,0.604999999999999));
#2893=CARTESIAN_POINT('Origin',(0.25,-0.21,-0.585));
#2894=CARTESIAN_POINT('',(0.125,-0.23,-0.585));
#2895=CARTESIAN_POINT('',(0.125877096848301,-0.224142135623731,-0.599142135623731));
#2896=CARTESIAN_POINT('Ctrl Pts',(0.125,-0.23,-0.585));
#2897=CARTESIAN_POINT('Ctrl Pts',(0.125,-0.23,-0.587529154317427));
#2898=CARTESIAN_POINT('Ctrl Pts',(0.124975754587689,-0.2294899386347,-0.590223470237387));
#2899=CARTESIAN_POINT('Ctrl Pts',(0.125142298448912,-0.227435164815299,
-0.595156280641413));
#2900=CARTESIAN_POINT('Ctrl Pts',(0.125341683183314,-0.22588998484044,-0.597394286407022));
#2901=CARTESIAN_POINT('Ctrl Pts',(0.125877096848301,-0.224142135623731,
-0.599142135623731));
#2902=CARTESIAN_POINT('',(-0.125,-0.23,-0.585));
#2903=CARTESIAN_POINT('',(0.25,-0.23,-0.585));
#2904=CARTESIAN_POINT('',(-0.125877096848301,-0.224142135623731,-0.599142135623731));
#2905=CARTESIAN_POINT('Ctrl Pts',(-0.125877096848301,-0.224142135623731,
-0.599142135623731));
#2906=CARTESIAN_POINT('Ctrl Pts',(-0.125341683183314,-0.22588998484044,
-0.597394286407022));
#2907=CARTESIAN_POINT('Ctrl Pts',(-0.125142298448912,-0.227435164815299,
-0.595156280641413));
#2908=CARTESIAN_POINT('Ctrl Pts',(-0.124975754587689,-0.2294899386347,-0.590223470237387));
#2909=CARTESIAN_POINT('Ctrl Pts',(-0.125,-0.23,-0.587529154317427));
#2910=CARTESIAN_POINT('Ctrl Pts',(-0.125,-0.23,-0.585));
#2911=CARTESIAN_POINT('',(-0.125,-0.21,-0.605000000000001));
#2912=CARTESIAN_POINT('Ctrl Pts',(-0.125,-0.21,-0.605));
#2913=CARTESIAN_POINT('Ctrl Pts',(-0.125,-0.212529154317427,-0.605));
#2914=CARTESIAN_POINT('Ctrl Pts',(-0.124975754587689,-0.215223470237386,
-0.6044899386347));
#2915=CARTESIAN_POINT('Ctrl Pts',(-0.125142298448912,-0.220156280641413,
-0.602435164815299));
#2916=CARTESIAN_POINT('Ctrl Pts',(-0.125341683183314,-0.222394286407021,
-0.60088998484044));
#2917=CARTESIAN_POINT('Ctrl Pts',(-0.125877096848301,-0.224142135623731,
-0.599142135623731));
#2918=CARTESIAN_POINT('',(0.125,-0.21,-0.605000000000001));
#2919=CARTESIAN_POINT('',(0.25,-0.21,-0.605));
#2920=CARTESIAN_POINT('Ctrl Pts',(0.125877096848301,-0.224142135623731,
-0.599142135623731));
#2921=CARTESIAN_POINT('Ctrl Pts',(0.125341683183314,-0.222394286407021,
-0.60088998484044));
#2922=CARTESIAN_POINT('Ctrl Pts',(0.125142298448912,-0.220156280641413,
-0.602435164815299));
#2923=CARTESIAN_POINT('Ctrl Pts',(0.124975754587689,-0.215223470237386,
-0.6044899386347));
#2924=CARTESIAN_POINT('Ctrl Pts',(0.125,-0.212529154317427,-0.605));
#2925=CARTESIAN_POINT('Ctrl Pts',(0.125,-0.21,-0.605));
#2926=CARTESIAN_POINT('Origin',(0.5,0.,-0.605));
#2927=CARTESIAN_POINT('',(-0.125,0.21,-0.605000000000001));
#2928=CARTESIAN_POINT('',(-0.125,0.,-0.605000000000001));
#2929=CARTESIAN_POINT('',(0.125,0.21,-0.605000000000001));
#2930=CARTESIAN_POINT('',(0.25,0.21,-0.605));
#2931=CARTESIAN_POINT('',(0.125,0.,-0.605000000000001));
#2932=CARTESIAN_POINT('Origin',(-0.25,0.21,0.585));
#2933=CARTESIAN_POINT('',(0.125,0.23,0.585));
#2934=CARTESIAN_POINT('',(0.125877096848301,0.224142135623731,0.599142135623731));
#2935=CARTESIAN_POINT('Ctrl Pts',(0.125,0.23,0.585));
#2936=CARTESIAN_POINT('Ctrl Pts',(0.125,0.23,0.587529154317427));
#2937=CARTESIAN_POINT('Ctrl Pts',(0.124975754587689,0.2294899386347,0.590223470237387));
#2938=CARTESIAN_POINT('Ctrl Pts',(0.125142298448912,0.227435164815299,0.595156280641413));
#2939=CARTESIAN_POINT('Ctrl Pts',(0.125341683183314,0.22588998484044,0.597394286407022));
#2940=CARTESIAN_POINT('Ctrl Pts',(0.125877096848301,0.224142135623731,0.599142135623731));
#2941=CARTESIAN_POINT('',(-0.125,0.23,0.585));
#2942=CARTESIAN_POINT('',(-0.25,0.23,0.585));
#2943=CARTESIAN_POINT('',(-0.125877096848301,0.224142135623731,0.599142135623731));
#2944=CARTESIAN_POINT('Ctrl Pts',(-0.125877096848301,0.224142135623731,
0.599142135623731));
#2945=CARTESIAN_POINT('Ctrl Pts',(-0.125341683183314,0.22588998484044,0.597394286407022));
#2946=CARTESIAN_POINT('Ctrl Pts',(-0.125142298448912,0.227435164815299,
0.595156280641413));
#2947=CARTESIAN_POINT('Ctrl Pts',(-0.124975754587689,0.2294899386347,0.590223470237387));
#2948=CARTESIAN_POINT('Ctrl Pts',(-0.125,0.23,0.587529154317427));
#2949=CARTESIAN_POINT('Ctrl Pts',(-0.125,0.23,0.585));
#2950=CARTESIAN_POINT('Ctrl Pts',(-0.125,0.21,0.605));
#2951=CARTESIAN_POINT('Ctrl Pts',(-0.125,0.212529154317427,0.605));
#2952=CARTESIAN_POINT('Ctrl Pts',(-0.124975754587689,0.215223470237387,
0.6044899386347));
#2953=CARTESIAN_POINT('Ctrl Pts',(-0.125142298448912,0.220156280641414,
0.602435164815299));
#2954=CARTESIAN_POINT('Ctrl Pts',(-0.125341683183314,0.222394286407022,
0.60088998484044));
#2955=CARTESIAN_POINT('Ctrl Pts',(-0.125877096848301,0.224142135623731,
0.599142135623731));
#2956=CARTESIAN_POINT('Ctrl Pts',(0.125877096848301,0.224142135623731,0.599142135623731));
#2957=CARTESIAN_POINT('Ctrl Pts',(0.125341683183314,0.222394286407022,0.60088998484044));
#2958=CARTESIAN_POINT('Ctrl Pts',(0.125142298448912,0.220156280641414,0.602435164815299));
#2959=CARTESIAN_POINT('Ctrl Pts',(0.124975754587689,0.215223470237387,0.6044899386347));
#2960=CARTESIAN_POINT('Ctrl Pts',(0.125,0.212529154317427,0.605));
#2961=CARTESIAN_POINT('Ctrl Pts',(0.125,0.21,0.605));
#2962=CARTESIAN_POINT('Origin',(-0.48,-0.21,0.585));
#2963=CARTESIAN_POINT('',(-0.48,-0.21,0.605));
#2964=CARTESIAN_POINT('',(-0.48,-0.23,0.585));
#2965=CARTESIAN_POINT('Origin',(-0.48,-0.21,0.585));
#2966=CARTESIAN_POINT('',(-0.5,-0.21,0.585));
#2967=CARTESIAN_POINT('Origin',(-0.48,-0.21,0.585));
#2968=CARTESIAN_POINT('Origin',(-0.48,-0.21,0.585));
#2969=CARTESIAN_POINT('Origin',(-0.48,-0.21,-0.585));
#2970=CARTESIAN_POINT('',(-0.5,-0.21,-0.585));
#2971=CARTESIAN_POINT('',(-0.48,-0.23,-0.585));
#2972=CARTESIAN_POINT('Origin',(-0.48,-0.21,-0.585));
#2973=CARTESIAN_POINT('',(-0.48,-0.21,-0.605));
#2974=CARTESIAN_POINT('Origin',(-0.48,-0.21,-0.585));
#2975=CARTESIAN_POINT('Origin',(-0.48,-0.21,-0.585));
#2976=CARTESIAN_POINT('Origin',(-0.48,0.21,0.585));
#2977=CARTESIAN_POINT('',(-0.5,0.21,0.585));
#2978=CARTESIAN_POINT('',(-0.48,0.23,0.585));
#2979=CARTESIAN_POINT('Origin',(-0.48,0.21,0.585));
#2980=CARTESIAN_POINT('',(-0.48,0.21,0.605));
#2981=CARTESIAN_POINT('Origin',(-0.48,0.21,0.585));
#2982=CARTESIAN_POINT('Origin',(-0.48,0.21,0.585));
#2983=CARTESIAN_POINT('Origin',(-0.48,0.,0.585));
#2984=CARTESIAN_POINT('',(-0.48,0.,0.605));
#2985=CARTESIAN_POINT('',(-0.5,0.,0.585));
#2986=CARTESIAN_POINT('Origin',(-0.25,0.21,0.585));
#2987=CARTESIAN_POINT('',(-0.425,0.23,0.585));
#2988=CARTESIAN_POINT('',(-0.424122903151698,0.224142135623731,0.599142135623731));
#2989=CARTESIAN_POINT('Ctrl Pts',(-0.425,0.23,0.585));
#2990=CARTESIAN_POINT('Ctrl Pts',(-0.425,0.23,0.587529154317427));
#2991=CARTESIAN_POINT('Ctrl Pts',(-0.425024245412311,0.2294899386347,0.590223470237387));
#2992=CARTESIAN_POINT('Ctrl Pts',(-0.424857701551087,0.227435164815299,
0.595156280641413));
#2993=CARTESIAN_POINT('Ctrl Pts',(-0.424658316816686,0.22588998484044,0.597394286407022));
#2994=CARTESIAN_POINT('Ctrl Pts',(-0.424122903151698,0.224142135623731,
0.599142135623731));
#2995=CARTESIAN_POINT('',(-0.25,0.23,0.585));
#2996=CARTESIAN_POINT('',(-0.425,0.21,0.604999999999999));
#2997=CARTESIAN_POINT('',(-0.25,0.21,0.605));
#2998=CARTESIAN_POINT('Ctrl Pts',(-0.424122903151698,0.224142135623731,
0.599142135623731));
#2999=CARTESIAN_POINT('Ctrl Pts',(-0.424658316816686,0.222394286407022,
0.60088998484044));
#3000=CARTESIAN_POINT('Ctrl Pts',(-0.424857701551087,0.220156280641414,
0.602435164815299));
#3001=CARTESIAN_POINT('Ctrl Pts',(-0.42502424541231,0.215223470237387,0.6044899386347));
#3002=CARTESIAN_POINT('Ctrl Pts',(-0.425,0.212529154317427,0.605));
#3003=CARTESIAN_POINT('Ctrl Pts',(-0.425,0.21,0.605));
#3004=CARTESIAN_POINT('Origin',(-0.48,0.21,-0.585));
#3005=CARTESIAN_POINT('',(-0.48,0.21,-0.605));
#3006=CARTESIAN_POINT('',(-0.48,0.23,-0.585));
#3007=CARTESIAN_POINT('Origin',(-0.48,0.21,-0.585));
#3008=CARTESIAN_POINT('',(-0.5,0.21,-0.585));
#3009=CARTESIAN_POINT('Origin',(-0.48,0.21,-0.585));
#3010=CARTESIAN_POINT('Origin',(-0.48,0.21,-0.585));
#3011=CARTESIAN_POINT('Origin',(-0.48,0.,-0.585));
#3012=CARTESIAN_POINT('',(-0.48,0.,-0.605));
#3013=CARTESIAN_POINT('',(-0.5,0.,-0.585));
#3014=CARTESIAN_POINT('Origin',(-0.48,0.21,-0.3025));
#3015=CARTESIAN_POINT('',(-0.48,0.23,-0.3025));
#3016=CARTESIAN_POINT('',(-0.5,0.21,-0.3025));
#3017=CARTESIAN_POINT('Origin',(0.25,0.21,-0.585));
#3018=CARTESIAN_POINT('',(-0.425,0.21,-0.605000000000001));
#3019=CARTESIAN_POINT('',(-0.424122903151698,0.224142135623731,-0.599142135623731));
#3020=CARTESIAN_POINT('Ctrl Pts',(-0.425,0.21,-0.605));
#3021=CARTESIAN_POINT('Ctrl Pts',(-0.425,0.212529154317427,-0.605));
#3022=CARTESIAN_POINT('Ctrl Pts',(-0.42502424541231,0.215223470237386,-0.6044899386347));
#3023=CARTESIAN_POINT('Ctrl Pts',(-0.424857701551087,0.220156280641413,
-0.602435164815299));
#3024=CARTESIAN_POINT('Ctrl Pts',(-0.424658316816686,0.222394286407021,
-0.60088998484044));
#3025=CARTESIAN_POINT('Ctrl Pts',(-0.424122903151698,0.224142135623731,
-0.599142135623731));
#3026=CARTESIAN_POINT('',(0.25,0.21,-0.605));
#3027=CARTESIAN_POINT('',(-0.425,0.23,-0.585));
#3028=CARTESIAN_POINT('',(0.25,0.23,-0.585));
#3029=CARTESIAN_POINT('Ctrl Pts',(-0.424122903151698,0.224142135623731,
-0.599142135623731));
#3030=CARTESIAN_POINT('Ctrl Pts',(-0.424658316816686,0.22588998484044,-0.597394286407022));
#3031=CARTESIAN_POINT('Ctrl Pts',(-0.424857701551087,0.227435164815299,
-0.595156280641413));
#3032=CARTESIAN_POINT('Ctrl Pts',(-0.425024245412311,0.2294899386347,-0.590223470237387));
#3033=CARTESIAN_POINT('Ctrl Pts',(-0.425,0.23,-0.587529154317427));
#3034=CARTESIAN_POINT('Ctrl Pts',(-0.425,0.23,-0.585));
#3035=CARTESIAN_POINT('Origin',(0.25,-0.21,-0.585));
#3036=CARTESIAN_POINT('',(-0.425,-0.23,-0.585));
#3037=CARTESIAN_POINT('',(-0.424122903151698,-0.224142135623731,-0.599142135623731));
#3038=CARTESIAN_POINT('Ctrl Pts',(-0.425,-0.23,-0.585));
#3039=CARTESIAN_POINT('Ctrl Pts',(-0.425,-0.23,-0.587529154317427));
#3040=CARTESIAN_POINT('Ctrl Pts',(-0.425024245412311,-0.2294899386347,-0.590223470237387));
#3041=CARTESIAN_POINT('Ctrl Pts',(-0.424857701551087,-0.227435164815299,
-0.595156280641413));
#3042=CARTESIAN_POINT('Ctrl Pts',(-0.424658316816686,-0.22588998484044,
-0.597394286407022));
#3043=CARTESIAN_POINT('Ctrl Pts',(-0.424122903151698,-0.224142135623731,
-0.599142135623731));
#3044=CARTESIAN_POINT('',(0.25,-0.23,-0.585));
#3045=CARTESIAN_POINT('',(-0.425,-0.21,-0.605000000000001));
#3046=CARTESIAN_POINT('',(0.25,-0.21,-0.605));
#3047=CARTESIAN_POINT('Ctrl Pts',(-0.424122903151698,-0.224142135623731,
-0.599142135623731));
#3048=CARTESIAN_POINT('Ctrl Pts',(-0.424658316816686,-0.222394286407021,
-0.60088998484044));
#3049=CARTESIAN_POINT('Ctrl Pts',(-0.424857701551087,-0.220156280641413,
-0.602435164815299));
#3050=CARTESIAN_POINT('Ctrl Pts',(-0.42502424541231,-0.215223470237386,
-0.6044899386347));
#3051=CARTESIAN_POINT('Ctrl Pts',(-0.425,-0.212529154317427,-0.605));
#3052=CARTESIAN_POINT('Ctrl Pts',(-0.425,-0.21,-0.605));
#3053=CARTESIAN_POINT('Origin',(-0.48,-0.21,-0.3025));
#3054=CARTESIAN_POINT('',(-0.48,-0.23,-0.3025));
#3055=CARTESIAN_POINT('',(-0.5,-0.21,-0.3025));
#3056=CARTESIAN_POINT('Origin',(-0.25,-0.21,0.585));
#3057=CARTESIAN_POINT('',(-0.425,-0.21,0.604999999999999));
#3058=CARTESIAN_POINT('',(-0.424122903151698,-0.224142135623731,0.599142135623731));
#3059=CARTESIAN_POINT('Ctrl Pts',(-0.425,-0.21,0.605));
#3060=CARTESIAN_POINT('Ctrl Pts',(-0.425,-0.212529154317427,0.605));
#3061=CARTESIAN_POINT('Ctrl Pts',(-0.42502424541231,-0.215223470237387,
0.6044899386347));
#3062=CARTESIAN_POINT('Ctrl Pts',(-0.424857701551087,-0.220156280641414,
0.602435164815299));
#3063=CARTESIAN_POINT('Ctrl Pts',(-0.424658316816686,-0.222394286407022,
0.60088998484044));
#3064=CARTESIAN_POINT('Ctrl Pts',(-0.424122903151698,-0.224142135623731,
0.599142135623731));
#3065=CARTESIAN_POINT('',(-0.25,-0.21,0.605));
#3066=CARTESIAN_POINT('',(-0.425,-0.23,0.585));
#3067=CARTESIAN_POINT('',(-0.25,-0.23,0.585));
#3068=CARTESIAN_POINT('Ctrl Pts',(-0.424122903151698,-0.224142135623731,
0.599142135623731));
#3069=CARTESIAN_POINT('Ctrl Pts',(-0.424658316816686,-0.22588998484044,
0.597394286407022));
#3070=CARTESIAN_POINT('Ctrl Pts',(-0.424857701551087,-0.227435164815299,
0.595156280641413));
#3071=CARTESIAN_POINT('Ctrl Pts',(-0.425024245412311,-0.2294899386347,0.590223470237387));
#3072=CARTESIAN_POINT('Ctrl Pts',(-0.425,-0.23,0.587529154317427));
#3073=CARTESIAN_POINT('Ctrl Pts',(-0.425,-0.23,0.585));
#3074=CARTESIAN_POINT('Origin',(-6.93889390390723E-17,0.23,0.));
#3075=CARTESIAN_POINT('',(0.125,0.23,0.444999999999995));
#3076=CARTESIAN_POINT('',(0.125,0.23,0.474999999999996));
#3077=CARTESIAN_POINT('',(0.145,0.23,0.424999999999995));
#3078=CARTESIAN_POINT('Origin',(0.145,0.23,0.444999999999995));
#3079=CARTESIAN_POINT('',(0.405,0.23,0.424999999999999));
#3080=CARTESIAN_POINT('',(0.35,0.23,0.424999999999998));
#3081=CARTESIAN_POINT('',(0.425,0.23,0.444999999999999));
#3082=CARTESIAN_POINT('Origin',(0.405,0.23,0.444999999999999));
#3083=CARTESIAN_POINT('',(0.425,0.23,0.585));
#3084=CARTESIAN_POINT('',(0.425,0.23,0.574999999999998));
#3085=CARTESIAN_POINT('',(0.48,0.23,0.585));
#3086=CARTESIAN_POINT('',(-0.25,0.23,0.585));
#3087=CARTESIAN_POINT('',(0.48,0.23,-0.585));
#3088=CARTESIAN_POINT('',(0.48,0.23,0.3025));
#3089=CARTESIAN_POINT('',(0.425,0.23,-0.585));
#3090=CARTESIAN_POINT('',(0.25,0.23,-0.585));
#3091=CARTESIAN_POINT('',(0.425,0.23,-0.445));
#3092=CARTESIAN_POINT('',(0.425,0.23,-0.475));
#3093=CARTESIAN_POINT('',(0.405,0.23,-0.425));
#3094=CARTESIAN_POINT('Origin',(0.405,0.23,-0.445));
#3095=CARTESIAN_POINT('',(0.145,0.23,-0.424999999999996));
#3096=CARTESIAN_POINT('',(0.2,0.23,-0.424999999999997));
#3097=CARTESIAN_POINT('',(0.125,0.23,-0.444999999999997));
#3098=CARTESIAN_POINT('Origin',(0.145,0.23,-0.444999999999997));
#3099=CARTESIAN_POINT('',(0.125,0.23,-0.585));
#3100=CARTESIAN_POINT('',(0.125,0.23,-0.575));
#3101=CARTESIAN_POINT('',(-0.125,0.23,-0.585));
#3102=CARTESIAN_POINT('',(0.25,0.23,-0.585));
#3103=CARTESIAN_POINT('',(-0.125,0.23,-0.444999999999997));
#3104=CARTESIAN_POINT('',(-0.125,0.23,-0.474999999999997));
#3105=CARTESIAN_POINT('',(-0.145,0.23,-0.424999999999996));
#3106=CARTESIAN_POINT('Origin',(-0.145,0.23,-0.444999999999997));
#3107=CARTESIAN_POINT('',(-0.405,0.23,-0.425));
#3108=CARTESIAN_POINT('',(-0.350000000000001,0.23,-0.425));
#3109=CARTESIAN_POINT('',(-0.425,0.23,-0.445));
#3110=CARTESIAN_POINT('Origin',(-0.405,0.23,-0.445));
#3111=CARTESIAN_POINT('',(-0.425,0.23,-0.575));
#3112=CARTESIAN_POINT('',(-0.425,0.23,0.444999999999999));
#3113=CARTESIAN_POINT('',(-0.425,0.23,0.474999999999998));
#3114=CARTESIAN_POINT('',(-0.405,0.23,0.424999999999999));
#3115=CARTESIAN_POINT('Origin',(-0.405,0.23,0.444999999999999));
#3116=CARTESIAN_POINT('',(-0.145,0.23,0.424999999999995));
#3117=CARTESIAN_POINT('',(-0.2,0.23,0.424999999999996));
#3118=CARTESIAN_POINT('',(-0.125,0.23,0.444999999999995));
#3119=CARTESIAN_POINT('Origin',(-0.145,0.23,0.444999999999995));
#3120=CARTESIAN_POINT('',(-0.125,0.23,0.574999999999998));
#3121=CARTESIAN_POINT('Origin',(-0.5,0.,0.605));
#3122=CARTESIAN_POINT('',(-0.425,0.,0.604999999999999));
#3123=CARTESIAN_POINT('Origin',(-0.5,0.,-0.605));
#3124=CARTESIAN_POINT('Origin',(0.25,0.21,-0.585));
#3125=CARTESIAN_POINT('',(-0.125877096848301,0.224142135623731,-0.599142135623731));
#3126=CARTESIAN_POINT('Ctrl Pts',(-0.125,0.23,-0.585));
#3127=CARTESIAN_POINT('Ctrl Pts',(-0.125,0.23,-0.587529154317427));
#3128=CARTESIAN_POINT('Ctrl Pts',(-0.124975754587689,0.2294899386347,-0.590223470237387));
#3129=CARTESIAN_POINT('Ctrl Pts',(-0.125142298448912,0.227435164815299,
-0.595156280641413));
#3130=CARTESIAN_POINT('Ctrl Pts',(-0.125341683183314,0.22588998484044,-0.597394286407022));
#3131=CARTESIAN_POINT('Ctrl Pts',(-0.125877096848301,0.224142135623731,
-0.599142135623731));
#3132=CARTESIAN_POINT('',(0.125877096848301,0.224142135623731,-0.599142135623731));
#3133=CARTESIAN_POINT('Ctrl Pts',(0.125877096848301,0.224142135623731,-0.599142135623731));
#3134=CARTESIAN_POINT('Ctrl Pts',(0.125341683183314,0.22588998484044,-0.597394286407022));
#3135=CARTESIAN_POINT('Ctrl Pts',(0.125142298448912,0.227435164815299,-0.595156280641413));
#3136=CARTESIAN_POINT('Ctrl Pts',(0.124975754587689,0.2294899386347,-0.590223470237387));
#3137=CARTESIAN_POINT('Ctrl Pts',(0.125,0.23,-0.587529154317427));
#3138=CARTESIAN_POINT('Ctrl Pts',(0.125,0.23,-0.585));
#3139=CARTESIAN_POINT('Ctrl Pts',(0.125,0.21,-0.605));
#3140=CARTESIAN_POINT('Ctrl Pts',(0.125,0.212529154317427,-0.605));
#3141=CARTESIAN_POINT('Ctrl Pts',(0.124975754587689,0.215223470237386,-0.6044899386347));
#3142=CARTESIAN_POINT('Ctrl Pts',(0.125142298448912,0.220156280641413,-0.602435164815299));
#3143=CARTESIAN_POINT('Ctrl Pts',(0.125341683183314,0.222394286407021,-0.60088998484044));
#3144=CARTESIAN_POINT('Ctrl Pts',(0.125877096848301,0.224142135623731,-0.599142135623731));
#3145=CARTESIAN_POINT('Ctrl Pts',(-0.125877096848301,0.224142135623731,
-0.599142135623731));
#3146=CARTESIAN_POINT('Ctrl Pts',(-0.125341683183314,0.222394286407021,
-0.60088998484044));
#3147=CARTESIAN_POINT('Ctrl Pts',(-0.125142298448912,0.220156280641413,
-0.602435164815299));
#3148=CARTESIAN_POINT('Ctrl Pts',(-0.124975754587689,0.215223470237387,
-0.6044899386347));
#3149=CARTESIAN_POINT('Ctrl Pts',(-0.125,0.212529154317427,-0.605));
#3150=CARTESIAN_POINT('Ctrl Pts',(-0.125,0.21,-0.605));
#3151=CARTESIAN_POINT('Origin',(0.48,-0.21,-0.585));
#3152=CARTESIAN_POINT('',(0.48,-0.21,-0.605));
#3153=CARTESIAN_POINT('',(0.48,-0.23,-0.585));
#3154=CARTESIAN_POINT('Origin',(0.48,-0.21,-0.585));
#3155=CARTESIAN_POINT('',(0.5,-0.21,-0.585));
#3156=CARTESIAN_POINT('Origin',(0.48,-0.21,-0.585));
#3157=CARTESIAN_POINT('Origin',(0.48,-0.21,-0.585));
#3158=CARTESIAN_POINT('Origin',(0.48,-0.21,0.585));
#3159=CARTESIAN_POINT('',(0.5,-0.21,0.585));
#3160=CARTESIAN_POINT('',(0.48,-0.23,0.585));
#3161=CARTESIAN_POINT('Origin',(0.48,-0.21,0.585));
#3162=CARTESIAN_POINT('',(0.48,-0.21,0.605));
#3163=CARTESIAN_POINT('Origin',(0.48,-0.21,0.585));
#3164=CARTESIAN_POINT('Origin',(0.48,-0.21,0.585));
#3165=CARTESIAN_POINT('Origin',(0.48,0.21,-0.585));
#3166=CARTESIAN_POINT('',(0.5,0.21,-0.585));
#3167=CARTESIAN_POINT('Origin',(0.48,0.21,-0.585));
#3168=CARTESIAN_POINT('',(0.48,0.21,-0.605));
#3169=CARTESIAN_POINT('Origin',(0.48,0.21,-0.585));
#3170=CARTESIAN_POINT('Origin',(0.48,0.21,-0.585));
#3171=CARTESIAN_POINT('Origin',(0.48,0.,-0.585));
#3172=CARTESIAN_POINT('',(0.5,0.,-0.585));
#3173=CARTESIAN_POINT('',(0.48,0.,-0.605));
#3174=CARTESIAN_POINT('Origin',(0.25,0.21,-0.585));
#3175=CARTESIAN_POINT('',(0.424122903151698,0.224142135623731,-0.599142135623731));
#3176=CARTESIAN_POINT('Ctrl Pts',(0.425,0.23,-0.585));
#3177=CARTESIAN_POINT('Ctrl Pts',(0.425,0.23,-0.587529154317427));
#3178=CARTESIAN_POINT('Ctrl Pts',(0.425024245412311,0.2294899386347,-0.590223470237387));
#3179=CARTESIAN_POINT('Ctrl Pts',(0.424857701551087,0.227435164815299,-0.595156280641413));
#3180=CARTESIAN_POINT('Ctrl Pts',(0.424658316816686,0.22588998484044,-0.597394286407022));
#3181=CARTESIAN_POINT('Ctrl Pts',(0.424122903151698,0.224142135623731,-0.599142135623731));
#3182=CARTESIAN_POINT('',(0.425,0.21,-0.605000000000001));
#3183=CARTESIAN_POINT('',(0.25,0.21,-0.605));
#3184=CARTESIAN_POINT('Ctrl Pts',(0.424122903151698,0.224142135623731,-0.599142135623731));
#3185=CARTESIAN_POINT('Ctrl Pts',(0.424658316816686,0.222394286407021,-0.60088998484044));
#3186=CARTESIAN_POINT('Ctrl Pts',(0.424857701551087,0.220156280641413,-0.602435164815299));
#3187=CARTESIAN_POINT('Ctrl Pts',(0.42502424541231,0.215223470237386,-0.6044899386347));
#3188=CARTESIAN_POINT('Ctrl Pts',(0.425,0.212529154317427,-0.605));
#3189=CARTESIAN_POINT('Ctrl Pts',(0.425,0.21,-0.605));
#3190=CARTESIAN_POINT('Origin',(0.48,0.21,0.585));
#3191=CARTESIAN_POINT('',(0.48,0.21,0.605));
#3192=CARTESIAN_POINT('Origin',(0.48,0.21,0.585));
#3193=CARTESIAN_POINT('',(0.5,0.21,0.585));
#3194=CARTESIAN_POINT('Origin',(0.48,0.21,0.585));
#3195=CARTESIAN_POINT('Origin',(0.48,0.21,0.585));
#3196=CARTESIAN_POINT('Origin',(0.48,0.,0.585));
#3197=CARTESIAN_POINT('',(0.48,0.,0.605));
#3198=CARTESIAN_POINT('',(0.5,0.,0.585));
#3199=CARTESIAN_POINT('Origin',(0.48,0.21,0.3025));
#3200=CARTESIAN_POINT('',(0.5,0.21,0.3025));
#3201=CARTESIAN_POINT('Origin',(-0.25,0.21,0.585));
#3202=CARTESIAN_POINT('',(0.425,0.21,0.604999999999999));
#3203=CARTESIAN_POINT('',(0.424122903151698,0.224142135623731,0.599142135623731));
#3204=CARTESIAN_POINT('Ctrl Pts',(0.425,0.21,0.605));
#3205=CARTESIAN_POINT('Ctrl Pts',(0.425,0.212529154317427,0.605));
#3206=CARTESIAN_POINT('Ctrl Pts',(0.42502424541231,0.215223470237387,0.6044899386347));
#3207=CARTESIAN_POINT('Ctrl Pts',(0.424857701551087,0.220156280641414,0.602435164815299));
#3208=CARTESIAN_POINT('Ctrl Pts',(0.424658316816686,0.222394286407022,0.60088998484044));
#3209=CARTESIAN_POINT('Ctrl Pts',(0.424122903151698,0.224142135623731,0.599142135623731));
#3210=CARTESIAN_POINT('',(-0.25,0.21,0.605));
#3211=CARTESIAN_POINT('Ctrl Pts',(0.424122903151698,0.224142135623731,0.599142135623731));
#3212=CARTESIAN_POINT('Ctrl Pts',(0.424658316816686,0.22588998484044,0.597394286407022));
#3213=CARTESIAN_POINT('Ctrl Pts',(0.424857701551087,0.227435164815299,0.595156280641413));
#3214=CARTESIAN_POINT('Ctrl Pts',(0.425024245412311,0.2294899386347,0.590223470237387));
#3215=CARTESIAN_POINT('Ctrl Pts',(0.425,0.23,0.587529154317427));
#3216=CARTESIAN_POINT('Ctrl Pts',(0.425,0.23,0.585));
#3217=CARTESIAN_POINT('Origin',(-0.25,-0.21,0.585));
#3218=CARTESIAN_POINT('',(0.425,-0.23,0.585));
#3219=CARTESIAN_POINT('',(0.424122903151698,-0.224142135623731,0.599142135623731));
#3220=CARTESIAN_POINT('Ctrl Pts',(0.425,-0.23,0.585));
#3221=CARTESIAN_POINT('Ctrl Pts',(0.425,-0.23,0.587529154317427));
#3222=CARTESIAN_POINT('Ctrl Pts',(0.425024245412311,-0.2294899386347,0.590223470237387));
#3223=CARTESIAN_POINT('Ctrl Pts',(0.424857701551087,-0.227435164815299,
0.595156280641413));
#3224=CARTESIAN_POINT('Ctrl Pts',(0.424658316816686,-0.22588998484044,0.597394286407022));
#3225=CARTESIAN_POINT('Ctrl Pts',(0.424122903151698,-0.224142135623731,
0.599142135623731));
#3226=CARTESIAN_POINT('',(-0.25,-0.23,0.585));
#3227=CARTESIAN_POINT('',(0.425,-0.21,0.604999999999999));
#3228=CARTESIAN_POINT('',(-0.25,-0.21,0.605));
#3229=CARTESIAN_POINT('Ctrl Pts',(0.424122903151698,-0.224142135623731,
0.599142135623731));
#3230=CARTESIAN_POINT('Ctrl Pts',(0.424658316816686,-0.222394286407022,
0.60088998484044));
#3231=CARTESIAN_POINT('Ctrl Pts',(0.424857701551087,-0.220156280641414,
0.602435164815299));
#3232=CARTESIAN_POINT('Ctrl Pts',(0.42502424541231,-0.215223470237387,0.6044899386347));
#3233=CARTESIAN_POINT('Ctrl Pts',(0.425,-0.212529154317427,0.605));
#3234=CARTESIAN_POINT('Ctrl Pts',(0.425,-0.21,0.605));
#3235=CARTESIAN_POINT('Origin',(0.48,-0.21,0.3025));
#3236=CARTESIAN_POINT('',(0.48,-0.23,0.3025));
#3237=CARTESIAN_POINT('',(0.5,-0.21,0.3025));
#3238=CARTESIAN_POINT('Origin',(0.25,-0.21,-0.585));
#3239=CARTESIAN_POINT('',(0.425,-0.21,-0.605000000000001));
#3240=CARTESIAN_POINT('',(0.424122903151698,-0.224142135623731,-0.599142135623731));
#3241=CARTESIAN_POINT('Ctrl Pts',(0.425,-0.21,-0.605));
#3242=CARTESIAN_POINT('Ctrl Pts',(0.425,-0.212529154317427,-0.605));
#3243=CARTESIAN_POINT('Ctrl Pts',(0.42502424541231,-0.215223470237386,-0.6044899386347));
#3244=CARTESIAN_POINT('Ctrl Pts',(0.424857701551087,-0.220156280641413,
-0.602435164815299));
#3245=CARTESIAN_POINT('Ctrl Pts',(0.424658316816686,-0.222394286407021,
-0.60088998484044));
#3246=CARTESIAN_POINT('Ctrl Pts',(0.424122903151698,-0.224142135623731,
-0.599142135623731));
#3247=CARTESIAN_POINT('',(0.25,-0.21,-0.605));
#3248=CARTESIAN_POINT('',(0.425,-0.23,-0.585));
#3249=CARTESIAN_POINT('',(0.25,-0.23,-0.585));
#3250=CARTESIAN_POINT('Ctrl Pts',(0.424122903151698,-0.224142135623731,
-0.599142135623731));
#3251=CARTESIAN_POINT('Ctrl Pts',(0.424658316816686,-0.22588998484044,-0.597394286407022));
#3252=CARTESIAN_POINT('Ctrl Pts',(0.424857701551087,-0.227435164815299,
-0.595156280641413));
#3253=CARTESIAN_POINT('Ctrl Pts',(0.425024245412311,-0.2294899386347,-0.590223470237387));
#3254=CARTESIAN_POINT('Ctrl Pts',(0.425,-0.23,-0.587529154317427));
#3255=CARTESIAN_POINT('Ctrl Pts',(0.425,-0.23,-0.585));
#3256=CARTESIAN_POINT('Origin',(0.5,0.,-0.605));
#3257=CARTESIAN_POINT('',(0.425,0.,-0.605000000000001));
#3258=CARTESIAN_POINT('Origin',(0.5,0.,0.605));
#3259=CARTESIAN_POINT('Origin',(-6.93889390390723E-17,-0.23,0.));
#3260=CARTESIAN_POINT('',(-0.125,-0.23,0.444999999999995));
#3261=CARTESIAN_POINT('',(-0.125,-0.23,0.574999999999998));
#3262=CARTESIAN_POINT('',(-0.145,-0.23,0.424999999999995));
#3263=CARTESIAN_POINT('Origin',(-0.145,-0.23,0.444999999999995));
#3264=CARTESIAN_POINT('',(-0.405,-0.23,0.424999999999999));
#3265=CARTESIAN_POINT('',(-0.2,-0.23,0.424999999999996));
#3266=CARTESIAN_POINT('',(-0.425,-0.23,0.444999999999999));
#3267=CARTESIAN_POINT('Origin',(-0.405,-0.23,0.444999999999999));
#3268=CARTESIAN_POINT('',(-0.425,-0.23,0.474999999999998));
#3269=CARTESIAN_POINT('',(-0.425,-0.23,-0.445));
#3270=CARTESIAN_POINT('',(-0.425,-0.23,-0.575));
#3271=CARTESIAN_POINT('',(-0.405,-0.23,-0.425));
#3272=CARTESIAN_POINT('Origin',(-0.405,-0.23,-0.445));
#3273=CARTESIAN_POINT('',(-0.145,-0.23,-0.424999999999996));
#3274=CARTESIAN_POINT('',(-0.350000000000001,-0.23,-0.425));
#3275=CARTESIAN_POINT('',(-0.125,-0.23,-0.444999999999997));
#3276=CARTESIAN_POINT('Origin',(-0.145,-0.23,-0.444999999999997));
#3277=CARTESIAN_POINT('',(-0.125,-0.23,-0.474999999999997));
#3278=CARTESIAN_POINT('',(0.125,-0.23,-0.444999999999997));
#3279=CARTESIAN_POINT('',(0.125,-0.23,-0.575));
#3280=CARTESIAN_POINT('',(0.145,-0.23,-0.424999999999996));
#3281=CARTESIAN_POINT('Origin',(0.145,-0.23,-0.444999999999997));
#3282=CARTESIAN_POINT('',(0.405,-0.23,-0.425));
#3283=CARTESIAN_POINT('',(0.2,-0.23,-0.424999999999997));
#3284=CARTESIAN_POINT('',(0.425,-0.23,-0.445));
#3285=CARTESIAN_POINT('Origin',(0.405,-0.23,-0.445));
#3286=CARTESIAN_POINT('',(0.425,-0.23,-0.475));
#3287=CARTESIAN_POINT('',(0.425,-0.23,0.444999999999999));
#3288=CARTESIAN_POINT('',(0.425,-0.23,0.574999999999998));
#3289=CARTESIAN_POINT('',(0.405,-0.23,0.424999999999999));
#3290=CARTESIAN_POINT('Origin',(0.405,-0.23,0.444999999999999));
#3291=CARTESIAN_POINT('',(0.145,-0.23,0.424999999999995));
#3292=CARTESIAN_POINT('',(0.35,-0.23,0.424999999999998));
#3293=CARTESIAN_POINT('',(0.125,-0.23,0.444999999999995));
#3294=CARTESIAN_POINT('Origin',(0.145,-0.23,0.444999999999995));
#3295=CARTESIAN_POINT('',(0.125,-0.23,0.474999999999996));
#3296=CARTESIAN_POINT('Origin',(-0.5,0.,0.605));
#3297=CARTESIAN_POINT('',(0.425,0.,0.604999999999999));
#3298=CARTESIAN_POINT('Origin',(0.5,0.,-0.605));
#3299=CARTESIAN_POINT('',(-0.425,0.,-0.605000000000001));
#3300=CARTESIAN_POINT('Origin',(-0.405,0.23,0.444999999999999));
#3301=CARTESIAN_POINT('',(-0.405,0.25,0.444999999999999));
#3302=CARTESIAN_POINT('Origin',(-0.405,0.23,0.444999999999999));
#3303=CARTESIAN_POINT('Origin',(-0.405,0.23,0.444999999999999));
#3304=CARTESIAN_POINT('Origin',(-0.145,0.23,0.444999999999995));
#3305=CARTESIAN_POINT('',(-0.145,0.25,0.444999999999995));
#3306=CARTESIAN_POINT('Origin',(-0.145,0.23,0.444999999999995));
#3307=CARTESIAN_POINT('Origin',(-0.145,0.23,0.444999999999995));
#3308=CARTESIAN_POINT('Origin',(-0.405,0.23,0.604999999999999));
#3309=CARTESIAN_POINT('',(-0.425,0.23,0.604999999999999));
#3310=CARTESIAN_POINT('',(-0.405,0.25,0.604999999999999));
#3311=CARTESIAN_POINT('Origin',(-0.405,0.23,0.604999999999999));
#3312=CARTESIAN_POINT('',(-0.405,0.23,0.624999999999999));
#3313=CARTESIAN_POINT('Origin',(-0.405,0.23,0.604999999999999));
#3314=CARTESIAN_POINT('Origin',(-0.405,0.23,0.604999999999999));
#3315=CARTESIAN_POINT('Origin',(-0.405,-0.23,0.444999999999999));
#3316=CARTESIAN_POINT('',(-0.405,-0.25,0.444999999999999));
#3317=CARTESIAN_POINT('Origin',(-0.405,-0.23,0.444999999999999));
#3318=CARTESIAN_POINT('Origin',(-0.405,-0.23,0.444999999999999));
#3319=CARTESIAN_POINT('Origin',(-0.145,0.23,0.604999999999999));
#3320=CARTESIAN_POINT('',(-0.145,0.23,0.624999999999999));
#3321=CARTESIAN_POINT('',(-0.145,0.25,0.604999999999999));
#3322=CARTESIAN_POINT('Origin',(-0.145,0.23,0.604999999999999));
#3323=CARTESIAN_POINT('',(-0.125,0.23,0.604999999999999));
#3324=CARTESIAN_POINT('Origin',(-0.145,0.23,0.604999999999999));
#3325=CARTESIAN_POINT('Origin',(-0.145,0.23,0.604999999999999));
#3326=CARTESIAN_POINT('Origin',(-0.145,-0.23,0.444999999999995));
#3327=CARTESIAN_POINT('',(-0.145,-0.25,0.444999999999995));
#3328=CARTESIAN_POINT('Origin',(-0.145,-0.23,0.444999999999995));
#3329=CARTESIAN_POINT('Origin',(-0.145,-0.23,0.444999999999995));
#3330=CARTESIAN_POINT('Origin',(-0.405,-0.23,0.604999999999999));
#3331=CARTESIAN_POINT('',(-0.405,-0.23,0.624999999999999));
#3332=CARTESIAN_POINT('',(-0.405,-0.25,0.604999999999999));
#3333=CARTESIAN_POINT('Origin',(-0.405,-0.23,0.604999999999999));
#3334=CARTESIAN_POINT('',(-0.425,-0.23,0.604999999999999));
#3335=CARTESIAN_POINT('Origin',(-0.405,-0.23,0.604999999999999));
#3336=CARTESIAN_POINT('Origin',(-0.405,-0.23,0.604999999999999));
#3337=CARTESIAN_POINT('Origin',(-0.405,0.,0.604999999999999));
#3338=CARTESIAN_POINT('',(-0.405,0.,0.624999999999999));
#3339=CARTESIAN_POINT('Origin',(-0.405,0.23,0.604999999999999));
#3340=CARTESIAN_POINT('Origin',(-0.405,-0.23,0.604999999999999));
#3341=CARTESIAN_POINT('Origin',(-0.405,-0.23,0.474999999999998));
#3342=CARTESIAN_POINT('',(-0.405,-0.25,0.474999999999998));
#3343=CARTESIAN_POINT('Origin',(-0.145,-0.23,0.604999999999999));
#3344=CARTESIAN_POINT('',(-0.125,-0.23,0.604999999999999));
#3345=CARTESIAN_POINT('',(-0.145,-0.25,0.604999999999999));
#3346=CARTESIAN_POINT('Origin',(-0.145,-0.23,0.604999999999999));
#3347=CARTESIAN_POINT('',(-0.145,-0.23,0.624999999999999));
#3348=CARTESIAN_POINT('Origin',(-0.145,-0.23,0.604999999999999));
#3349=CARTESIAN_POINT('Origin',(-0.145,-0.23,0.604999999999999));
#3350=CARTESIAN_POINT('Origin',(-0.145,0.,0.604999999999999));
#3351=CARTESIAN_POINT('',(-0.145,0.,0.624999999999999));
#3352=CARTESIAN_POINT('Origin',(-0.145,-0.23,0.604999999999999));
#3353=CARTESIAN_POINT('Origin',(-0.145,0.23,0.604999999999999));
#3354=CARTESIAN_POINT('Origin',(-0.35,-0.23,0.604999999999999));
#3355=CARTESIAN_POINT('',(-0.35,-0.25,0.604999999999999));
#3356=CARTESIAN_POINT('',(-0.35,-0.23,0.624999999999999));
#3357=CARTESIAN_POINT('Origin',(-0.145,-0.23,0.574999999999998));
#3358=CARTESIAN_POINT('',(-0.145,-0.25,0.574999999999998));
#3359=CARTESIAN_POINT('Origin',(-0.2,-0.23,0.444999999999996));
#3360=CARTESIAN_POINT('',(-0.2,-0.25,0.444999999999996));
#3361=CARTESIAN_POINT('Origin',(-0.145,0.23,0.574999999999998));
#3362=CARTESIAN_POINT('',(-0.145,0.25,0.574999999999998));
#3363=CARTESIAN_POINT('Origin',(-0.35,0.23,0.604999999999999));
#3364=CARTESIAN_POINT('',(-0.35,0.25,0.604999999999999));
#3365=CARTESIAN_POINT('',(-0.35,0.23,0.624999999999999));
#3366=CARTESIAN_POINT('Origin',(-0.405,0.23,0.474999999999998));
#3367=CARTESIAN_POINT('',(-0.405,0.25,0.474999999999998));
#3368=CARTESIAN_POINT('Origin',(-0.2,0.23,0.444999999999996));
#3369=CARTESIAN_POINT('',(-0.2,0.25,0.444999999999996));
#3370=CARTESIAN_POINT('Origin',(-0.275,-0.25,0.524999999999997));
#3371=CARTESIAN_POINT('Origin',(-0.425,0.,0.624999999999999));
#3372=CARTESIAN_POINT('Origin',(-0.275,0.25,0.524999999999997));
#3373=CARTESIAN_POINT('Origin',(0.145,-0.23,0.444999999999995));
#3374=CARTESIAN_POINT('',(0.145,-0.25,0.444999999999995));
#3375=CARTESIAN_POINT('Origin',(0.145,-0.23,0.444999999999995));
#3376=CARTESIAN_POINT('Origin',(0.145,-0.23,0.444999999999995));
#3377=CARTESIAN_POINT('Origin',(0.145,0.23,0.444999999999995));
#3378=CARTESIAN_POINT('',(0.145,0.25,0.444999999999995));
#3379=CARTESIAN_POINT('Origin',(0.145,0.23,0.444999999999995));
#3380=CARTESIAN_POINT('Origin',(0.145,0.23,0.444999999999995));
#3381=CARTESIAN_POINT('Origin',(0.405,-0.23,0.444999999999999));
#3382=CARTESIAN_POINT('',(0.405,-0.25,0.444999999999999));
#3383=CARTESIAN_POINT('Origin',(0.405,-0.23,0.444999999999999));
#3384=CARTESIAN_POINT('Origin',(0.405,-0.23,0.444999999999999));
#3385=CARTESIAN_POINT('Origin',(0.145,-0.23,0.604999999999999));
#3386=CARTESIAN_POINT('',(0.145,-0.23,0.624999999999999));
#3387=CARTESIAN_POINT('',(0.145,-0.25,0.604999999999999));
#3388=CARTESIAN_POINT('Origin',(0.145,-0.23,0.604999999999999));
#3389=CARTESIAN_POINT('',(0.125,-0.23,0.604999999999999));
#3390=CARTESIAN_POINT('Origin',(0.145,-0.23,0.604999999999999));
#3391=CARTESIAN_POINT('Origin',(0.145,-0.23,0.604999999999999));
#3392=CARTESIAN_POINT('Origin',(0.405,0.23,0.444999999999999));
#3393=CARTESIAN_POINT('',(0.405,0.25,0.444999999999999));
#3394=CARTESIAN_POINT('Origin',(0.405,0.23,0.444999999999999));
#3395=CARTESIAN_POINT('Origin',(0.405,0.23,0.444999999999999));
#3396=CARTESIAN_POINT('Origin',(0.35,0.23,0.444999999999998));
#3397=CARTESIAN_POINT('',(0.35,0.25,0.444999999999998));
#3398=CARTESIAN_POINT('Origin',(0.145,0.23,0.604999999999999));
#3399=CARTESIAN_POINT('',(0.125,0.23,0.604999999999999));
#3400=CARTESIAN_POINT('',(0.145,0.25,0.604999999999999));
#3401=CARTESIAN_POINT('Origin',(0.145,0.23,0.604999999999999));
#3402=CARTESIAN_POINT('',(0.145,0.23,0.624999999999999));
#3403=CARTESIAN_POINT('Origin',(0.145,0.23,0.604999999999999));
#3404=CARTESIAN_POINT('Origin',(0.145,0.23,0.604999999999999));
#3405=CARTESIAN_POINT('Origin',(0.145,0.,0.604999999999999));
#3406=CARTESIAN_POINT('Origin',(0.145,0.23,0.604999999999999));
#3407=CARTESIAN_POINT('Origin',(0.145,-0.23,0.604999999999999));
#3408=CARTESIAN_POINT('',(0.145,0.,0.624999999999999));
#3409=CARTESIAN_POINT('Origin',(0.405,-0.23,0.604999999999999));
#3410=CARTESIAN_POINT('',(0.425,-0.23,0.604999999999999));
#3411=CARTESIAN_POINT('',(0.405,-0.25,0.604999999999999));
#3412=CARTESIAN_POINT('Origin',(0.405,-0.23,0.604999999999999));
#3413=CARTESIAN_POINT('',(0.405,-0.23,0.624999999999999));
#3414=CARTESIAN_POINT('Origin',(0.405,-0.23,0.604999999999999));
#3415=CARTESIAN_POINT('Origin',(0.405,-0.23,0.604999999999999));
#3416=CARTESIAN_POINT('Origin',(0.405,0.23,0.604999999999999));
#3417=CARTESIAN_POINT('',(0.405,0.23,0.624999999999999));
#3418=CARTESIAN_POINT('',(0.405,0.25,0.604999999999999));
#3419=CARTESIAN_POINT('Origin',(0.405,0.23,0.604999999999999));
#3420=CARTESIAN_POINT('',(0.425,0.23,0.604999999999999));
#3421=CARTESIAN_POINT('Origin',(0.405,0.23,0.604999999999999));
#3422=CARTESIAN_POINT('Origin',(0.405,0.23,0.604999999999999));
#3423=CARTESIAN_POINT('Origin',(0.405,0.,0.604999999999999));
#3424=CARTESIAN_POINT('Origin',(0.405,-0.23,0.604999999999999));
#3425=CARTESIAN_POINT('Origin',(0.405,0.23,0.604999999999999));
#3426=CARTESIAN_POINT('',(0.405,0.,0.624999999999999));
#3427=CARTESIAN_POINT('Origin',(0.405,0.23,0.574999999999998));
#3428=CARTESIAN_POINT('',(0.405,0.25,0.574999999999998));
#3429=CARTESIAN_POINT('Origin',(0.2,0.23,0.604999999999999));
#3430=CARTESIAN_POINT('',(0.2,0.25,0.604999999999999));
#3431=CARTESIAN_POINT('',(0.2,0.23,0.624999999999999));
#3432=CARTESIAN_POINT('Origin',(0.2,-0.23,0.604999999999999));
#3433=CARTESIAN_POINT('',(0.2,-0.25,0.604999999999999));
#3434=CARTESIAN_POINT('',(0.2,-0.23,0.624999999999999));
#3435=CARTESIAN_POINT('Origin',(0.405,-0.23,0.574999999999998));
#3436=CARTESIAN_POINT('',(0.405,-0.25,0.574999999999998));
#3437=CARTESIAN_POINT('Origin',(0.145,0.23,0.474999999999996));
#3438=CARTESIAN_POINT('',(0.145,0.25,0.474999999999996));
#3439=CARTESIAN_POINT('Origin',(0.145,-0.23,0.474999999999996));
#3440=CARTESIAN_POINT('',(0.145,-0.25,0.474999999999996));
#3441=CARTESIAN_POINT('Origin',(0.35,-0.23,0.444999999999998));
#3442=CARTESIAN_POINT('',(0.35,-0.25,0.444999999999998));
#3443=CARTESIAN_POINT('Origin',(0.275,0.25,0.524999999999997));
#3444=CARTESIAN_POINT('Origin',(0.125,0.,0.624999999999999));
#3445=CARTESIAN_POINT('Origin',(0.275,-0.25,0.524999999999997));
#3446=CARTESIAN_POINT('Origin',(0.145,0.23,-0.605000000000001));
#3447=CARTESIAN_POINT('',(0.145,0.23,-0.625000000000001));
#3448=CARTESIAN_POINT('',(0.145,0.25,-0.605000000000001));
#3449=CARTESIAN_POINT('Origin',(0.145,0.23,-0.605000000000001));
#3450=CARTESIAN_POINT('',(0.125,0.23,-0.605000000000001));
#3451=CARTESIAN_POINT('Origin',(0.145,0.23,-0.605000000000001));
#3452=CARTESIAN_POINT('Origin',(0.145,0.23,-0.605000000000001));
#3453=CARTESIAN_POINT('Origin',(0.405,0.23,-0.605000000000001));
#3454=CARTESIAN_POINT('',(0.425,0.23,-0.605000000000001));
#3455=CARTESIAN_POINT('',(0.405,0.25,-0.605000000000001));
#3456=CARTESIAN_POINT('Origin',(0.405,0.23,-0.605000000000001));
#3457=CARTESIAN_POINT('',(0.405,0.23,-0.625000000000001));
#3458=CARTESIAN_POINT('Origin',(0.405,0.23,-0.605000000000001));
#3459=CARTESIAN_POINT('Origin',(0.405,0.23,-0.605000000000001));
#3460=CARTESIAN_POINT('Origin',(0.145,0.23,-0.444999999999997));
#3461=CARTESIAN_POINT('',(0.145,0.25,-0.444999999999997));
#3462=CARTESIAN_POINT('Origin',(0.145,0.23,-0.444999999999997));
#3463=CARTESIAN_POINT('Origin',(0.145,0.23,-0.444999999999997));
#3464=CARTESIAN_POINT('Origin',(0.145,-0.23,-0.605000000000001));
#3465=CARTESIAN_POINT('',(0.125,-0.23,-0.605000000000001));
#3466=CARTESIAN_POINT('',(0.145,-0.25,-0.605000000000001));
#3467=CARTESIAN_POINT('Origin',(0.145,-0.23,-0.605000000000001));
#3468=CARTESIAN_POINT('',(0.145,-0.23,-0.625000000000001));
#3469=CARTESIAN_POINT('Origin',(0.145,-0.23,-0.605000000000001));
#3470=CARTESIAN_POINT('Origin',(0.145,-0.23,-0.605000000000001));
#3471=CARTESIAN_POINT('Origin',(0.145,0.,-0.605000000000001));
#3472=CARTESIAN_POINT('',(0.145,0.,-0.625000000000001));
#3473=CARTESIAN_POINT('Origin',(0.145,-0.23,-0.605000000000001));
#3474=CARTESIAN_POINT('Origin',(0.145,0.23,-0.605000000000001));
#3475=CARTESIAN_POINT('Origin',(0.405,0.23,-0.445));
#3476=CARTESIAN_POINT('',(0.405,0.25,-0.445));
#3477=CARTESIAN_POINT('Origin',(0.405,0.23,-0.445));
#3478=CARTESIAN_POINT('Origin',(0.405,0.23,-0.445));
#3479=CARTESIAN_POINT('Origin',(0.405,-0.23,-0.605000000000001));
#3480=CARTESIAN_POINT('',(0.405,-0.23,-0.625000000000001));
#3481=CARTESIAN_POINT('',(0.405,-0.25,-0.605000000000001));
#3482=CARTESIAN_POINT('Origin',(0.405,-0.23,-0.605000000000001));
#3483=CARTESIAN_POINT('',(0.425,-0.23,-0.605000000000001));
#3484=CARTESIAN_POINT('Origin',(0.405,-0.23,-0.605000000000001));
#3485=CARTESIAN_POINT('Origin',(0.405,-0.23,-0.605000000000001));
#3486=CARTESIAN_POINT('Origin',(0.405,0.,-0.605000000000001));
#3487=CARTESIAN_POINT('Origin',(0.405,0.23,-0.605000000000001));
#3488=CARTESIAN_POINT('Origin',(0.405,-0.23,-0.605000000000001));
#3489=CARTESIAN_POINT('',(0.405,0.,-0.625000000000001));
#3490=CARTESIAN_POINT('Origin',(0.145,-0.23,-0.444999999999997));
#3491=CARTESIAN_POINT('',(0.145,-0.25,-0.444999999999997));
#3492=CARTESIAN_POINT('Origin',(0.145,-0.23,-0.444999999999997));
#3493=CARTESIAN_POINT('Origin',(0.145,-0.23,-0.444999999999997));
#3494=CARTESIAN_POINT('Origin',(0.145,-0.23,-0.575));
#3495=CARTESIAN_POINT('',(0.145,-0.25,-0.575));
#3496=CARTESIAN_POINT('Origin',(0.405,-0.23,-0.445));
#3497=CARTESIAN_POINT('',(0.405,-0.25,-0.445));
#3498=CARTESIAN_POINT('Origin',(0.405,-0.23,-0.445));
#3499=CARTESIAN_POINT('Origin',(0.405,-0.23,-0.445));
#3500=CARTESIAN_POINT('Origin',(0.2,-0.23,-0.444999999999997));
#3501=CARTESIAN_POINT('',(0.2,-0.25,-0.444999999999997));
#3502=CARTESIAN_POINT('Origin',(0.405,-0.23,-0.475));
#3503=CARTESIAN_POINT('',(0.405,-0.25,-0.475));
#3504=CARTESIAN_POINT('Origin',(0.35,-0.23,-0.605000000000001));
#3505=CARTESIAN_POINT('',(0.35,-0.25,-0.605000000000001));
#3506=CARTESIAN_POINT('',(0.35,-0.23,-0.625000000000001));
#3507=CARTESIAN_POINT('Origin',(0.405,0.23,-0.475));
#3508=CARTESIAN_POINT('',(0.405,0.25,-0.475));
#3509=CARTESIAN_POINT('Origin',(0.2,0.23,-0.444999999999997));
#3510=CARTESIAN_POINT('',(0.2,0.25,-0.444999999999997));
#3511=CARTESIAN_POINT('Origin',(0.145,0.23,-0.575));
#3512=CARTESIAN_POINT('',(0.145,0.25,-0.575));
#3513=CARTESIAN_POINT('Origin',(0.35,0.23,-0.605000000000001));
#3514=CARTESIAN_POINT('',(0.35,0.25,-0.605000000000001));
#3515=CARTESIAN_POINT('',(0.35,0.23,-0.625000000000001));
#3516=CARTESIAN_POINT('Origin',(0.425,0.,-0.625000000000001));
#3517=CARTESIAN_POINT('Origin',(0.275,-0.25,-0.524999999999998));
#3518=CARTESIAN_POINT('Origin',(0.275,0.25,-0.524999999999998));
#3519=CARTESIAN_POINT('Origin',(-0.405,0.23,-0.605000000000001));
#3520=CARTESIAN_POINT('',(-0.405,0.23,-0.625000000000001));
#3521=CARTESIAN_POINT('',(-0.405,0.25,-0.605000000000001));
#3522=CARTESIAN_POINT('Origin',(-0.405,0.23,-0.605000000000001));
#3523=CARTESIAN_POINT('',(-0.425,0.23,-0.605000000000001));
#3524=CARTESIAN_POINT('Origin',(-0.405,0.23,-0.605000000000001));
#3525=CARTESIAN_POINT('Origin',(-0.405,0.23,-0.605000000000001));
#3526=CARTESIAN_POINT('Origin',(-0.145,0.23,-0.605000000000001));
#3527=CARTESIAN_POINT('',(-0.125,0.23,-0.605000000000001));
#3528=CARTESIAN_POINT('',(-0.145,0.25,-0.605000000000001));
#3529=CARTESIAN_POINT('Origin',(-0.145,0.23,-0.605000000000001));
#3530=CARTESIAN_POINT('',(-0.145,0.23,-0.625000000000001));
#3531=CARTESIAN_POINT('Origin',(-0.145,0.23,-0.605000000000001));
#3532=CARTESIAN_POINT('Origin',(-0.145,0.23,-0.605000000000001));
#3533=CARTESIAN_POINT('Origin',(-0.405,0.23,-0.445));
#3534=CARTESIAN_POINT('',(-0.405,0.25,-0.445));
#3535=CARTESIAN_POINT('Origin',(-0.405,0.23,-0.445));
#3536=CARTESIAN_POINT('Origin',(-0.405,0.23,-0.445));
#3537=CARTESIAN_POINT('Origin',(-0.405,-0.23,-0.605000000000001));
#3538=CARTESIAN_POINT('',(-0.425,-0.23,-0.605000000000001));
#3539=CARTESIAN_POINT('',(-0.405,-0.25,-0.605000000000001));
#3540=CARTESIAN_POINT('Origin',(-0.405,-0.23,-0.605000000000001));
#3541=CARTESIAN_POINT('',(-0.405,-0.23,-0.625000000000001));
#3542=CARTESIAN_POINT('Origin',(-0.405,-0.23,-0.605000000000001));
#3543=CARTESIAN_POINT('Origin',(-0.405,-0.23,-0.605000000000001));
#3544=CARTESIAN_POINT('Origin',(-0.405,0.,-0.605000000000001));
#3545=CARTESIAN_POINT('',(-0.405,0.,-0.625000000000001));
#3546=CARTESIAN_POINT('Origin',(-0.405,-0.23,-0.605000000000001));
#3547=CARTESIAN_POINT('Origin',(-0.405,0.23,-0.605000000000001));
#3548=CARTESIAN_POINT('Origin',(-0.145,0.23,-0.444999999999997));
#3549=CARTESIAN_POINT('',(-0.145,0.25,-0.444999999999997));
#3550=CARTESIAN_POINT('Origin',(-0.145,0.23,-0.444999999999997));
#3551=CARTESIAN_POINT('Origin',(-0.145,0.23,-0.444999999999997));
#3552=CARTESIAN_POINT('Origin',(-0.145,-0.23,-0.605000000000001));
#3553=CARTESIAN_POINT('',(-0.145,-0.23,-0.625000000000001));
#3554=CARTESIAN_POINT('',(-0.145,-0.25,-0.605000000000001));
#3555=CARTESIAN_POINT('Origin',(-0.145,-0.23,-0.605000000000001));
#3556=CARTESIAN_POINT('',(-0.125,-0.23,-0.605000000000001));
#3557=CARTESIAN_POINT('Origin',(-0.145,-0.23,-0.605000000000001));
#3558=CARTESIAN_POINT('Origin',(-0.145,-0.23,-0.605000000000001));
#3559=CARTESIAN_POINT('Origin',(-0.145,0.,-0.605000000000001));
#3560=CARTESIAN_POINT('Origin',(-0.145,0.23,-0.605000000000001));
#3561=CARTESIAN_POINT('Origin',(-0.145,-0.23,-0.605000000000001));
#3562=CARTESIAN_POINT('',(-0.145,0.,-0.625000000000001));
#3563=CARTESIAN_POINT('Origin',(-0.405,-0.23,-0.445));
#3564=CARTESIAN_POINT('',(-0.405,-0.25,-0.445));
#3565=CARTESIAN_POINT('Origin',(-0.405,-0.23,-0.445));
#3566=CARTESIAN_POINT('Origin',(-0.405,-0.23,-0.445));
#3567=CARTESIAN_POINT('Origin',(-0.405,-0.23,-0.575));
#3568=CARTESIAN_POINT('',(-0.405,-0.25,-0.575));
#3569=CARTESIAN_POINT('Origin',(-0.145,-0.23,-0.444999999999997));
#3570=CARTESIAN_POINT('',(-0.145,-0.25,-0.444999999999997));
#3571=CARTESIAN_POINT('Origin',(-0.145,-0.23,-0.444999999999997));
#3572=CARTESIAN_POINT('Origin',(-0.145,-0.23,-0.444999999999997));
#3573=CARTESIAN_POINT('Origin',(-0.35,-0.23,-0.445));
#3574=CARTESIAN_POINT('',(-0.35,-0.25,-0.445));
#3575=CARTESIAN_POINT('Origin',(-0.145,-0.23,-0.474999999999997));
#3576=CARTESIAN_POINT('',(-0.145,-0.25,-0.474999999999997));
#3577=CARTESIAN_POINT('Origin',(-0.2,-0.23,-0.605000000000001));
#3578=CARTESIAN_POINT('',(-0.2,-0.25,-0.605000000000001));
#3579=CARTESIAN_POINT('',(-0.2,-0.23,-0.625000000000001));
#3580=CARTESIAN_POINT('Origin',(-0.145,0.23,-0.474999999999997));
#3581=CARTESIAN_POINT('',(-0.145,0.25,-0.474999999999997));
#3582=CARTESIAN_POINT('Origin',(-0.35,0.23,-0.445));
#3583=CARTESIAN_POINT('',(-0.35,0.25,-0.445));
#3584=CARTESIAN_POINT('Origin',(-0.405,0.23,-0.575));
#3585=CARTESIAN_POINT('',(-0.405,0.25,-0.575));
#3586=CARTESIAN_POINT('Origin',(-0.2,0.23,-0.605000000000001));
#3587=CARTESIAN_POINT('',(-0.2,0.25,-0.605000000000001));
#3588=CARTESIAN_POINT('',(-0.2,0.23,-0.625000000000001));
#3589=CARTESIAN_POINT('Origin',(-0.125,0.,-0.625000000000001));
#3590=CARTESIAN_POINT('Origin',(-0.275,-0.25,-0.524999999999998));
#3591=CARTESIAN_POINT('Origin',(-0.275,0.25,-0.524999999999998));
#3592=UNCERTAINTY_MEASURE_WITH_UNIT(LENGTH_MEASURE(0.01),#3596,
'DISTANCE_ACCURACY_VALUE',
'Maximum model space distance between geometric entities at asserted c
onnectivities');
#3593=UNCERTAINTY_MEASURE_WITH_UNIT(LENGTH_MEASURE(0.01),#3596,
'DISTANCE_ACCURACY_VALUE',
'Maximum model space distance between geometric entities at asserted c
onnectivities');
#3594=(
GEOMETRIC_REPRESENTATION_CONTEXT(3)
GLOBAL_UNCERTAINTY_ASSIGNED_CONTEXT((#3592))
GLOBAL_UNIT_ASSIGNED_CONTEXT((#3596,#3598,#3599))
REPRESENTATION_CONTEXT('','3D')
);
#3595=(
GEOMETRIC_REPRESENTATION_CONTEXT(3)
GLOBAL_UNCERTAINTY_ASSIGNED_CONTEXT((#3593))
GLOBAL_UNIT_ASSIGNED_CONTEXT((#3596,#3598,#3599))
REPRESENTATION_CONTEXT('','3D')
);
#3596=(
LENGTH_UNIT()
NAMED_UNIT(*)
SI_UNIT(.MILLI.,.METRE.)
);
#3597=(
LENGTH_UNIT()
NAMED_UNIT(*)
SI_UNIT($,.METRE.)
);
#3598=(
NAMED_UNIT(*)
PLANE_ANGLE_UNIT()
SI_UNIT($,.RADIAN.)
);
#3599=(
NAMED_UNIT(*)
SI_UNIT($,.STERADIAN.)
SOLID_ANGLE_UNIT()
);
#3600=SHAPE_DEFINITION_REPRESENTATION(#3601,#3602);
#3601=PRODUCT_DEFINITION_SHAPE('',$,#3604);
#3602=SHAPE_REPRESENTATION('',(#1956),#3594);
#3603=PRODUCT_DEFINITION_CONTEXT('part definition',#3608,'design');
#3604=PRODUCT_DEFINITION('MCZ1210AH_CP','MCZ1210AH_CP v1',#3605,#3603);
#3605=PRODUCT_DEFINITION_FORMATION('',$,#3610);
#3606=PRODUCT_RELATED_PRODUCT_CATEGORY('MCZ1210AH_CP v1',
'MCZ1210AH_CP v1',(#3610));
#3607=APPLICATION_PROTOCOL_DEFINITION('international standard',
'automotive_design',2009,#3608);
#3608=APPLICATION_CONTEXT(
'Core Data for Automotive Mechanical Design Process');
#3609=PRODUCT_CONTEXT('part definition',#3608,'mechanical');
#3610=PRODUCT('MCZ1210AH_CP','MCZ1210AH_CP v1',$,(#3609));
#3611=PRESENTATION_STYLE_ASSIGNMENT((#3612));
#3612=SURFACE_STYLE_USAGE(.BOTH.,#3613);
#3613=SURFACE_SIDE_STYLE('',(#3614));
#3614=SURFACE_STYLE_FILL_AREA(#3615);
#3615=FILL_AREA_STYLE('\X2\92FC\X0\ - \X2\30B530C630F3\X0\',(#3616));
#3616=FILL_AREA_STYLE_COLOUR('\X2\92FC\X0\ - \X2\30B530C630F3\X0\',#3617);
#3617=COLOUR_RGB('\X2\92FC\X0\ - \X2\30B530C630F3\X0\',0.627450980392157,
0.627450980392157,0.627450980392157);
ENDSEC;
END-ISO-10303-21;
