ISO-10303-21;
HEADER;
FILE_DESCRIPTION (( 'STEP AP203' ),
    '1' );
FILE_NAME ('ALT3232M-151 Block model (typ size).STEP',
    '2018-07-10T06:42:41',
    ( '' ),
    ( '' ),
    'SwSTEP 2.0',
    'SolidWorks 2018',
    '' );
FILE_SCHEMA (( 'CONFIG_CONTROL_DESIGN' ));
ENDSEC;

DATA;
#1 = DIRECTION ( 'NONE',  ( 1.000000000000000000, 0.0000000000000000000, 0.0000000000000000000 ) ) ;
#2 = ORIENTED_EDGE ( 'NONE', *, *, #576, .F. ) ;
#3 = PERSON_AND_ORGANIZATION ( #664, #1024 ) ;
#4 = ORIENTED_EDGE ( 'NONE', *, *, #742, .F. ) ;
#5 = ORIENTED_EDGE ( 'NONE', *, *, #1192, .F. ) ;
#6 = CARTESIAN_POINT ( 'NONE',  ( 0.0000000000000000000, 0.0000000000000000000, 0.8000000000000000444 ) ) ;
#7 = PERSON_AND_ORGANIZATION ( #664, #1024 ) ;
#8 = ORIENTED_EDGE ( 'NONE', *, *, #1418, .F. ) ;
#9 = PLANE ( 'NONE',  #914 ) ;
#10 = CARTESIAN_POINT ( 'NONE',  ( -1.550000000000000488, 0.4500000000000005107, 2.559999999999998721 ) ) ;
#11 = CARTESIAN_POINT ( 'NONE',  ( 1.549999999999999600, 1.100000000000000533, 2.559999999999999165 ) ) ;
#12 = EDGE_CURVE ( 'NONE', #1251, #892, #321, .T. ) ;
#13 = CONTEXT_DEPENDENT_SHAPE_REPRESENTATION ( #789, #885 ) ;
#14 = LINE ( 'NONE', #437, #737 ) ;
#15 = CALENDAR_DATE ( 2018, 10, 7 ) ;
#16 = DIRECTION ( 'NONE',  ( 1.000000000000000000, 0.0000000000000000000, 0.0000000000000000000 ) ) ;
#17 = CARTESIAN_POINT ( 'NONE',  ( -1.550000000000000488, -1.099999999999999201, 2.559999999999999165 ) ) ;
#18 = DIRECTION ( 'NONE',  ( -0.0000000000000000000, -0.0000000000000000000, 1.000000000000000000 ) ) ;
#19 = APPROVAL_DATE_TIME ( #1235, #337 ) ;
#20 = LINE ( 'NONE', #1099, #1016 ) ;
#21 = FACE_OUTER_BOUND ( 'NONE', #1274, .T. ) ;
#22 = ORIENTED_EDGE ( 'NONE', *, *, #1377, .F. ) ;
#23 = EDGE_CURVE ( 'NONE', #226, #204, #374, .T. ) ;
#24 = CC_DESIGN_SECURITY_CLASSIFICATION ( #602, ( #1513 ) ) ;
#25 = DESIGN_CONTEXT ( 'detailed design', #554, 'design' ) ;
#26 = EDGE_CURVE ( 'NONE', #646, #1386, #223, .T. ) ;
#27 = ORIENTED_EDGE ( 'NONE', *, *, #806, .T. ) ;
#28 = ORIENTED_EDGE ( 'NONE', *, *, #859, .T. ) ;
#29 = EDGE_LOOP ( 'NONE', ( #557, #603, #609, #1453 ) ) ;
#30 = CARTESIAN_POINT ( 'NONE',  ( 0.0000000000000000000, 0.0000000000000000000, 0.8000000000000000444 ) ) ;
#31 = CARTESIAN_POINT ( 'NONE',  ( 0.0000000000000000000, 0.0000000000000000000, 0.8000000000000000444 ) ) ;
#32 = APPROVAL_ROLE ( '' ) ;
#33 = ORIENTED_EDGE ( 'NONE', *, *, #412, .F. ) ;
#34 = CARTESIAN_POINT ( 'NONE',  ( 0.0000000000000000000, 0.0000000000000000000, 2.559999999999999165 ) ) ;
#35 = CALENDAR_DATE ( 2018, 10, 7 ) ;
#36 = DIRECTION ( 'NONE',  ( 1.000000000000000000, 2.382861917550559851E-16, -0.0000000000000000000 ) ) ;
#37 = DIRECTION ( 'NONE',  ( -0.0000000000000000000, -0.0000000000000000000, 1.000000000000000000 ) ) ;
#38 = CONTEXT_DEPENDENT_SHAPE_REPRESENTATION ( #200, #641 ) ;
#39 = DIRECTION ( 'NONE',  ( -1.000000000000000000, 0.0000000000000000000, -0.0000000000000000000 ) ) ;
#40 = VECTOR ( 'NONE', #1064, 1000.000000000000000 ) ;
#41 = LOCAL_TIME ( 15, 42, 41.00000000000000000, #915 ) ;
#42 = ADVANCED_FACE ( 'NONE', ( #1176 ), #447, .F. ) ;
#43 = UNCERTAINTY_MEASURE_WITH_UNIT (LENGTH_MEASURE( 1.000000000000000082E-05 ), #729, 'distance_accuracy_value', 'NONE');
#44 = VECTOR ( 'NONE', #1130, 1000.000000000000000 ) ;
#45 = ORIENTED_EDGE ( 'NONE', *, *, #1313, .F. ) ;
#46 = DIRECTION ( 'NONE',  ( -1.298445715551502529E-16, 1.000000000000000000, 0.0000000000000000000 ) ) ;
#47 = VECTOR ( 'NONE', #310, 1000.000000000000000 ) ;
#48 = SHAPE_REPRESENTATION ( 'ALT3232M-151 DRコアブロック(typ size)', ( #1279 ), #953 ) ;
#49 = CARTESIAN_POINT ( 'NONE',  ( -0.6400000000000003464, -1.669999999999999263, 2.639999999999999680 ) ) ;
#50 = CC_DESIGN_DATE_AND_TIME_ASSIGNMENT ( #890, #1085, ( #322 ) ) ;
#51 = FACE_OUTER_BOUND ( 'NONE', #331, .T. ) ;
#52 = CARTESIAN_POINT ( 'NONE',  ( 1.550000000000000266, -1.669999999999999263, 2.559999999999999165 ) ) ;
#53 = CARTESIAN_POINT ( 'NONE',  ( -14.52564208834929538, 13.17538461538462258, 1.259999999999999343 ) ) ;
#54 =( GEOMETRIC_REPRESENTATION_CONTEXT ( 3 ) GLOBAL_UNCERTAINTY_ASSIGNED_CONTEXT ( ( #43 ) ) GLOBAL_UNIT_ASSIGNED_CONTEXT ( ( #729, #589, #352 ) ) REPRESENTATION_CONTEXT ( 'NONE', 'WORKASPACE' ) );
#55 = CALENDAR_DATE ( 2018, 10, 7 ) ;
#56 = LINE ( 'NONE', #584, #1316 ) ;
#57 = PERSON_AND_ORGANIZATION ( #664, #1024 ) ;
#58 = VERTEX_POINT ( 'NONE', #1364 ) ;
#59 = APPROVAL_STATUS ( 'not_yet_approved' ) ;
#60 = CARTESIAN_POINT ( 'NONE',  ( -14.52564208834929538, 12.52538461538462222, 1.259999999999999343 ) ) ;
#61 = EDGE_LOOP ( 'NONE', ( #180, #1190, #1066, #1396 ) ) ;
#62 = FACE_OUTER_BOUND ( 'NONE', #633, .T. ) ;
#63 = APPROVAL_PERSON_ORGANIZATION ( #651, #516, #32 ) ;
#64 = COORDINATED_UNIVERSAL_TIME_OFFSET ( 9, 0, .AHEAD. ) ;
#65 = DIRECTION ( 'NONE',  ( -0.0000000000000000000, -0.0000000000000000000, -1.000000000000000000 ) ) ;
#66 = CARTESIAN_POINT ( 'NONE',  ( 1.689999999999999281, -0.4499999999999990119, 2.639999999999999680 ) ) ;
#67 = DIRECTION ( 'NONE',  ( 1.000000000000000000, 0.0000000000000000000, 0.0000000000000000000 ) ) ;
#68 = ADVANCED_FACE ( 'NONE', ( #1443 ), #518, .F. ) ;
#69 = VECTOR ( 'NONE', #950, 1000.000000000000000 ) ;
#70 = ORIENTED_EDGE ( 'NONE', *, *, #1109, .F. ) ;
#71 = APPROVAL_PERSON_ORGANIZATION ( #1350, #1315, #104 ) ;
#72 = ORIENTED_EDGE ( 'NONE', *, *, #1109, .T. ) ;
#73 = AXIS2_PLACEMENT_3D ( 'NONE', #170, #366, #440 ) ;
#74 = PRODUCT_RELATED_PRODUCT_CATEGORY ( 'detail', '', ( #661 ) ) ;
#75 = VECTOR ( 'NONE', #736, 1000.000000000000000 ) ;
#76 = LINE ( 'NONE', #1009, #791 ) ;
#77 = CARTESIAN_POINT ( 'NONE',  ( 1.550000000000000044, -1.669999999999999263, 0.9399999999999996136 ) ) ;
#78 = DATE_AND_TIME ( #1014, #903 ) ;
#79 = ORIENTED_EDGE ( 'NONE', *, *, #1493, .F. ) ;
#80 = ORIENTED_EDGE ( 'NONE', *, *, #769, .T. ) ;
#81 = DIRECTION ( 'NONE',  ( 0.0000000000000000000, 0.0000000000000000000, 1.000000000000000000 ) ) ;
#82 = APPROVAL_DATE_TIME ( #205, #201 ) ;
#83 = FACE_OUTER_BOUND ( 'NONE', #1345, .T. ) ;
#84 = DIRECTION ( 'NONE',  ( -0.0000000000000000000, -0.0000000000000000000, -1.000000000000000000 ) ) ;
#85 = APPROVAL_ROLE ( '' ) ;
#86 = APPROVAL ( #308, 'UNSPECIFIED' ) ;
#87 = DATE_TIME_ROLE ( 'classification_date' ) ;
#88 = PLANE ( 'NONE',  #1127 ) ;
#89 = CALENDAR_DATE ( 2018, 10, 7 ) ;
#90 = APPROVAL_PERSON_ORGANIZATION ( #3, #201, #1302 ) ;
#91 = LINE ( 'NONE', #1056, #973 ) ;
#92 = ORIENTED_EDGE ( 'NONE', *, *, #286, .T. ) ;
#93 = VECTOR ( 'NONE', #1224, 1000.000000000000000 ) ;
#94 = ORIENTED_EDGE ( 'NONE', *, *, #980, .F. ) ;
#95 = EDGE_CURVE ( 'NONE', #989, #226, #1037, .T. ) ;
#96 = DIRECTION ( 'NONE',  ( -0.0000000000000000000, 1.000000000000000000, -0.0000000000000000000 ) ) ;
#97 = FACE_OUTER_BOUND ( 'NONE', #1322, .T. ) ;
#98 = EDGE_LOOP ( 'NONE', ( #1431, #1417, #1442, #1004 ) ) ;
#99 = CC_DESIGN_APPROVAL ( #1351, ( #1457 ) ) ;
#100 = COORDINATED_UNIVERSAL_TIME_OFFSET ( 9, 0, .AHEAD. ) ;
#101 = ORIENTED_EDGE ( 'NONE', *, *, #1243, .F. ) ;
#102 = CARTESIAN_POINT ( 'NONE',  ( 0.6399999999999996803, -0.4499999999999993450, 2.639999999999999680 ) ) ;
#103 = ADVANCED_FACE ( 'NONE', ( #647 ), #718, .F. ) ;
#104 = APPROVAL_ROLE ( '' ) ;
#105 = CARTESIAN_POINT ( 'NONE',  ( 1.549999999999999822, 1.670000000000000373, 2.559999999999999165 ) ) ;
#106 = CARTESIAN_POINT ( 'NONE',  ( 1.689999999999999059, 1.670000000000000373, 2.639999999999999680 ) ) ;
#107 = ITEM_DEFINED_TRANSFORMATION ( 'NONE', 'NONE', #126,  #1279 ) ;
#108 = DIRECTION ( 'NONE',  ( 1.000000000000000000, 0.0000000000000000000, 0.0000000000000000000 ) ) ;
#109 = DIRECTION ( 'NONE',  ( -0.0000000000000000000, -0.0000000000000000000, -1.000000000000000000 ) ) ;
#110 = CARTESIAN_POINT ( 'NONE',  ( -1.690000000000000835, 1.670000000000000373, 0.0000000000000000000 ) ) ;
#111 = AXIS2_PLACEMENT_3D ( 'NONE', #139, #898, #998 ) ;
#112 = AXIS2_PLACEMENT_3D ( 'NONE', #34, #506, #873 ) ;
#113 = AXIS2_PLACEMENT_3D ( 'NONE', #264, #535, #1307 ) ;
#114 = CC_DESIGN_DATE_AND_TIME_ASSIGNMENT ( #263, #87, ( #393 ) ) ;
#115 = ORGANIZATION ( 'NAUO-ORG2', 'UNSPECIFIED', 'UNSPECIFIED' ) ;
#116 = CC_DESIGN_SECURITY_CLASSIFICATION ( #395, ( #1518 ) ) ;
#117 = DIRECTION ( 'NONE',  ( -1.000000000000000000, 0.0000000000000000000, -0.0000000000000000000 ) ) ;
#118 = SHAPE_REPRESENTATION ( 'ALT3232M-151 Block model (typ size)', ( #364, #690, #621, #1129, #1170, #126, #972, #150 ), #901 ) ;
#119 = CARTESIAN_POINT ( 'NONE',  ( 1.549999999999999600, 1.670000000000000373, 0.9399999999999996136 ) ) ;
#120 = PERSON ( 'NAUO-PER4', 'UNSPECIFIED', 'UNSPECIFIED', ('UNSPECIFIED'), ('UNSPECIFIED'), ('UNSPECIFIED') ) ;
#121 = CARTESIAN_POINT ( 'NONE',  ( 1.549999999999999600, 1.100000000000000533, 2.559999999999999165 ) ) ;
#122 = CARTESIAN_POINT ( 'NONE',  ( -0.6400000000000007905, 0.4500000000000006772, 2.559999999999999165 ) ) ;
#123 = EDGE_CURVE ( 'NONE', #58, #499, #1295, .T. ) ;
#124 = LINE ( 'NONE', #767, #297 ) ;
#125 = VERTEX_POINT ( 'NONE', #121 ) ;
#126 = AXIS2_PLACEMENT_3D ( 'NONE', #580, #252, #185 ) ;
#127 = DATE_AND_TIME ( #478, #1038 ) ;
#128 = ORIENTED_EDGE ( 'NONE', *, *, #317, .T. ) ;
#129 = ORIENTED_EDGE ( 'NONE', *, *, #1493, .T. ) ;
#130 = DIRECTION ( 'NONE',  ( 1.298445715551502529E-16, -1.000000000000000000, 0.0000000000000000000 ) ) ;
#131 = LINE ( 'NONE', #992, #866 ) ;
#132 = DATE_AND_TIME ( #993, #272 ) ;
#133 = ORIENTED_EDGE ( 'NONE', *, *, #549, .F. ) ;
#134 = CARTESIAN_POINT ( 'NONE',  ( -1.690000000000000835, 1.670000000000000373, 0.0000000000000000000 ) ) ;
#135 = CONTEXT_DEPENDENT_SHAPE_REPRESENTATION ( #220, #817 ) ;
#136 = VECTOR ( 'NONE', #1281, 1000.000000000000000 ) ;
#137 = APPROVAL_ROLE ( '' ) ;
#138 = CC_DESIGN_PERSON_AND_ORGANIZATION_ASSIGNMENT ( #683, #461, ( #346 ) ) ;
#139 = CARTESIAN_POINT ( 'NONE',  ( -1.550000000000000488, -1.669999999999999263, 0.9399999999999996136 ) ) ;
#140 = DIRECTION ( 'NONE',  ( 0.0000000000000000000, -0.0000000000000000000, 1.000000000000000000 ) ) ;
#141 = DIRECTION ( 'NONE',  ( -0.0000000000000000000, -0.0000000000000000000, 1.000000000000000000 ) ) ;
#142 = PLANE ( 'NONE',  #351 ) ;
#143 = VECTOR ( 'NONE', #1180, 1000.000000000000000 ) ;
#144 = EDGE_CURVE ( 'NONE', #58, #479, #368, .T. ) ;
#145 = ORIENTED_EDGE ( 'NONE', *, *, #549, .T. ) ;
#146 = VERTEX_POINT ( 'NONE', #441 ) ;
#147 = ORIENTED_EDGE ( 'NONE', *, *, #719, .F. ) ;
#148 = EDGE_CURVE ( 'NONE', #1152, #646, #1489, .T. ) ;
#149 = CARTESIAN_POINT ( 'NONE',  ( 0.6399999999999996803, 1.670000000000000151, 2.559999999999999165 ) ) ;
#150 = AXIS2_PLACEMENT_3D ( 'NONE', #1047, #1232, #768 ) ;
#151 = PLANE ( 'NONE',  #1462 ) ;
#152 = ORGANIZATION ( 'NAUO-ORG1', 'UNSPECIFIED', 'UNSPECIFIED' ) ;
#153 = LINE ( 'NONE', #1199, #471 ) ;
#154 = CARTESIAN_POINT ( 'NONE',  ( 0.0000000000000000000, 0.0000000000000000000, 0.0000000000000000000 ) ) ;
#155 = EDGE_LOOP ( 'NONE', ( #1011, #697, #837, #1084, #1468, #1318 ) ) ;
#156 = LINE ( 'NONE', #377, #882 ) ;
#157 = COORDINATED_UNIVERSAL_TIME_OFFSET ( 9, 0, .AHEAD. ) ;
#158 = ORIENTED_EDGE ( 'NONE', *, *, #932, .F. ) ;
#159 = ORIENTED_EDGE ( 'NONE', *, *, #457, .F. ) ;
#160 = SHAPE_DEFINITION_REPRESENTATION ( #1191, #804 ) ;
#161 = EDGE_LOOP ( 'NONE', ( #964, #1018, #270, #747 ) ) ;
#162 = LINE ( 'NONE', #1114, #1036 ) ;
#163 = CALENDAR_DATE ( 2018, 10, 7 ) ;
#164 = COORDINATED_UNIVERSAL_TIME_OFFSET ( 9, 0, .AHEAD. ) ;
#165 = LINE ( 'NONE', #362, #815 ) ;
#166 = PERSON_AND_ORGANIZATION_ROLE ( 'classification_officer' ) ;
#167 = DIRECTION ( 'NONE',  ( 0.0000000000000000000, 0.0000000000000000000, 1.000000000000000000 ) ) ;
#168 = LINE ( 'NONE', #713, #494 ) ;
#169 = AXIS2_PLACEMENT_3D ( 'NONE', #759, #391, #856 ) ;
#170 = CARTESIAN_POINT ( 'NONE',  ( -1.690000000000000391, -1.669999999999999263, 2.639999999999999680 ) ) ;
#171 = ORGANIZATION ( 'NAUO-ORG3', 'UNSPECIFIED', 'UNSPECIFIED' ) ;
#172 = EDGE_CURVE ( 'NONE', #629, #1272, #1209, .T. ) ;
#173 = DIRECTION ( 'NONE',  ( -1.000000000000000000, 0.0000000000000000000, -0.0000000000000000000 ) ) ;
#174 = CARTESIAN_POINT ( 'NONE',  ( 1.689999999999999503, -0.4499999999999992339, 0.9399999999999996136 ) ) ;
#175 = ORIENTED_EDGE ( 'NONE', *, *, #144, .T. ) ;
#176 = CC_DESIGN_PERSON_AND_ORGANIZATION_ASSIGNMENT ( #1250, #1477, ( #748 ) ) ;
#177 = DIRECTION ( 'NONE',  ( 1.000000000000000000, 0.0000000000000000000, 0.0000000000000000000 ) ) ;
#178 = ADVANCED_FACE ( 'NONE', ( #568 ), #1414, .F. ) ;
#179 = CALENDAR_DATE ( 2018, 10, 7 ) ;
#180 = ORIENTED_EDGE ( 'NONE', *, *, #576, .T. ) ;
#181 = LOCAL_TIME ( 15, 42, 41.00000000000000000, #750 ) ;
#182 = LINE ( 'NONE', #1502, #268 ) ;
#183 = CARTESIAN_POINT ( 'NONE',  ( -1.690000000000000835, -1.669999999999999263, 0.9399999999999996136 ) ) ;
#184 = PERSON_AND_ORGANIZATION ( #664, #1024 ) ;
#185 = DIRECTION ( 'NONE',  ( 6.938893903907226837E-18, 1.000000000000000000, -1.387778780781445429E-16 ) ) ;
#186 = ORIENTED_EDGE ( 'NONE', *, *, #1390, .F. ) ;
#187 = CC_DESIGN_DATE_AND_TIME_ASSIGNMENT ( #127, #676, ( #1457 ) ) ;
#188 = CALENDAR_DATE ( 2018, 10, 7 ) ;
#189 = DIRECTION ( 'NONE',  ( 0.0000000000000000000, 0.0000000000000000000, -1.000000000000000000 ) ) ;
#190 = LOCAL_TIME ( 15, 42, 41.00000000000000000, #733 ) ;
#191 = CARTESIAN_POINT ( 'NONE',  ( 1.689999999999999059, 1.670000000000000373, 0.9399999999999996136 ) ) ;
#192 = CARTESIAN_POINT ( 'NONE',  ( 0.6399999999999996803, -0.4499999999999993450, 2.639999999999999680 ) ) ;
#193 = PERSON ( 'NAUO-PER5', 'UNSPECIFIED', 'UNSPECIFIED', ('UNSPECIFIED'), ('UNSPECIFIED'), ('UNSPECIFIED') ) ;
#194 = APPROVAL ( #1257, 'UNKNOWN' ) ;
#195 = ORIENTED_EDGE ( 'NONE', *, *, #26, .F. ) ;
#196 = ADVANCED_FACE ( 'NONE', ( #1361 ), #1291, .F. ) ;
#197 = CARTESIAN_POINT ( 'NONE',  ( -0.6400000000000004574, -1.099999999999999201, 2.639999999999999680 ) ) ;
#198 = LOCAL_TIME ( 15, 42, 41.00000000000000000, #100 ) ;
#199 = CARTESIAN_POINT ( 'NONE',  ( 0.9000000000000000222, 1.000000000000000000, 0.1000000000000000472 ) ) ;
#200 =( REPRESENTATION_RELATIONSHIP ('NONE','NONE', #118, #804 ) REPRESENTATION_RELATIONSHIP_WITH_TRANSFORMATION ( #618 )SHAPE_REPRESENTATION_RELATIONSHIP( ) );
#201 = APPROVAL ( #869, 'UNSPECIFIED' ) ;
#202 = LINE ( 'NONE', #400, #1415 ) ;
#203 = APPROVAL_ROLE ( '' ) ;
#204 = VERTEX_POINT ( 'NONE', #1236 ) ;
#205 = DATE_AND_TIME ( #1043, #1154 ) ;
#206 = VERTEX_POINT ( 'NONE', #714 ) ;
#207 = LINE ( 'NONE', #749, #1497 ) ;
#208 = VECTOR ( 'NONE', #65, 1000.000000000000000 ) ;
#209 = COORDINATED_UNIVERSAL_TIME_OFFSET ( 9, 0, .AHEAD. ) ;
#210 = ORIENTED_EDGE ( 'NONE', *, *, #1485, .T. ) ;
#211 = CARTESIAN_POINT ( 'NONE',  ( 0.0000000000000000000, 0.0000000000000000000, 0.9399999999999996136 ) ) ;
#212 = COORDINATED_UNIVERSAL_TIME_OFFSET ( 9, 0, .AHEAD. ) ;
#213 = AXIS2_PLACEMENT_3D ( 'NONE', #305, #482, #1376 ) ;
#214 = FACE_OUTER_BOUND ( 'NONE', #328, .T. ) ;
#215 = LINE ( 'NONE', #1354, #1242 ) ;
#216 = ADVANCED_FACE ( 'NONE', ( #900 ), #1210, .F. ) ;
#217 = PRODUCT_DEFINITION_SHAPE ( 'NONE', 'NONE',  #322 ) ;
#218 = AXIS2_PLACEMENT_3D ( 'NONE', #359, #234, #1303 ) ;
#219 = ORIENTED_EDGE ( 'NONE', *, *, #12, .F. ) ;
#220 =( REPRESENTATION_RELATIONSHIP ('NONE','NONE', #118, #804 ) REPRESENTATION_RELATIONSHIP_WITH_TRANSFORMATION ( #1353 )SHAPE_REPRESENTATION_RELATIONSHIP( ) );
#221 = ORIENTED_EDGE ( 'NONE', *, *, #278, .F. ) ;
#222 = APPROVAL_PERSON_ORGANIZATION ( #1451, #1473, #585 ) ;
#223 = LINE ( 'NONE', #418, #905 ) ;
#224 = PLANE ( 'NONE',  #743 ) ;
#225 = DIRECTION ( 'NONE',  ( -0.0000000000000000000, -0.0000000000000000000, -1.000000000000000000 ) ) ;
#226 = VERTEX_POINT ( 'NONE', #105 ) ;
#227 = CC_DESIGN_SECURITY_CLASSIFICATION ( #626, ( #1515 ) ) ;
#228 = DATE_AND_TIME ( #936, #1445 ) ;
#229 = ORIENTED_EDGE ( 'NONE', *, *, #961, .F. ) ;
#230 = DIRECTION ( 'NONE',  ( -0.0000000000000000000, -0.0000000000000000000, 1.000000000000000000 ) ) ;
#231 = CARTESIAN_POINT ( 'NONE',  ( -1.550000000000000488, -1.669999999999999263, 2.559999999999999165 ) ) ;
#232 = CALENDAR_DATE ( 2018, 10, 7 ) ;
#233 = ORIENTED_EDGE ( 'NONE', *, *, #1365, .F. ) ;
#234 = DIRECTION ( 'NONE',  ( 0.0000000000000000000, -1.000000000000000000, 0.0000000000000000000 ) ) ;
#235 = CALENDAR_DATE ( 2018, 10, 7 ) ;
#236 = DIRECTION ( 'NONE',  ( 0.0000000000000000000, -1.000000000000000000, 9.035018104045868229E-17 ) ) ;
#237 = LINE ( 'NONE', #486, #1195 ) ;
#238 = APPROVAL_ROLE ( '' ) ;
#239 = APPROVAL ( #779, 'UNKNOWN' ) ;
#240 = LINE ( 'NONE', #711, #1174 ) ;
#241 = PERSON_AND_ORGANIZATION ( #250, #299 ) ;
#242 = CARTESIAN_POINT ( 'NONE',  ( 0.0000000000000000000, 1.000000000000000000, 0.0000000000000000000 ) ) ;
#243 = DIRECTION ( 'NONE',  ( 1.000000000000000000, 0.0000000000000000000, 0.0000000000000000000 ) ) ;
#244 = CARTESIAN_POINT ( 'NONE',  ( 0.0000000000000000000, 1.000000000000000000, 0.1000000000000000472 ) ) ;
#245 = DIRECTION ( 'NONE',  ( -0.0000000000000000000, -0.0000000000000000000, 1.000000000000000000 ) ) ;
#246 = EDGE_CURVE ( 'NONE', #1089, #726, #1366, .T. ) ;
#247 = EDGE_LOOP ( 'NONE', ( #1504, #1203, #1269, #1048 ) ) ;
#248 = DIRECTION ( 'NONE',  ( 1.000000000000000000, 1.298445715551502529E-16, -0.0000000000000000000 ) ) ;
#249 = EDGE_CURVE ( 'NONE', #204, #888, #550, .T. ) ;
#250 = PERSON ( 'NAUO-PER6', 'UNSPECIFIED', 'UNSPECIFIED', ('UNSPECIFIED'), ('UNSPECIFIED'), ('UNSPECIFIED') ) ;
#251 = LINE ( 'NONE', #450, #920 ) ;
#252 = DIRECTION ( 'NONE',  ( -1.000000000000000000, 6.938893903907216822E-18, -7.351996135665333282E-17 ) ) ;
#253 = CC_DESIGN_PERSON_AND_ORGANIZATION_ASSIGNMENT ( #1505, #1282, ( #393 ) ) ;
#254 = LINE ( 'NONE', #555, #819 ) ;
#255 = PERSON_AND_ORGANIZATION ( #664, #1024 ) ;
#256 = EDGE_LOOP ( 'NONE', ( #1321, #879, #1062, #927 ) ) ;
#257 = PERSON_AND_ORGANIZATION_ROLE ( 'classification_officer' ) ;
#258 = DIRECTION ( 'NONE',  ( 8.886903053159871299E-17, -1.000000000000000000, 0.0000000000000000000 ) ) ;
#259 = CALENDAR_DATE ( 2018, 10, 7 ) ;
#260 = ORIENTED_EDGE ( 'NONE', *, *, #957, .T. ) ;
#261 = CARTESIAN_POINT ( 'NONE',  ( 0.6399999999999996803, 1.670000000000000151, 2.639999999999999680 ) ) ;
#262 = EDGE_CURVE ( 'NONE', #888, #1141, #772, .T. ) ;
#263 = DATE_AND_TIME ( #1187, #827 ) ;
#264 = CARTESIAN_POINT ( 'NONE',  ( -1.690000000000000835, 1.670000000000000373, 2.639999999999999680 ) ) ;
#265 = CARTESIAN_POINT ( 'NONE',  ( 0.6399999999999997913, -1.669999999999999485, 2.639999999999999680 ) ) ;
#266 = FACE_OUTER_BOUND ( 'NONE', #717, .T. ) ;
#267 = FACE_OUTER_BOUND ( 'NONE', #498, .T. ) ;
#268 = VECTOR ( 'NONE', #528, 1000.000000000000000 ) ;
#269 = LINE ( 'NONE', #809, #490 ) ;
#270 = ORIENTED_EDGE ( 'NONE', *, *, #434, .T. ) ;
#271 = AXIS2_PLACEMENT_3D ( 'NONE', #833, #511, #39 ) ;
#272 = LOCAL_TIME ( 15, 42, 41.00000000000000000, #1481 ) ;
#273 = ADVANCED_FACE ( 'NONE', ( #501 ), #724, .F. ) ;
#274 = ORIENTED_EDGE ( 'NONE', *, *, #296, .F. ) ;
#275 = VECTOR ( 'NONE', #1359, 1000.000000000000000 ) ;
#276 = APPROVAL_PERSON_ORGANIZATION ( #1025, #734, #238 ) ;
#277 = CARTESIAN_POINT ( 'NONE',  ( 0.0000000000000000000, 0.0000000000000000000, 2.639999999999999680 ) ) ;
#278 = EDGE_CURVE ( 'NONE', #1386, #1070, #481, .T. ) ;
#279 = COORDINATED_UNIVERSAL_TIME_OFFSET ( 9, 0, .AHEAD. ) ;
#280 = ORIENTED_EDGE ( 'NONE', *, *, #531, .T. ) ;
#281 = APPROVAL_STATUS ( 'not_yet_approved' ) ;
#282 = ORIENTED_EDGE ( 'NONE', *, *, #1390, .T. ) ;
#283 = CARTESIAN_POINT ( 'NONE',  ( 0.4000000000000000222, 0.1000000000000000056, 0.8000000000000000444 ) ) ;
#284 = APPLICATION_PROTOCOL_DEFINITION ( 'international standard', 'config_control_design', 1994, #1387 ) ;
#285 = ORIENTED_EDGE ( 'NONE', *, *, #574, .T. ) ;
#286 = EDGE_CURVE ( 'NONE', #982, #1193, #56, .T. ) ;
#287 = LINE ( 'NONE', #562, #780 ) ;
#288 = ITEM_DEFINED_TRANSFORMATION ( 'NONE', 'NONE', #690,  #1279 ) ;
#289 = PRODUCT_DEFINITION_SHAPE ( 'NONE', 'NONE',  #1518 ) ;
#290 = CALENDAR_DATE ( 2018, 10, 7 ) ;
#291 = CARTESIAN_POINT ( 'NONE',  ( 1.689999999999999503, 1.100000000000000533, 2.639999999999999680 ) ) ;
#292 = LINE ( 'NONE', #1000, #1244 ) ;
#293 = EDGE_CURVE ( 'NONE', #1272, #525, #1087, .T. ) ;
#294 = ORIENTED_EDGE ( 'NONE', *, *, #1368, .T. ) ;
#295 = PRODUCT_RELATED_PRODUCT_CATEGORY ( 'detail', '', ( #1487 ) ) ;
#296 = EDGE_CURVE ( 'NONE', #1089, #1215, #453, .T. ) ;
#297 = VECTOR ( 'NONE', #326, 1000.000000000000000 ) ;
#298 = CC_DESIGN_APPROVAL ( #880, ( #1341 ) ) ;
#299 = ORGANIZATION ( 'NAUO-ORG6', 'UNSPECIFIED', 'UNSPECIFIED' ) ;
#300 = CC_DESIGN_PERSON_AND_ORGANIZATION_ASSIGNMENT ( #1501, #990, ( #766 ) ) ;
#301 = DIRECTION ( 'NONE',  ( -0.0000000000000000000, -0.0000000000000000000, 1.000000000000000000 ) ) ;
#302 = PERSON_AND_ORGANIZATION ( #664, #1024 ) ;
#303 = ORIENTED_EDGE ( 'NONE', *, *, #1448, .T. ) ;
#304 = DIRECTION ( 'NONE',  ( -1.000000000000000000, 0.0000000000000000000, 0.0000000000000000000 ) ) ;
#305 = CARTESIAN_POINT ( 'NONE',  ( 0.0000000000000000000, 1.000000000000000000, 0.8000000000000000444 ) ) ;
#306 = VERTEX_POINT ( 'NONE', #1427 ) ;
#307 = CARTESIAN_POINT ( 'NONE',  ( 0.9000000000000000222, 1.000000000000000000, 0.1000000000000000472 ) ) ;
#308 = APPROVAL_STATUS ( 'not_yet_approved' ) ;
#309 = FACE_OUTER_BOUND ( 'NONE', #800, .T. ) ;
#310 = DIRECTION ( 'NONE',  ( -1.000000000000000000, -0.0000000000000000000, -0.0000000000000000000 ) ) ;
#311 = ADVANCED_FACE ( 'NONE', ( #966 ), #1429, .F. ) ;
#312 = DATE_AND_TIME ( #15, #190 ) ;
#313 = CARTESIAN_POINT ( 'NONE',  ( 1.689999999999999503, 1.100000000000000533, 0.9399999999999996136 ) ) ;
#314 = CARTESIAN_POINT ( 'NONE',  ( -0.6400000000000007905, 0.4500000000000006772, 2.559999999999999165 ) ) ;
#315 = EDGE_CURVE ( 'NONE', #1467, #1215, #679, .T. ) ;
#316 = CC_DESIGN_APPROVAL ( #1315, ( #602 ) ) ;
#317 = EDGE_CURVE ( 'NONE', #1346, #1311, #162, .T. ) ;
#318 = DIRECTION ( 'NONE',  ( -0.0000000000000000000, 0.0000000000000000000, 1.000000000000000000 ) ) ;
#319 = ORIENTED_EDGE ( 'NONE', *, *, #642, .F. ) ;
#320 = ADVANCED_FACE ( 'NONE', ( #1019 ), #941, .F. ) ;
#321 = LINE ( 'NONE', #715, #485 ) ;
#322 = PRODUCT_DEFINITION ( 'UNKNOWN', '', #748, #655 ) ;
#323 = LINE ( 'NONE', #349, #419 ) ;
#324 = ADVANCED_FACE ( 'NONE', ( #83 ), #1401, .F. ) ;
#325 = DIRECTION ( 'NONE',  ( -1.000000000000000000, 0.0000000000000000000, -0.0000000000000000000 ) ) ;
#326 = DIRECTION ( 'NONE',  ( 1.777380610631975246E-16, -1.000000000000000000, 0.0000000000000000000 ) ) ;
#327 = APPLICATION_PROTOCOL_DEFINITION ( 'international standard', 'config_control_design', 1994, #931 ) ;
#328 = EDGE_LOOP ( 'NONE', ( #1342, #514, #175, #1161 ) ) ;
#329 = EDGE_CURVE ( 'NONE', #848, #1467, #182, .T. ) ;
#330 = PERSON_AND_ORGANIZATION ( #664, #1024 ) ;
#331 = EDGE_LOOP ( 'NONE', ( #746, #561, #540, #1478 ) ) ;
#332 = ORIENTED_EDGE ( 'NONE', *, *, #148, .F. ) ;
#333 = DATE_TIME_ROLE ( 'classification_date' ) ;
#334 = ORIENTED_EDGE ( 'NONE', *, *, #445, .F. ) ;
#335 = DIRECTION ( 'NONE',  ( -1.000000000000000000, -0.0000000000000000000, -0.0000000000000000000 ) ) ;
#336 = COORDINATED_UNIVERSAL_TIME_OFFSET ( 9, 0, .AHEAD. ) ;
#337 = APPROVAL ( #851, 'UNKNOWN' ) ;
#338 = CARTESIAN_POINT ( 'NONE',  ( -1.690000000000000613, 0.4500000000000005107, 0.9399999999999996136 ) ) ;
#339 = CARTESIAN_POINT ( 'NONE',  ( 0.6399999999999996803, -0.4499999999999993450, 2.559999999999999165 ) ) ;
#340 = DIRECTION ( 'NONE',  ( 1.000000000000000000, 0.0000000000000000000, 0.0000000000000000000 ) ) ;
#341 = LINE ( 'NONE', #835, #625 ) ;
#342 = ADVANCED_FACE ( 'NONE', ( #383 ), #9, .F. ) ;
#343 = ORIENTED_EDGE ( 'NONE', *, *, #1080, .F. ) ;
#344 = VECTOR ( 'NONE', #1053, 1000.000000000000000 ) ;
#345 = ORIENTED_EDGE ( 'NONE', *, *, #1470, .F. ) ;
#346 = SECURITY_CLASSIFICATION ( '', '', #409 ) ;
#347 = CC_DESIGN_APPROVAL ( #337, ( #1197 ) ) ;
#348 = DIRECTION ( 'NONE',  ( 0.0000000000000000000, -0.0000000000000000000, 1.000000000000000000 ) ) ;
#349 = CARTESIAN_POINT ( 'NONE',  ( 1.550000000000000044, -0.4499999999999992339, 2.559999999999999165 ) ) ;
#350 =( REPRESENTATION_RELATIONSHIP ('NONE','NONE', #118, #804 ) REPRESENTATION_RELATIONSHIP_WITH_TRANSFORMATION ( #895 )SHAPE_REPRESENTATION_RELATIONSHIP( ) );
#351 = AXIS2_PLACEMENT_3D ( 'NONE', #1029, #1287, #414 ) ;
#352 =( NAMED_UNIT ( * ) SI_UNIT ( $, .STERADIAN. ) SOLID_ANGLE_UNIT ( ) );
#353 = ORIENTED_EDGE ( 'NONE', *, *, #315, .T. ) ;
#354 = VERTEX_POINT ( 'NONE', #407 ) ;
#355 = ORIENTED_EDGE ( 'NONE', *, *, #1313, .T. ) ;
#356 = MECHANICAL_CONTEXT ( 'NONE', #1020, 'mechanical' ) ;
#357 = ORIENTED_EDGE ( 'NONE', *, *, #262, .T. ) ;
#358 = VECTOR ( 'NONE', #1301, 1000.000000000000000 ) ;
#359 = CARTESIAN_POINT ( 'NONE',  ( -1.690000000000000613, 0.4500000000000005107, 0.9399999999999996136 ) ) ;
#360 = COORDINATED_UNIVERSAL_TIME_OFFSET ( 9, 0, .AHEAD. ) ;
#361 = PERSON_AND_ORGANIZATION_ROLE ( 'classification_officer' ) ;
#362 = CARTESIAN_POINT ( 'NONE',  ( 0.6399999999999996803, 1.100000000000000311, 2.559999999999999165 ) ) ;
#363 = DIRECTION ( 'NONE',  ( -1.000000000000000000, -8.886903053159873764E-17, 0.0000000000000000000 ) ) ;
#364 = AXIS2_PLACEMENT_3D ( 'NONE', #795, #1135, #1 ) ;
#365 = CARTESIAN_POINT ( 'NONE',  ( -1.550000000000000488, -1.669999999999999263, 2.559999999999999165 ) ) ;
#366 = DIRECTION ( 'NONE',  ( 0.0000000000000000000, 1.000000000000000000, 0.0000000000000000000 ) ) ;
#367 = VECTOR ( 'NONE', #1091, 1000.000000000000000 ) ;
#368 = LINE ( 'NONE', #572, #1432 ) ;
#369 = LOCAL_TIME ( 15, 42, 41.00000000000000000, #279 ) ;
#370 = ORIENTED_EDGE ( 'NONE', *, *, #663, .T. ) ;
#371 = CARTESIAN_POINT ( 'NONE',  ( 1.549999999999999600, 1.670000000000000373, 0.9399999999999996136 ) ) ;
#372 = CLOSED_SHELL ( 'NONE', ( #1033, #1186, #273, #1012, #1219, #376, #703, #1153 ) ) ;
#373 = ORIENTED_EDGE ( 'NONE', *, *, #262, .F. ) ;
#374 = LINE ( 'NONE', #1217, #565 ) ;
#375 = DIRECTION ( 'NONE',  ( -1.000000000000000000, -1.191430958775279433E-16, 0.0000000000000000000 ) ) ;
#376 = ADVANCED_FACE ( 'NONE', ( #62 ), #224, .T. ) ;
#377 = CARTESIAN_POINT ( 'NONE',  ( -1.550000000000000488, 0.4500000000000005107, 0.9399999999999996136 ) ) ;
#378 = PERSON_AND_ORGANIZATION ( #664, #1024 ) ;
#379 = VERTEX_POINT ( 'NONE', #605 ) ;
#380 = VERTEX_POINT ( 'NONE', #49 ) ;
#381 = VECTOR ( 'NONE', #1263, 1000.000000000000000 ) ;
#382 = PERSON_AND_ORGANIZATION_ROLE ( 'design_owner' ) ;
#383 = FACE_OUTER_BOUND ( 'NONE', #1499, .T. ) ;
#384 = APPROVAL_DATE_TIME ( #1455, #194 ) ;
#385 = DIRECTION ( 'NONE',  ( 6.938893903907226837E-18, 1.000000000000000000, -1.387778780781445429E-16 ) ) ;
#386 = ORIENTED_EDGE ( 'NONE', *, *, #315, .F. ) ;
#387 = APPROVAL_DATE_TIME ( #636, #1061 ) ;
#388 = COORDINATED_UNIVERSAL_TIME_OFFSET ( 9, 0, .AHEAD. ) ;
#389 = CARTESIAN_POINT ( 'NONE',  ( -1.690000000000000835, -1.099999999999999201, 2.639999999999999680 ) ) ;
#390 = CARTESIAN_POINT ( 'NONE',  ( -0.6400000000000007905, 1.670000000000000373, 2.559999999999999165 ) ) ;
#391 = DIRECTION ( 'NONE',  ( 0.0000000000000000000, -1.000000000000000000, 0.0000000000000000000 ) ) ;
#392 = VECTOR ( 'NONE', #460, 1000.000000000000000 ) ;
#393 = SECURITY_CLASSIFICATION ( '', '', #1483 ) ;
#394 = ORIENTED_EDGE ( 'NONE', *, *, #742, .T. ) ;
#395 = SECURITY_CLASSIFICATION ( '', '', #997 ) ;
#396 = DIRECTION ( 'NONE',  ( -1.000000000000000000, -2.382861917550559358E-16, 0.0000000000000000000 ) ) ;
#397 = EDGE_CURVE ( 'NONE', #499, #848, #323, .T. ) ;
#398 = CC_DESIGN_PERSON_AND_ORGANIZATION_ASSIGNMENT ( #938, #382, ( #1487 ) ) ;
#399 = CARTESIAN_POINT ( 'NONE',  ( -1.690000000000000613, 0.4500000000000005107, 0.9399999999999996136 ) ) ;
#400 = CARTESIAN_POINT ( 'NONE',  ( -0.6400000000000007905, 1.670000000000000373, 2.639999999999999680 ) ) ;
#401 = APPROVAL_DATE_TIME ( #228, #793 ) ;
#402 = EDGE_LOOP ( 'NONE', ( #1181, #654, #1400, #1172, #33, #72, #763, #681 ) ) ;
#403 = COORDINATED_UNIVERSAL_TIME_OFFSET ( 9, 0, .AHEAD. ) ;
#404 = ORIENTED_EDGE ( 'NONE', *, *, #790, .T. ) ;
#405 = SHAPE_DEFINITION_REPRESENTATION ( #981, #48 ) ;
#406 = ORIENTED_EDGE ( 'NONE', *, *, #719, .T. ) ;
#407 = CARTESIAN_POINT ( 'NONE',  ( -1.690000000000000613, 0.4500000000000005107, 2.639999999999999680 ) ) ;
#408 = CARTESIAN_POINT ( 'NONE',  ( -0.6400000000000007905, 1.670000000000000373, 2.639999999999999680 ) ) ;
#409 = SECURITY_CLASSIFICATION_LEVEL ( 'unclassified' ) ;
#410 = VECTOR ( 'NONE', #960, 1000.000000000000000 ) ;
#411 = LINE ( 'NONE', #1145, #1469 ) ;
#412 = EDGE_CURVE ( 'NONE', #1397, #379, #818, .T. ) ;
#413 = CC_DESIGN_APPROVAL ( #1473, ( #924 ) ) ;
#414 = DIRECTION ( 'NONE',  ( 1.000000000000000000, 0.0000000000000000000, 0.0000000000000000000 ) ) ;
#415 = EDGE_CURVE ( 'NONE', #206, #380, #934, .T. ) ;
#416 = ORIENTED_EDGE ( 'NONE', *, *, #1368, .F. ) ;
#417 = VERTEX_POINT ( 'NONE', #1314 ) ;
#418 = CARTESIAN_POINT ( 'NONE',  ( 0.0000000000000000000, 0.1000000000000000056, 0.1000000000000001305 ) ) ;
#419 = VECTOR ( 'NONE', #375, 1000.000000000000000 ) ;
#420 = PERSON ( 'NAUO-PER3', 'UNSPECIFIED', 'UNSPECIFIED', ('UNSPECIFIED'), ('UNSPECIFIED'), ('UNSPECIFIED') ) ;
#421 = CARTESIAN_POINT ( 'NONE',  ( 1.689999999999999503, -1.669999999999999263, 0.9399999999999996136 ) ) ;
#422 = VECTOR ( 'NONE', #108, 1000.000000000000000 ) ;
#423 = ORIENTED_EDGE ( 'NONE', *, *, #545, .F. ) ;
#424 = PERSON_AND_ORGANIZATION ( #664, #1024 ) ;
#425 = ORIENTED_EDGE ( 'NONE', *, *, #716, .F. ) ;
#426 = EDGE_LOOP ( 'NONE', ( #27, #1212, #186, #370, #796, #1378 ) ) ;
#427 = LOCAL_TIME ( 15, 42, 41.00000000000000000, #1022 ) ;
#428 = DATE_AND_TIME ( #232, #1494 ) ;
#429 = VERTEX_POINT ( 'NONE', #1340 ) ;
#430 = PLANE ( 'NONE',  #112 ) ;
#431 = DIRECTION ( 'NONE',  ( 1.000000000000000000, 0.0000000000000000000, 0.0000000000000000000 ) ) ;
#432 = DATE_AND_TIME ( #35, #794 ) ;
#433 = CC_DESIGN_PERSON_AND_ORGANIZATION_ASSIGNMENT ( #330, #1480, ( #766 ) ) ;
#434 = EDGE_CURVE ( 'NONE', #204, #797, #627, .T. ) ;
#435 = PRODUCT ( 'ALT3232M-151 Block model (typ size)', 'ALT3232M-151 Block model (typ size)', '', ( #556 ) ) ;
#436 = CALENDAR_DATE ( 2018, 10, 7 ) ;
#437 = CARTESIAN_POINT ( 'NONE',  ( -1.550000000000000488, -1.099999999999999201, 2.559999999999999165 ) ) ;
#438 =( NAMED_UNIT ( * ) PLANE_ANGLE_UNIT ( ) SI_UNIT ( $, .RADIAN. ) );
#439 = CARTESIAN_POINT ( 'NONE',  ( 0.6399999999999996803, 1.100000000000000311, 2.559999999999999165 ) ) ;
#440 = DIRECTION ( 'NONE',  ( 0.0000000000000000000, -0.0000000000000000000, 1.000000000000000000 ) ) ;
#441 = CARTESIAN_POINT ( 'NONE',  ( 0.4000000000000000222, 1.000000000000000000, 0.0000000000000000000 ) ) ;
#442 = CC_DESIGN_SECURITY_CLASSIFICATION ( #346, ( #1514 ) ) ;
#443 = EDGE_CURVE ( 'NONE', #881, #1277, #76, .T. ) ;
#444 = CC_DESIGN_PERSON_AND_ORGANIZATION_ASSIGNMENT ( #424, #630, ( #748 ) ) ;
#445 = EDGE_CURVE ( 'NONE', #380, #881, #863, .T. ) ;
#446 = ADVANCED_FACE ( 'NONE', ( #51 ), #151, .F. ) ;
#447 = PLANE ( 'NONE',  #672 ) ;
#448 = DIRECTION ( 'NONE',  ( -1.000000000000000000, 0.0000000000000000000, -0.0000000000000000000 ) ) ;
#449 = CARTESIAN_POINT ( 'NONE',  ( 1.689999999999999503, 1.100000000000000533, 0.9399999999999996136 ) ) ;
#450 = CARTESIAN_POINT ( 'NONE',  ( -1.690000000000000835, 1.670000000000000373, 0.9399999999999996136 ) ) ;
#451 = APPROVAL_ROLE ( '' ) ;
#452 = ORIENTED_EDGE ( 'NONE', *, *, #23, .F. ) ;
#453 = LINE ( 'NONE', #1319, #358 ) ;
#454 = VECTOR ( 'NONE', #599, 1000.000000000000000 ) ;
#455 = AXIS2_PLACEMENT_3D ( 'NONE', #1072, #1329, #945 ) ;
#456 = DIRECTION ( 'NONE',  ( 1.000000000000000000, 1.902109074535973258E-16, 0.0000000000000000000 ) ) ;
#457 = EDGE_CURVE ( 'NONE', #629, #1152, #1177, .T. ) ;
#458 = CARTESIAN_POINT ( 'NONE',  ( -12.87564208834929325, 11.62538461538462009, -1.399999999999999911 ) ) ;
#459 = ORIENTED_EDGE ( 'NONE', *, *, #1357, .T. ) ;
#460 = DIRECTION ( 'NONE',  ( -1.000000000000000000, 0.0000000000000000000, 0.0000000000000000000 ) ) ;
#461 = PERSON_AND_ORGANIZATION_ROLE ( 'classification_officer' ) ;
#462 = LINE ( 'NONE', #1332, #1271 ) ;
#463 = PLANE ( 'NONE',  #113 ) ;
#464 = LOCAL_TIME ( 15, 42, 41.00000000000000000, #868 ) ;
#465 = DIRECTION ( 'NONE',  ( -0.0000000000000000000, -0.0000000000000000000, -1.000000000000000000 ) ) ;
#466 = EDGE_CURVE ( 'NONE', #1152, #1492, #1474, .T. ) ;
#467 = DIRECTION ( 'NONE',  ( -1.777380610631974506E-16, 1.000000000000000000, -0.0000000000000000000 ) ) ;
#468 = CARTESIAN_POINT ( 'NONE',  ( 1.689999999999999503, -0.4499999999999992339, 0.9399999999999996136 ) ) ;
#469 = LOCAL_TIME ( 15, 42, 41.00000000000000000, #388 ) ;
#470 = VERTEX_POINT ( 'NONE', #399 ) ;
#471 = VECTOR ( 'NONE', #935, 1000.000000000000000 ) ;
#472 = DIRECTION ( 'NONE',  ( 0.0000000000000000000, 0.0000000000000000000, -1.000000000000000000 ) ) ;
#473 = EDGE_CURVE ( 'NONE', #1070, #1227, #1249, .T. ) ;
#474 = CC_DESIGN_APPROVAL ( #793, ( #748 ) ) ;
#475 = CARTESIAN_POINT ( 'NONE',  ( -1.550000000000000488, -1.099999999999999201, 2.559999999999999165 ) ) ;
#476 = APPROVAL_STATUS ( 'not_yet_approved' ) ;
#477 = ORIENTED_EDGE ( 'NONE', *, *, #567, .T. ) ;
#478 = CALENDAR_DATE ( 2018, 10, 7 ) ;
#479 = VERTEX_POINT ( 'NONE', #77 ) ;
#480 = ORIENTED_EDGE ( 'NONE', *, *, #957, .F. ) ;
#481 = LINE ( 'NONE', #30, #1248 ) ;
#482 = DIRECTION ( 'NONE',  ( 0.0000000000000000000, -1.000000000000000000, 0.0000000000000000000 ) ) ;
#483 = APPROVAL_ROLE ( '' ) ;
#484 = ORIENTED_EDGE ( 'NONE', *, *, #642, .T. ) ;
#485 = VECTOR ( 'NONE', #788, 1000.000000000000000 ) ;
#486 = CARTESIAN_POINT ( 'NONE',  ( -1.690000000000000613, 0.4500000000000005107, 2.639999999999999680 ) ) ;
#487 = PERSON_AND_ORGANIZATION_ROLE ( 'classification_officer' ) ;
#488 = LINE ( 'NONE', #338, #1032 ) ;
#489 = CARTESIAN_POINT ( 'NONE',  ( -1.690000000000000835, -1.099999999999999201, 0.9399999999999996136 ) ) ;
#490 = VECTOR ( 'NONE', #340, 1000.000000000000000 ) ;
#491 = VERTEX_POINT ( 'NONE', #122 ) ;
#492 = AXIS2_PLACEMENT_3D ( 'NONE', #505, #456, #1454 ) ;
#493 = VERTEX_POINT ( 'NONE', #449 ) ;
#494 = VECTOR ( 'NONE', #512, 1000.000000000000000 ) ;
#495 = EDGE_CURVE ( 'NONE', #479, #726, #1420, .T. ) ;
#496 = DIRECTION ( 'NONE',  ( 0.0000000000000000000, 1.000000000000000000, 0.0000000000000000000 ) ) ;
#497 =( NAMED_UNIT ( * ) PLANE_ANGLE_UNIT ( ) SI_UNIT ( $, .RADIAN. ) );
#498 = EDGE_LOOP ( 'NONE', ( #353, #274, #894, #1126 ) ) ;
#499 = VERTEX_POINT ( 'NONE', #1296 ) ;
#500 = EDGE_LOOP ( 'NONE', ( #219, #233, #1336, #425 ) ) ;
#501 = FACE_OUTER_BOUND ( 'NONE', #624, .T. ) ;
#502 = DATE_AND_TIME ( #1320, #181 ) ;
#503 = ORIENTED_EDGE ( 'NONE', *, *, #1243, .T. ) ;
#504 = APPROVAL_PERSON_ORGANIZATION ( #683, #1061, #1260 ) ;
#505 = CARTESIAN_POINT ( 'NONE',  ( -0.6400000000000004574, -1.099999999999999201, 2.559999999999999165 ) ) ;
#506 = DIRECTION ( 'NONE',  ( -0.0000000000000000000, 0.0000000000000000000, 1.000000000000000000 ) ) ;
#507 = APPROVAL_DATE_TIME ( #1324, #880 ) ;
#508 = ADVANCED_FACE ( 'NONE', ( #649 ), #628, .T. ) ;
#509 = APPROVAL_STATUS ( 'not_yet_approved' ) ;
#510 = LINE ( 'NONE', #999, #381 ) ;
#511 = DIRECTION ( 'NONE',  ( 0.0000000000000000000, 0.0000000000000000000, -1.000000000000000000 ) ) ;
#512 = DIRECTION ( 'NONE',  ( 1.000000000000000000, 0.0000000000000000000, 0.0000000000000000000 ) ) ;
#513 = LINE ( 'NONE', #620, #69 ) ;
#514 = ORIENTED_EDGE ( 'NONE', *, *, #1292, .T. ) ;
#515 = CARTESIAN_POINT ( 'NONE',  ( -1.690000000000000835, 1.670000000000000373, 2.639999999999999680 ) ) ;
#516 = APPROVAL ( #968, 'UNSPECIFIED' ) ;
#517 = DIRECTION ( 'NONE',  ( 0.0000000000000000000, 0.0000000000000000000, 1.000000000000000000 ) ) ;
#518 = PLANE ( 'NONE',  #1447 ) ;
#519 = DIRECTION ( 'NONE',  ( -0.0000000000000000000, -0.0000000000000000000, 1.000000000000000000 ) ) ;
#520 = DIRECTION ( 'NONE',  ( -0.0000000000000000000, -1.000000000000000000, -0.0000000000000000000 ) ) ;
#521 = CC_DESIGN_APPROVAL ( #201, ( #766 ) ) ;
#522 = CARTESIAN_POINT ( 'NONE',  ( 0.0000000000000000000, 0.0000000000000000000, 2.559999999999999165 ) ) ;
#523 = CARTESIAN_POINT ( 'NONE',  ( -1.550000000000000488, -1.669999999999999263, 0.9399999999999996136 ) ) ;
#524 = PERSON_AND_ORGANIZATION ( #664, #1024 ) ;
#525 = VERTEX_POINT ( 'NONE', #1040 ) ;
#526 = VECTOR ( 'NONE', #519, 1000.000000000000000 ) ;
#527 = APPLICATION_PROTOCOL_DEFINITION ( 'international standard', 'config_control_design', 1994, #1020 ) ;
#528 = DIRECTION ( 'NONE',  ( -0.0000000000000000000, -0.0000000000000000000, 1.000000000000000000 ) ) ;
#529 = APPROVAL_ROLE ( '' ) ;
#530 = ORIENTED_EDGE ( 'NONE', *, *, #925, .F. ) ;
#531 = EDGE_CURVE ( 'NONE', #1067, #982, #887, .T. ) ;
#532 = CARTESIAN_POINT ( 'NONE',  ( 0.0000000000000000000, 0.0000000000000000000, 0.0000000000000000000 ) ) ;
#533 = DATE_AND_TIME ( #290, #671 ) ;
#534 = DIRECTION ( 'NONE',  ( -0.0000000000000000000, -0.0000000000000000000, 1.000000000000000000 ) ) ;
#535 = DIRECTION ( 'NONE',  ( 0.0000000000000000000, -1.000000000000000000, 0.0000000000000000000 ) ) ;
#536 = PLANE ( 'NONE',  #918 ) ;
#537 = CARTESIAN_POINT ( 'NONE',  ( 0.0000000000000000000, 0.0000000000000000000, 0.8000000000000000444 ) ) ;
#538 = DIRECTION ( 'NONE',  ( 0.0000000000000000000, 0.0000000000000000000, 1.000000000000000000 ) ) ;
#539 = ADVANCED_BREP_SHAPE_REPRESENTATION ( '', ( #1509, #1279 ), #54 ) ;
#540 = ORIENTED_EDGE ( 'NONE', *, *, #1343, .T. ) ;
#541 = CC_DESIGN_DATE_AND_TIME_ASSIGNMENT ( #1088, #1228, ( #924 ) ) ;
#542 = ORIENTED_EDGE ( 'NONE', *, *, #473, .T. ) ;
#543 = PRODUCT_DEFINITION_SHAPE ( 'NONE', 'NONE',  #1512 ) ;
#544 = SECURITY_CLASSIFICATION ( '', '', #1115 ) ;
#545 = EDGE_CURVE ( 'NONE', #429, #1103, #153, .T. ) ;
#546 = VECTOR ( 'NONE', #867, 1000.000000000000000 ) ;
#547 = CC_DESIGN_DATE_AND_TIME_ASSIGNMENT ( #1144, #333, ( #1214 ) ) ;
#548 = CARTESIAN_POINT ( 'NONE',  ( 0.0000000000000000000, 1.000000000000000000, 0.8000000000000000444 ) ) ;
#549 = EDGE_CURVE ( 'NONE', #354, #1277, #1222, .T. ) ;
#550 = LINE ( 'NONE', #149, #44 ) ;
#551 = DIRECTION ( 'NONE',  ( 2.775557561562891351E-16, -1.000000000000000000, 5.898059818321145354E-17 ) ) ;
#552 = VERTEX_POINT ( 'NONE', #1107 ) ;
#553 = APPROVAL_PERSON_ORGANIZATION ( #1505, #239, #1119 ) ;
#554 = APPLICATION_CONTEXT ( 'configuration controlled 3d designs of mechanical parts and assemblies' ) ;
#555 = CARTESIAN_POINT ( 'NONE',  ( 0.4000000000000000222, 0.0000000000000000000, 0.8000000000000000444 ) ) ;
#556 = MECHANICAL_CONTEXT ( 'NONE', #931, 'mechanical' ) ;
#557 = ORIENTED_EDGE ( 'NONE', *, *, #583, .T. ) ;
#558 = DIRECTION ( 'NONE',  ( -0.0000000000000000000, -1.000000000000000000, -0.0000000000000000000 ) ) ;
#559 = DIRECTION ( 'NONE',  ( 1.000000000000000000, 0.0000000000000000000, 0.0000000000000000000 ) ) ;
#560 = SHAPE_DEFINITION_REPRESENTATION ( #217, #118 ) ;
#561 = ORIENTED_EDGE ( 'NONE', *, *, #397, .T. ) ;
#562 = CARTESIAN_POINT ( 'NONE',  ( -1.690000000000000835, -1.099999999999999201, 0.9399999999999996136 ) ) ;
#563 = PERSON_AND_ORGANIZATION ( #664, #1024 ) ;
#564 = LINE ( 'NONE', #191, #666 ) ;
#565 = VECTOR ( 'NONE', #396, 1000.000000000000000 ) ;
#566 = CARTESIAN_POINT ( 'NONE',  ( -1.550000000000000711, 1.670000000000000151, 2.559999999999999165 ) ) ;
#567 = EDGE_CURVE ( 'NONE', #911, #700, #202, .T. ) ;
#568 = FACE_OUTER_BOUND ( 'NONE', #1450, .T. ) ;
#569 = CARTESIAN_POINT ( 'NONE',  ( 1.689999999999999059, 1.670000000000000373, 0.9399999999999996136 ) ) ;
#570 = VECTOR ( 'NONE', #1073, 1000.000000000000000 ) ;
#571 = CC_DESIGN_PERSON_AND_ORGANIZATION_ASSIGNMENT ( #799, #487, ( #1214 ) ) ;
#572 = CARTESIAN_POINT ( 'NONE',  ( 1.550000000000000044, -1.669999999999999263, 0.9399999999999996136 ) ) ;
#573 = ORIENTED_EDGE ( 'NONE', *, *, #95, .F. ) ;
#574 = EDGE_CURVE ( 'NONE', #965, #678, #124, .T. ) ;
#575 = ORIENTED_EDGE ( 'NONE', *, *, #1075, .T. ) ;
#576 = EDGE_CURVE ( 'NONE', #306, #470, #251, .T. ) ;
#577 = APPLICATION_CONTEXT ( 'configuration controlled 3d designs of mechanical parts and assemblies' ) ;
#578 = APPROVAL_PERSON_ORGANIZATION ( #255, #1213, #451 ) ;
#579 = DIRECTION ( 'NONE',  ( 0.0000000000000000000, 0.0000000000000000000, 1.000000000000000000 ) ) ;
#580 = CARTESIAN_POINT ( 'NONE',  ( -11.22564208834929644, 12.77538461538462222, 1.259999999999999343 ) ) ;
#581 = COORDINATED_UNIVERSAL_TIME_OFFSET ( 9, 0, .AHEAD. ) ;
#582 = ORIENTED_EDGE ( 'NONE', *, *, #1169, .F. ) ;
#583 = EDGE_CURVE ( 'NONE', #429, #525, #254, .T. ) ;
#584 = CARTESIAN_POINT ( 'NONE',  ( -1.550000000000000488, -1.099999999999999201, 0.9399999999999996136 ) ) ;
#585 = APPROVAL_ROLE ( '' ) ;
#586 = ORIENTED_EDGE ( 'NONE', *, *, #443, .F. ) ;
#587 = AXIS2_PLACEMENT_3D ( 'NONE', #6, #559, #1323 ) ;
#588 = CALENDAR_DATE ( 2018, 10, 7 ) ;
#589 =( NAMED_UNIT ( * ) PLANE_ANGLE_UNIT ( ) SI_UNIT ( $, .RADIAN. ) );
#590 = ORIENTED_EDGE ( 'NONE', *, *, #95, .T. ) ;
#591 = LINE ( 'NONE', #106, #208 ) ;
#592 = PERSON_AND_ORGANIZATION_ROLE ( 'classification_officer' ) ;
#593 = CARTESIAN_POINT ( 'NONE',  ( -1.550000000000000711, 1.670000000000000373, 0.9399999999999996136 ) ) ;
#594 = LINE ( 'NONE', #1054, #691 ) ;
#595 = APPROVAL_STATUS ( 'not_yet_approved' ) ;
#596 = CARTESIAN_POINT ( 'NONE',  ( -1.690000000000000835, 1.670000000000000373, 2.639999999999999680 ) ) ;
#597 = DIRECTION ( 'NONE',  ( 0.0000000000000000000, -1.000000000000000000, 0.0000000000000000000 ) ) ;
#598 = PLANE ( 'NONE',  #1404 ) ;
#599 = DIRECTION ( 'NONE',  ( 1.000000000000000000, -0.0000000000000000000, -0.0000000000000000000 ) ) ;
#600 = EDGE_CURVE ( 'NONE', #991, #1467, #1511, .T. ) ;
#601 = VECTOR ( 'NONE', #987, 1000.000000000000000 ) ;
#602 = SECURITY_CLASSIFICATION ( '', '', #728 ) ;
#603 = ORIENTED_EDGE ( 'NONE', *, *, #925, .T. ) ;
#604 = EDGE_CURVE ( 'NONE', #860, #678, #156, .T. ) ;
#605 = CARTESIAN_POINT ( 'NONE',  ( 1.689999999999999503, -0.4499999999999992339, 0.9399999999999996136 ) ) ;
#606 = UNCERTAINTY_MEASURE_WITH_UNIT (LENGTH_MEASURE( 1.000000000000000082E-05 ), #962, 'distance_accuracy_value', 'NONE');
#607 = DIRECTION ( 'NONE',  ( 0.0000000000000000000, 1.000000000000000000, 0.0000000000000000000 ) ) ;
#608 = PERSON_AND_ORGANIZATION_ROLE ( 'design_owner' ) ;
#609 = ORIENTED_EDGE ( 'NONE', *, *, #278, .T. ) ;
#610 = DIRECTION ( 'NONE',  ( 0.0000000000000000000, 0.0000000000000000000, 1.000000000000000000 ) ) ;
#611 = SECURITY_CLASSIFICATION_LEVEL ( 'unclassified' ) ;
#612 = EDGE_LOOP ( 'NONE', ( #667, #159, #355, #1371 ) ) ;
#613 = ORIENTED_EDGE ( 'NONE', *, *, #473, .F. ) ;
#614 = CALENDAR_DATE ( 2018, 10, 7 ) ;
#615 = ORIENTED_EDGE ( 'NONE', *, *, #293, .F. ) ;
#616 = DIRECTION ( 'NONE',  ( 0.0000000000000000000, 1.000000000000000000, -9.035018104045868229E-17 ) ) ;
#617 = CARTESIAN_POINT ( 'NONE',  ( 1.689999999999999503, 1.100000000000000533, 0.9399999999999996136 ) ) ;
#618 = ITEM_DEFINED_TRANSFORMATION ( 'NONE', 'NONE', #972,  #1279 ) ;
#619 = PERSON_AND_ORGANIZATION_ROLE ( 'classification_officer' ) ;
#620 = CARTESIAN_POINT ( 'NONE',  ( -1.690000000000000835, -1.099999999999999201, 0.9399999999999996136 ) ) ;
#621 = AXIS2_PLACEMENT_3D ( 'NONE', #1475, #720, #847 ) ;
#622 = CARTESIAN_POINT ( 'NONE',  ( 0.6399999999999996803, -0.4499999999999993450, 2.559999999999999165 ) ) ;
#623 = VERTEX_POINT ( 'NONE', #988 ) ;
#624 = EDGE_LOOP ( 'NONE', ( #45, #1479, #786, #1476, #1293, #575 ) ) ;
#625 = VECTOR ( 'NONE', #1030, 1000.000000000000000 ) ;
#626 = SECURITY_CLASSIFICATION ( '', '', #1306 ) ;
#627 = LINE ( 'NONE', #744, #1491 ) ;
#628 = PLANE ( 'NONE',  #1339 ) ;
#629 = VERTEX_POINT ( 'NONE', #1134 ) ;
#630 = PERSON_AND_ORGANIZATION_ROLE ( 'creator' ) ;
#631 = DIRECTION ( 'NONE',  ( -1.000000000000000000, -0.0000000000000000000, -0.0000000000000000000 ) ) ;
#632 = APPROVAL_DATE_TIME ( #428, #516 ) ;
#633 = EDGE_LOOP ( 'NONE', ( #345, #1226, #1268, #79 ) ) ;
#634 = APPROVAL_STATUS ( 'not_yet_approved' ) ;
#635 = CARTESIAN_POINT ( 'NONE',  ( -1.550000000000000488, -1.099999999999999201, 0.9399999999999996136 ) ) ;
#636 = DATE_AND_TIME ( #897, #1407 ) ;
#637 = LINE ( 'NONE', #805, #705 ) ;
#638 = LINE ( 'NONE', #1096, #422 ) ;
#639 = FACE_OUTER_BOUND ( 'NONE', #1363, .T. ) ;
#640 = LINE ( 'NONE', #314, #1463 ) ;
#641 = PRODUCT_DEFINITION_SHAPE ( 'NONE', 'NONE',  #1517 ) ;
#642 = EDGE_CURVE ( 'NONE', #1233, #1193, #1299, .T. ) ;
#643 = VECTOR ( 'NONE', #1094, 1000.000000000000000 ) ;
#644 = APPROVAL_PERSON_ORGANIZATION ( #846, #86, #85 ) ;
#645 = CC_DESIGN_DATE_AND_TIME_ASSIGNMENT ( #1183, #1206, ( #906 ) ) ;
#646 = VERTEX_POINT ( 'NONE', #1317 ) ;
#647 = FACE_OUTER_BOUND ( 'NONE', #98, .T. ) ;
#648 = DIRECTION ( 'NONE',  ( -1.000000000000000000, 0.0000000000000000000, 0.0000000000000000000 ) ) ;
#649 = FACE_OUTER_BOUND ( 'NONE', #1179, .T. ) ;
#650 = ORIENTED_EDGE ( 'NONE', *, *, #531, .F. ) ;
#651 = PERSON_AND_ORGANIZATION ( #664, #1024 ) ;
#652 = CARTESIAN_POINT ( 'NONE',  ( -1.550000000000000488, -1.669999999999999263, 0.9399999999999996136 ) ) ;
#653 = DATE_AND_TIME ( #235, #41 ) ;
#654 = ORIENTED_EDGE ( 'NONE', *, *, #1133, .T. ) ;
#655 = DESIGN_CONTEXT ( 'detailed design', #577, 'design' ) ;
#656 = CARTESIAN_POINT ( 'NONE',  ( -1.690000000000000835, -1.669999999999999263, 0.9399999999999996136 ) ) ;
#657 = VECTOR ( 'NONE', #782, 1000.000000000000000 ) ;
#658 = APPROVAL_STATUS ( 'not_yet_approved' ) ;
#659 = FACE_OUTER_BOUND ( 'NONE', #161, .T. ) ;
#660 = CC_DESIGN_APPROVAL ( #1213, ( #1108 ) ) ;
#661 = PRODUCT ( 'ALT3232M-151 DRコアブロック(typ size)', 'ALT3232M-151 DRコアブロック(typ size)', '', ( #356 ) ) ;
#662 = CC_DESIGN_PERSON_AND_ORGANIZATION_ASSIGNMENT ( #725, #1347, ( #661 ) ) ;
#663 = EDGE_CURVE ( 'NONE', #552, #125, #822, .T. ) ;
#664 = PERSON ( 'UNSPECIFIED', 'UNSPECIFIED', 'UNSPECIFIED', ('UNSPECIFIED'), ('UNSPECIFIED'), ('UNSPECIFIED') ) ;
#665 = VECTOR ( 'NONE', #1461, 1000.000000000000000 ) ;
#666 = VECTOR ( 'NONE', #1120, 1000.000000000000000 ) ;
#667 = ORIENTED_EDGE ( 'NONE', *, *, #466, .F. ) ;
#668 = VECTOR ( 'NONE', #243, 1000.000000000000000 ) ;
#669 = ADVANCED_BREP_SHAPE_REPRESENTATION ( '', ( #1416, #1279 ), #953 ) ;
#670 = ADVANCED_FACE ( 'NONE', ( #97 ), #430, .T. ) ;
#671 = LOCAL_TIME ( 15, 42, 41.00000000000000000, #947 ) ;
#672 = AXIS2_PLACEMENT_3D ( 'NONE', #1294, #1008, #348 ) ;
#673 = ADVANCED_FACE ( 'NONE', ( #1278 ), #1090, .F. ) ;
#674 = UNCERTAINTY_MEASURE_WITH_UNIT (LENGTH_MEASURE( 1.000000000000000082E-05 ), #735, 'distance_accuracy_value', 'NONE');
#675 = ORIENTED_EDGE ( 'NONE', *, *, #785, .T. ) ;
#676 = DATE_TIME_ROLE ( 'creation_date' ) ;
#677 = ORIENTED_EDGE ( 'NONE', *, *, #806, .F. ) ;
#678 = VERTEX_POINT ( 'NONE', #10 ) ;
#679 = LINE ( 'NONE', #102, #857 ) ;
#680 = PERSON_AND_ORGANIZATION ( #664, #1024 ) ;
#681 = ORIENTED_EDGE ( 'NONE', *, *, #785, .F. ) ;
#682 = PLANE ( 'NONE',  #1128 ) ;
#683 = PERSON_AND_ORGANIZATION ( #420, #171 ) ;
#684 = APPROVAL ( #476, 'UNSPECIFIED' ) ;
#685 = CARTESIAN_POINT ( 'NONE',  ( 1.550000000000000266, -1.669999999999999263, 2.559999999999999165 ) ) ;
#686 = DATE_TIME_ROLE ( 'classification_date' ) ;
#687 = DIRECTION ( 'NONE',  ( -1.902109074535972765E-16, 1.000000000000000000, -0.0000000000000000000 ) ) ;
#688 = ITEM_DEFINED_TRANSFORMATION ( 'NONE', 'NONE', #150,  #1279 ) ;
#689 = PLANE ( 'NONE',  #858 ) ;
#690 = AXIS2_PLACEMENT_3D ( 'NONE', #458, #1369, #177 ) ;
#691 = VECTOR ( 'NONE', #1207, 1000.000000000000000 ) ;
#692 = CC_DESIGN_SECURITY_CLASSIFICATION ( #1214, ( #1512 ) ) ;
#693 = EDGE_CURVE ( 'NONE', #904, #1311, #1379, .T. ) ;
#694 = ORIENTED_EDGE ( 'NONE', *, *, #859, .F. ) ;
#695 = AXIS2_PLACEMENT_3D ( 'NONE', #532, #828, #849 ) ;
#696 =( REPRESENTATION_RELATIONSHIP ('NONE','NONE', #118, #804 ) REPRESENTATION_RELATIONSHIP_WITH_TRANSFORMATION ( #974 )SHAPE_REPRESENTATION_RELATIONSHIP( ) );
#697 = ORIENTED_EDGE ( 'NONE', *, *, #329, .F. ) ;
#698 = APPROVAL_DATE_TIME ( #1273, #684 ) ;
#699 = ORIENTED_EDGE ( 'NONE', *, *, #600, .F. ) ;
#700 = VERTEX_POINT ( 'NONE', #408 ) ;
#701 = APPLICATION_PROTOCOL_DEFINITION ( 'international standard', 'config_control_design', 1994, #1060 ) ;
#702 = ORIENTED_EDGE ( 'NONE', *, *, #716, .T. ) ;
#703 = ADVANCED_FACE ( 'NONE', ( #970 ), #1325, .F. ) ;
#704 = PERSON_AND_ORGANIZATION_ROLE ( 'creator' ) ;
#705 = VECTOR ( 'NONE', #141, 1000.000000000000000 ) ;
#706 = PLANE ( 'NONE',  #455 ) ;
#707 = DIRECTION ( 'NONE',  ( -0.0000000000000000000, -0.0000000000000000000, 1.000000000000000000 ) ) ;
#708 = CC_DESIGN_APPROVAL ( #194, ( #1214 ) ) ;
#709 = DATE_AND_TIME ( #1051, #1142 ) ;
#710 = CARTESIAN_POINT ( 'NONE',  ( -0.6400000000000007905, 1.670000000000000373, 2.559999999999999165 ) ) ;
#711 = CARTESIAN_POINT ( 'NONE',  ( -0.6400000000000007905, 1.670000000000000373, 2.559999999999999165 ) ) ;
#712 = APPROVAL_ROLE ( '' ) ;
#713 = CARTESIAN_POINT ( 'NONE',  ( -1.690000000000000391, -1.669999999999999263, 0.0000000000000000000 ) ) ;
#714 = CARTESIAN_POINT ( 'NONE',  ( -0.6400000000000003464, -1.669999999999999263, 2.559999999999999165 ) ) ;
#715 = CARTESIAN_POINT ( 'NONE',  ( 1.689999999999999059, 1.670000000000000373, 0.0000000000000000000 ) ) ;
#716 = EDGE_CURVE ( 'NONE', #892, #1346, #1458, .T. ) ;
#717 = EDGE_LOOP ( 'NONE', ( #751, #1006, #530, #615 ) ) ;
#718 = PLANE ( 'NONE',  #1310 ) ;
#719 = EDGE_CURVE ( 'NONE', #904, #1067, #1049, .T. ) ;
#720 = DIRECTION ( 'NONE',  ( 0.9999999999999997780, 2.775557561562891351E-16, 6.085037432334305771E-17 ) ) ;
#721 = DIRECTION ( 'NONE',  ( -1.000000000000000000, -0.0000000000000000000, -0.0000000000000000000 ) ) ;
#722 = PERSON_AND_ORGANIZATION_ROLE ( 'classification_officer' ) ;
#723 = ORIENTED_EDGE ( 'NONE', *, *, #434, .F. ) ;
#724 = PLANE ( 'NONE',  #1338 ) ;
#725 = PERSON_AND_ORGANIZATION ( #664, #1024 ) ;
#726 = VERTEX_POINT ( 'NONE', #685 ) ;
#727 = DIRECTION ( 'NONE',  ( 0.0000000000000000000, 1.000000000000000000, 0.0000000000000000000 ) ) ;
#728 = SECURITY_CLASSIFICATION_LEVEL ( 'unclassified' ) ;
#729 =( LENGTH_UNIT ( ) NAMED_UNIT ( * ) SI_UNIT ( .MILLI., .METRE. ) );
#730 = ORIENTED_EDGE ( 'NONE', *, *, #604, .T. ) ;
#731 = CALENDAR_DATE ( 2018, 10, 7 ) ;
#732 = AXIS2_PLACEMENT_3D ( 'NONE', #1335, #1211, #173 ) ;
#733 = COORDINATED_UNIVERSAL_TIME_OFFSET ( 9, 0, .AHEAD. ) ;
#734 = APPROVAL ( #658, 'UNKNOWN' ) ;
#735 =( LENGTH_UNIT ( ) NAMED_UNIT ( * ) SI_UNIT ( .MILLI., .METRE. ) );
#736 = DIRECTION ( 'NONE',  ( -0.0000000000000000000, -0.0000000000000000000, 1.000000000000000000 ) ) ;
#737 = VECTOR ( 'NONE', #853, 1000.000000000000000 ) ;
#738 = ADVANCED_FACE ( 'NONE', ( #659 ), #706, .T. ) ;
#739 = LOCAL_TIME ( 15, 42, 41.00000000000000000, #1380 ) ;
#740 = ORIENTED_EDGE ( 'NONE', *, *, #754, .F. ) ;
#741 = ORIENTED_EDGE ( 'NONE', *, *, #1365, .T. ) ;
#742 = EDGE_CURVE ( 'NONE', #1426, #989, #564, .T. ) ;
#743 = AXIS2_PLACEMENT_3D ( 'NONE', #1388, #1106, #448 ) ;
#744 = CARTESIAN_POINT ( 'NONE',  ( 0.6399999999999996803, 1.100000000000000311, 2.559999999999999165 ) ) ;
#745 = CALENDAR_DATE ( 2018, 10, 7 ) ;
#746 = ORIENTED_EDGE ( 'NONE', *, *, #1102, .T. ) ;
#747 = ORIENTED_EDGE ( 'NONE', *, *, #1216, .T. ) ;
#748 = PRODUCT_DEFINITION_FORMATION_WITH_SPECIFIED_SOURCE ( 'ANY', '', #435, .NOT_KNOWN. ) ;
#749 = CARTESIAN_POINT ( 'NONE',  ( -1.690000000000000835, 1.670000000000000373, 0.9399999999999996136 ) ) ;
#750 = COORDINATED_UNIVERSAL_TIME_OFFSET ( 9, 0, .AHEAD. ) ;
#751 = ORIENTED_EDGE ( 'NONE', *, *, #1252, .T. ) ;
#752 = DIRECTION ( 'NONE',  ( 3.804218149071945530E-16, 1.000000000000000000, 0.0000000000000000000 ) ) ;
#753 = COORDINATED_UNIVERSAL_TIME_OFFSET ( 9, 0, .AHEAD. ) ;
#754 = EDGE_CURVE ( 'NONE', #1136, #904, #411, .T. ) ;
#755 = DATE_TIME_ROLE ( 'classification_date' ) ;
#756 = CARTESIAN_POINT ( 'NONE',  ( 1.689999999999999503, -1.669999999999999263, 0.9399999999999996136 ) ) ;
#757 = LINE ( 'NONE', #593, #570 ) ;
#758 = CARTESIAN_POINT ( 'NONE',  ( -0.6400000000000004574, -1.099999999999999201, 2.639999999999999680 ) ) ;
#759 = CARTESIAN_POINT ( 'NONE',  ( 0.9000000000000000222, 0.1000000000000000056, 0.1000000000000001305 ) ) ;
#760 = CC_DESIGN_PERSON_AND_ORGANIZATION_ASSIGNMENT ( #184, #1069, ( #906 ) ) ;
#761 = LINE ( 'NONE', #1031, #275 ) ;
#762 = ORIENTED_EDGE ( 'NONE', *, *, #884, .F. ) ;
#763 = ORIENTED_EDGE ( 'NONE', *, *, #12, .T. ) ;
#764 = CC_DESIGN_PERSON_AND_ORGANIZATION_ASSIGNMENT ( #1370, #722, ( #1108 ) ) ;
#765 = VECTOR ( 'NONE', #1392, 1000.000000000000000 ) ;
#766 = PRODUCT_DEFINITION_FORMATION_WITH_SPECIFIED_SOURCE ( 'ANY', '', #1487, .NOT_KNOWN. ) ;
#767 = CARTESIAN_POINT ( 'NONE',  ( -1.550000000000000711, 1.670000000000000151, 2.559999999999999165 ) ) ;
#768 = DIRECTION ( 'NONE',  ( 6.938893903907226837E-18, 1.000000000000000000, -1.387778780781445429E-16 ) ) ;
#769 = EDGE_CURVE ( 'NONE', #1233, #881, #996, .T. ) ;
#770 =( NAMED_UNIT ( * ) SI_UNIT ( $, .STERADIAN. ) SOLID_ANGLE_UNIT ( ) );
#771 = ORIENTED_EDGE ( 'NONE', *, *, #246, .F. ) ;
#772 = LINE ( 'NONE', #1275, #143 ) ;
#773 = CARTESIAN_POINT ( 'NONE',  ( 0.4000000000000000222, 0.0000000000000000000, 0.0000000000000000000 ) ) ;
#774 = PERSON_AND_ORGANIZATION ( #664, #1024 ) ;
#775 = ORIENTED_EDGE ( 'NONE', *, *, #286, .F. ) ;
#776 = DIRECTION ( 'NONE',  ( 1.298445715551502529E-16, -1.000000000000000000, 0.0000000000000000000 ) ) ;
#777 = APPROVAL_DATE_TIME ( #1430, #1315 ) ;
#778 = SHAPE_REPRESENTATION_RELATIONSHIP ( 'NONE' , 'NONE' ,  #804, #539 ) ;
#779 = APPROVAL_STATUS ( 'not_yet_approved' ) ;
#780 = VECTOR ( 'NONE', #707, 1000.000000000000000 ) ;
#781 = LOCAL_TIME ( 15, 42, 41.00000000000000000, #1093 ) ;
#782 = DIRECTION ( 'NONE',  ( 8.886903053159871299E-17, -1.000000000000000000, 0.0000000000000000000 ) ) ;
#783 = EDGE_LOOP ( 'NONE', ( #771, #1015, #582, #1111, #1305, #826, #147, #1385, #741, #70, #8, #1425 ) ) ;
#784 = VECTOR ( 'NONE', #1149, 1000.000000000000000 ) ;
#785 = EDGE_CURVE ( 'NONE', #1426, #892, #591, .T. ) ;
#786 = ORIENTED_EDGE ( 'NONE', *, *, #293, .T. ) ;
#787 = EDGE_CURVE ( 'NONE', #470, #354, #488, .T. ) ;
#788 = DIRECTION ( 'NONE',  ( -1.298445715551502529E-16, 1.000000000000000000, -0.0000000000000000000 ) ) ;
#789 =( REPRESENTATION_RELATIONSHIP ('NONE','NONE', #118, #804 ) REPRESENTATION_RELATIONSHIP_WITH_TRANSFORMATION ( #107 )SHAPE_REPRESENTATION_RELATIONSHIP( ) );
#790 = EDGE_CURVE ( 'NONE', #991, #623, #215, .T. ) ;
#791 = VECTOR ( 'NONE', #886, 1000.000000000000000 ) ;
#792 = DIRECTION ( 'NONE',  ( 0.0000000000000000000, 1.000000000000000000, 0.0000000000000000000 ) ) ;
#793 = APPROVAL ( #963, 'UNSPECIFIED' ) ;
#794 = LOCAL_TIME ( 15, 42, 41.00000000000000000, #209 ) ;
#795 = CARTESIAN_POINT ( 'NONE',  ( 0.0000000000000000000, 0.0000000000000000000, 0.0000000000000000000 ) ) ;
#796 = ORIENTED_EDGE ( 'NONE', *, *, #1216, .F. ) ;
#797 = VERTEX_POINT ( 'NONE', #830 ) ;
#798 = EDGE_CURVE ( 'NONE', #1255, #700, #240, .T. ) ;
#799 = PERSON_AND_ORGANIZATION ( #1063, #152 ) ;
#800 = EDGE_LOOP ( 'NONE', ( #1394, #406, #280, #210 ) ) ;
#801 = DIRECTION ( 'NONE',  ( 0.0000000000000000000, -1.000000000000000000, -0.0000000000000000000 ) ) ;
#802 = CONTEXT_DEPENDENT_SHAPE_REPRESENTATION ( #350, #959 ) ;
#803 = APPROVAL_DATE_TIME ( #312, #917 ) ;
#804 = SHAPE_REPRESENTATION ( 'ALT3232M-151 端子ブロック(typ size)', ( #1279 ), #54 ) ;
#805 = CARTESIAN_POINT ( 'NONE',  ( 1.689999999999999503, -0.4499999999999992339, 0.9399999999999996136 ) ) ;
#806 = EDGE_CURVE ( 'NONE', #1141, #623, #1166, .T. ) ;
#807 = CARTESIAN_POINT ( 'NONE',  ( -0.6400000000000007905, 1.670000000000000373, 2.559999999999999165 ) ) ;
#808 = CARTESIAN_POINT ( 'NONE',  ( -1.690000000000000391, -1.669999999999999263, 0.0000000000000000000 ) ) ;
#809 = CARTESIAN_POINT ( 'NONE',  ( -1.690000000000000391, -1.669999999999999263, 2.639999999999999680 ) ) ;
#810 = CARTESIAN_POINT ( 'NONE',  ( 0.0000000000000000000, 0.1000000000000000056, 0.8000000000000000444 ) ) ;
#811 = ORIENTED_EDGE ( 'NONE', *, *, #1045, .T. ) ;
#812 = ORIENTED_EDGE ( 'NONE', *, *, #1377, .T. ) ;
#813 = AXIS2_PLACEMENT_3D ( 'NONE', #154, #1010, #909 ) ;
#814 = AXIS2_PLACEMENT_3D ( 'NONE', #622, #363, #1409 ) ;
#815 = VECTOR ( 'NONE', #18, 1000.000000000000000 ) ;
#816 = LOCAL_TIME ( 15, 42, 41.00000000000000000, #360 ) ;
#817 = PRODUCT_DEFINITION_SHAPE ( 'NONE', 'NONE',  #1514 ) ;
#818 = LINE ( 'NONE', #421, #1151 ) ;
#819 = VECTOR ( 'NONE', #607, 1000.000000000000000 ) ;
#820 = DIRECTION ( 'NONE',  ( 0.9999999999999997780, 2.775557561562891351E-16, 6.085037432334305771E-17 ) ) ;
#821 = EDGE_LOOP ( 'NONE', ( #5, #1035, #452, #573, #4, #675, #702, #694, #343, #503, #870, #1065 ) ) ;
#822 = LINE ( 'NONE', #889, #93 ) ;
#823 = DATE_AND_TIME ( #745, #369 ) ;
#824 = ORIENTED_EDGE ( 'NONE', *, *, #693, .F. ) ;
#825 = CARTESIAN_POINT ( 'NONE',  ( -1.550000000000000488, -1.669999999999999263, 0.9399999999999996136 ) ) ;
#826 = ORIENTED_EDGE ( 'NONE', *, *, #1045, .F. ) ;
#827 = LOCAL_TIME ( 15, 42, 41.00000000000000000, #64 ) ;
#828 = DIRECTION ( 'NONE',  ( -0.0000000000000000000, 0.0000000000000000000, 1.000000000000000000 ) ) ;
#829 = COORDINATED_UNIVERSAL_TIME_OFFSET ( 9, 0, .AHEAD. ) ;
#830 = CARTESIAN_POINT ( 'NONE',  ( 0.6399999999999996803, 1.100000000000000311, 2.559999999999999165 ) ) ;
#831 = CARTESIAN_POINT ( 'NONE',  ( 0.0000000000000000000, 0.0000000000000000000, 0.0000000000000000000 ) ) ;
#832 = DIRECTION ( 'NONE',  ( -1.777380610631974506E-16, 1.000000000000000000, 0.0000000000000000000 ) ) ;
#833 = CARTESIAN_POINT ( 'NONE',  ( 0.0000000000000000000, 0.0000000000000000000, 0.9399999999999996136 ) ) ;
#834 = DIRECTION ( 'NONE',  ( 0.0000000000000000000, 0.0000000000000000000, -1.000000000000000000 ) ) ;
#835 = CARTESIAN_POINT ( 'NONE',  ( 1.689999999999999503, 1.100000000000000533, 0.9399999999999996136 ) ) ;
#836 = EDGE_CURVE ( 'NONE', #379, #991, #637, .T. ) ;
#837 = ORIENTED_EDGE ( 'NONE', *, *, #397, .F. ) ;
#838 = EDGE_CURVE ( 'NONE', #797, #1141, #165, .T. ) ;
#839 = VECTOR ( 'NONE', #908, 1000.000000000000000 ) ;
#840 = CC_DESIGN_SECURITY_CLASSIFICATION ( #924, ( #766 ) ) ;
#841 = DIRECTION ( 'NONE',  ( 1.000000000000000000, 2.382861917550558372E-16, -0.0000000000000000000 ) ) ;
#842 = DIRECTION ( 'NONE',  ( 1.000000000000000000, 0.0000000000000000000, 0.0000000000000000000 ) ) ;
#843 = CC_DESIGN_SECURITY_CLASSIFICATION ( #1197, ( #1517 ) ) ;
#844 = CC_DESIGN_DATE_AND_TIME_ASSIGNMENT ( #533, #978, ( #1197 ) ) ;
#845 = CALENDAR_DATE ( 2018, 10, 7 ) ;
#846 = PERSON_AND_ORGANIZATION ( #664, #1024 ) ;
#847 = DIRECTION ( 'NONE',  ( 2.775557561562891351E-16, -1.000000000000000000, 5.898059818321145354E-17 ) ) ;
#848 = VERTEX_POINT ( 'NONE', #339 ) ;
#849 = DIRECTION ( 'NONE',  ( 1.000000000000000000, 0.0000000000000000000, 0.0000000000000000000 ) ) ;
#850 = EDGE_CURVE ( 'NONE', #206, #1233, #1333, .T. ) ;
#851 = APPROVAL_STATUS ( 'not_yet_approved' ) ;
#852 = LINE ( 'NONE', #1383, #1486 ) ;
#853 = DIRECTION ( 'NONE',  ( 0.0000000000000000000, -1.000000000000000000, 0.0000000000000000000 ) ) ;
#854 = CONTEXT_DEPENDENT_SHAPE_REPRESENTATION ( #1143, #289 ) ;
#855 = DIRECTION ( 'NONE',  ( -1.298445715551502529E-16, 1.000000000000000000, -0.0000000000000000000 ) ) ;
#856 = DIRECTION ( 'NONE',  ( 0.0000000000000000000, -0.0000000000000000000, -1.000000000000000000 ) ) ;
#857 = VECTOR ( 'NONE', #258, 1000.000000000000000 ) ;
#858 = AXIS2_PLACEMENT_3D ( 'NONE', #439, #1284, #538 ) ;
#859 = EDGE_CURVE ( 'NONE', #306, #1346, #919, .T. ) ;
#860 = VERTEX_POINT ( 'NONE', #976 ) ;
#861 = LOCAL_TIME ( 15, 42, 41.00000000000000000, #753 ) ;
#862 = CLOSED_SHELL ( 'NONE', ( #178, #1490, #311, #1005, #68, #216, #508, #673, #1270, #324, #1131, #42, #865, #103, #196, #1500, #943, #342, #1150, #1412, #320, #670, #1309, #446, #1297, #738 ) ) ;
#863 = LINE ( 'NONE', #197, #40 ) ;
#864 = CARTESIAN_POINT ( 'NONE',  ( -1.690000000000000835, 1.670000000000000373, 2.639999999999999680 ) ) ;
#865 = ADVANCED_FACE ( 'NONE', ( #309 ), #1285, .F. ) ;
#866 = VECTOR ( 'NONE', #467, 1000.000000000000000 ) ;
#867 = DIRECTION ( 'NONE',  ( -1.000000000000000000, 0.0000000000000000000, 0.0000000000000000000 ) ) ;
#868 = COORDINATED_UNIVERSAL_TIME_OFFSET ( 9, 0, .AHEAD. ) ;
#869 = APPROVAL_STATUS ( 'not_yet_approved' ) ;
#870 = ORIENTED_EDGE ( 'NONE', *, *, #1357, .F. ) ;
#871 = ORIENTED_EDGE ( 'NONE', *, *, #249, .T. ) ;
#872 = PERSON_AND_ORGANIZATION_ROLE ( 'classification_officer' ) ;
#873 = DIRECTION ( 'NONE',  ( 1.000000000000000000, 0.0000000000000000000, 0.0000000000000000000 ) ) ;
#874 = CARTESIAN_POINT ( 'NONE',  ( -0.6400000000000007905, 0.4500000000000006772, 2.639999999999999680 ) ) ;
#875 = CONTEXT_DEPENDENT_SHAPE_REPRESENTATION ( #696, #1506 ) ;
#876 = DIRECTION ( 'NONE',  ( -1.000000000000000000, 0.0000000000000000000, -0.0000000000000000000 ) ) ;
#877 = DIRECTION ( 'NONE',  ( 1.000000000000000000, 1.777380610631974506E-16, 0.0000000000000000000 ) ) ;
#878 = EDGE_CURVE ( 'NONE', #1078, #206, #1028, .T. ) ;
#879 = ORIENTED_EDGE ( 'NONE', *, *, #769, .F. ) ;
#880 = APPROVAL ( #634, 'UNSPECIFIED' ) ;
#881 = VERTEX_POINT ( 'NONE', #758 ) ;
#882 = VECTOR ( 'NONE', #301, 1000.000000000000000 ) ;
#883 = LOCAL_TIME ( 15, 42, 41.00000000000000000, #164 ) ;
#884 = EDGE_CURVE ( 'NONE', #1136, #1277, #287, .T. ) ;
#885 = PRODUCT_DEFINITION_SHAPE ( 'NONE', 'NONE',  #1516 ) ;
#886 = DIRECTION ( 'NONE',  ( -1.000000000000000000, -0.0000000000000000000, -0.0000000000000000000 ) ) ;
#887 = LINE ( 'NONE', #523, #1266 ) ;
#888 = VERTEX_POINT ( 'NONE', #261 ) ;
#889 = CARTESIAN_POINT ( 'NONE',  ( 1.549999999999999600, 1.100000000000000533, 0.9399999999999996136 ) ) ;
#890 = DATE_AND_TIME ( #55, #464 ) ;
#891 = ORIENTED_EDGE ( 'NONE', *, *, #838, .F. ) ;
#892 = VERTEX_POINT ( 'NONE', #942 ) ;
#893 = COORDINATED_UNIVERSAL_TIME_OFFSET ( 9, 0, .AHEAD. ) ;
#894 = ORIENTED_EDGE ( 'NONE', *, *, #1343, .F. ) ;
#895 = ITEM_DEFINED_TRANSFORMATION ( 'NONE', 'NONE', #621,  #1279 ) ;
#896 = CARTESIAN_POINT ( 'NONE',  ( -0.6400000000000004574, -1.099999999999999201, 2.559999999999999165 ) ) ;
#897 = CALENDAR_DATE ( 2018, 10, 7 ) ;
#898 = DIRECTION ( 'NONE',  ( 1.000000000000000000, -0.0000000000000000000, 0.0000000000000000000 ) ) ;
#899 = FACE_OUTER_BOUND ( 'NONE', #1229, .T. ) ;
#900 = FACE_OUTER_BOUND ( 'NONE', #783, .T. ) ;
#901 =( GEOMETRIC_REPRESENTATION_CONTEXT ( 3 ) GLOBAL_UNCERTAINTY_ASSIGNED_CONTEXT ( ( #606 ) ) GLOBAL_UNIT_ASSIGNED_CONTEXT ( ( #962, #497, #770 ) ) REPRESENTATION_CONTEXT ( 'NONE', 'WORKASPACE' ) );
#902 = VECTOR ( 'NONE', #922, 1000.000000000000000 ) ;
#903 = LOCAL_TIME ( 15, 42, 41.00000000000000000, #157 ) ;
#904 = VERTEX_POINT ( 'NONE', #656 ) ;
#905 = VECTOR ( 'NONE', #517, 1000.000000000000000 ) ;
#906 = PRODUCT_DEFINITION ( 'UNKNOWN', '', #1341, #1373 ) ;
#907 = EDGE_CURVE ( 'NONE', #860, #417, #1163, .T. ) ;
#908 = DIRECTION ( 'NONE',  ( -0.0000000000000000000, -0.0000000000000000000, -1.000000000000000000 ) ) ;
#909 = DIRECTION ( 'NONE',  ( 1.000000000000000000, 0.0000000000000000000, 0.0000000000000000000 ) ) ;
#910 = DATE_TIME_ROLE ( 'classification_date' ) ;
#911 = VERTEX_POINT ( 'NONE', #874 ) ;
#912 = APPROVAL_DATE_TIME ( #78, #1213 ) ;
#913 = ORIENTED_EDGE ( 'NONE', *, *, #466, .T. ) ;
#914 = AXIS2_PLACEMENT_3D ( 'NONE', #211, #1185, #1118 ) ;
#915 = COORDINATED_UNIVERSAL_TIME_OFFSET ( 9, 0, .AHEAD. ) ;
#916 = ORIENTED_EDGE ( 'NONE', *, *, #1169, .T. ) ;
#917 = APPROVAL ( #595, 'UNKNOWN' ) ;
#918 = AXIS2_PLACEMENT_3D ( 'NONE', #1508, #1167, #1382 ) ;
#919 = LINE ( 'NONE', #596, #1421 ) ;
#920 = VECTOR ( 'NONE', #1298, 1000.000000000000000 ) ;
#921 = VECTOR ( 'NONE', #1123, 1000.000000000000000 ) ;
#922 = DIRECTION ( 'NONE',  ( -1.000000000000000000, -2.382861917550559358E-16, 0.0000000000000000000 ) ) ;
#923 = EDGE_CURVE ( 'NONE', #354, #911, #237, .T. ) ;
#924 = SECURITY_CLASSIFICATION ( '', '', #611 ) ;
#925 = EDGE_CURVE ( 'NONE', #525, #1386, #1234, .T. ) ;
#926 = ORIENTED_EDGE ( 'NONE', *, *, #884, .T. ) ;
#927 = ORIENTED_EDGE ( 'NONE', *, *, #415, .T. ) ;
#928 = VECTOR ( 'NONE', #1230, 1000.000000000000000 ) ;
#929 =( REPRESENTATION_RELATIONSHIP ('NONE','NONE', #118, #48 ) REPRESENTATION_RELATIONSHIP_WITH_TRANSFORMATION ( #288 )SHAPE_REPRESENTATION_RELATIONSHIP( ) );
#930 = VECTOR ( 'NONE', #687, 1000.000000000000000 ) ;
#931 = APPLICATION_CONTEXT ( 'configuration controlled 3d designs of mechanical parts and assemblies' ) ;
#932 = EDGE_CURVE ( 'NONE', #125, #226, #1326, .T. ) ;
#933 = APPROVAL_PERSON_ORGANIZATION ( #241, #337, #712 ) ;
#934 = LINE ( 'NONE', #1495, #410 ) ;
#935 = DIRECTION ( 'NONE',  ( -0.0000000000000000000, -0.0000000000000000000, -1.000000000000000000 ) ) ;
#936 = CALENDAR_DATE ( 2018, 10, 7 ) ;
#937 = ORIENTED_EDGE ( 'NONE', *, *, #1192, .T. ) ;
#938 = PERSON_AND_ORGANIZATION ( #664, #1024 ) ;
#939 = PERSON_AND_ORGANIZATION ( #664, #1024 ) ;
#940 = EDGE_LOOP ( 'NONE', ( #94, #775, #650, #811 ) ) ;
#941 = PLANE ( 'NONE',  #492 ) ;
#942 = CARTESIAN_POINT ( 'NONE',  ( 1.689999999999999059, 1.670000000000000373, 0.0000000000000000000 ) ) ;
#943 = ADVANCED_FACE ( 'NONE', ( #1205 ), #682, .F. ) ;
#944 = PERSON_AND_ORGANIZATION ( #664, #1024 ) ;
#945 = DIRECTION ( 'NONE',  ( 1.000000000000000000, 0.0000000000000000000, -0.0000000000000000000 ) ) ;
#946 = CARTESIAN_POINT ( 'NONE',  ( 1.549999999999999600, 1.670000000000000373, 0.9399999999999996136 ) ) ;
#947 = COORDINATED_UNIVERSAL_TIME_OFFSET ( 9, 0, .AHEAD. ) ;
#948 = FACE_OUTER_BOUND ( 'NONE', #29, .T. ) ;
#949 = CARTESIAN_POINT ( 'NONE',  ( -0.6400000000000004574, -1.099999999999999201, 2.559999999999999165 ) ) ;
#950 = DIRECTION ( 'NONE',  ( -1.000000000000000000, -0.0000000000000000000, -0.0000000000000000000 ) ) ;
#951 = FACE_OUTER_BOUND ( 'NONE', #61, .T. ) ;
#952 = CARTESIAN_POINT ( 'NONE',  ( -1.690000000000000613, 0.4500000000000005107, 0.9399999999999996136 ) ) ;
#953 =( GEOMETRIC_REPRESENTATION_CONTEXT ( 3 ) GLOBAL_UNCERTAINTY_ASSIGNED_CONTEXT ( ( #674 ) ) GLOBAL_UNIT_ASSIGNED_CONTEXT ( ( #735, #438, #1437 ) ) REPRESENTATION_CONTEXT ( 'NONE', 'WORKASPACE' ) );
#954 = CC_DESIGN_DATE_AND_TIME_ASSIGNMENT ( #709, #686, ( #626 ) ) ;
#955 = ORIENTED_EDGE ( 'NONE', *, *, #1434, .F. ) ;
#956 = APPROVAL_PERSON_ORGANIZATION ( #378, #684, #1157 ) ;
#957 = EDGE_CURVE ( 'NONE', #491, #1255, #594, .T. ) ;
#958 = EDGE_LOOP ( 'NONE', ( #195, #332, #913, #1077, #613, #221 ) ) ;
#959 = PRODUCT_DEFINITION_SHAPE ( 'NONE', 'NONE',  #1513 ) ;
#960 = DIRECTION ( 'NONE',  ( -0.0000000000000000000, -0.0000000000000000000, 1.000000000000000000 ) ) ;
#961 = EDGE_CURVE ( 'NONE', #678, #491, #1262, .T. ) ;
#962 =( LENGTH_UNIT ( ) NAMED_UNIT ( * ) SI_UNIT ( .MILLI., .METRE. ) );
#963 = APPROVAL_STATUS ( 'not_yet_approved' ) ;
#964 = ORIENTED_EDGE ( 'NONE', *, *, #932, .T. ) ;
#965 = VERTEX_POINT ( 'NONE', #566 ) ;
#966 = FACE_OUTER_BOUND ( 'NONE', #402, .T. ) ;
#967 = PLANE ( 'NONE',  #213 ) ;
#968 = APPROVAL_STATUS ( 'not_yet_approved' ) ;
#969 = ORIENTED_EDGE ( 'NONE', *, *, #1485, .F. ) ;
#970 = FACE_OUTER_BOUND ( 'NONE', #247, .T. ) ;
#971 = PERSON_AND_ORGANIZATION_ROLE ( 'design_supplier' ) ;
#972 = AXIS2_PLACEMENT_3D ( 'NONE', #1422, #1083, #385 ) ;
#973 = VECTOR ( 'NONE', #1411, 1000.000000000000000 ) ;
#974 = ITEM_DEFINED_TRANSFORMATION ( 'NONE', 'NONE', #1170,  #1279 ) ;
#975 = CARTESIAN_POINT ( 'NONE',  ( 1.689999999999999503, -1.669999999999999263, 0.0000000000000000000 ) ) ;
#976 = CARTESIAN_POINT ( 'NONE',  ( -1.550000000000000488, 0.4500000000000005107, 0.9399999999999996136 ) ) ;
#977 = FACE_OUTER_BOUND ( 'NONE', #821, .T. ) ;
#978 = DATE_TIME_ROLE ( 'classification_date' ) ;
#979 = CC_DESIGN_APPROVAL ( #86, ( #544 ) ) ;
#980 = EDGE_CURVE ( 'NONE', #1193, #1078, #14, .T. ) ;
#981 = PRODUCT_DEFINITION_SHAPE ( 'NONE', 'NONE',  #906 ) ;
#982 = VERTEX_POINT ( 'NONE', #635 ) ;
#983 = ORGANIZATION ( 'NAUO-ORG5', 'UNSPECIFIED', 'UNSPECIFIED' ) ;
#984 = DIRECTION ( 'NONE',  ( -0.0000000000000000000, -0.0000000000000000000, 1.000000000000000000 ) ) ;
#985 = VECTOR ( 'NONE', #610, 1000.000000000000000 ) ;
#986 = EDGE_CURVE ( 'NONE', #146, #1492, #1436, .T. ) ;
#987 = DIRECTION ( 'NONE',  ( -0.0000000000000000000, -0.0000000000000000000, 1.000000000000000000 ) ) ;
#988 = CARTESIAN_POINT ( 'NONE',  ( 1.689999999999999503, 1.100000000000000533, 2.639999999999999680 ) ) ;
#989 = VERTEX_POINT ( 'NONE', #946 ) ;
#990 = PERSON_AND_ORGANIZATION_ROLE ( 'design_supplier' ) ;
#991 = VERTEX_POINT ( 'NONE', #66 ) ;
#992 = CARTESIAN_POINT ( 'NONE',  ( 1.550000000000000044, -0.4499999999999992339, 2.559999999999999165 ) ) ;
#993 = CALENDAR_DATE ( 2018, 10, 7 ) ;
#994 = ORIENTED_EDGE ( 'NONE', *, *, #604, .F. ) ;
#995 = CARTESIAN_POINT ( 'NONE',  ( -1.690000000000000391, -1.669999999999999263, 2.639999999999999680 ) ) ;
#996 = LINE ( 'NONE', #896, #344 ) ;
#997 = SECURITY_CLASSIFICATION_LEVEL ( 'unclassified' ) ;
#998 = DIRECTION ( 'NONE',  ( 0.0000000000000000000, 0.0000000000000000000, -1.000000000000000000 ) ) ;
#999 = CARTESIAN_POINT ( 'NONE',  ( 0.9000000000000000222, 0.1000000000000000056, 0.1000000000000001305 ) ) ;
#1000 = CARTESIAN_POINT ( 'NONE',  ( 1.689999999999999503, -1.669999999999999263, 2.639999999999999680 ) ) ;
#1001 = FACE_OUTER_BOUND ( 'NONE', #1158, .T. ) ;
#1002 = EDGE_LOOP ( 'NONE', ( #740, #926, #133, #1086, #2, #28, #128, #824 ) ) ;
#1003 = VECTOR ( 'NONE', #984, 1000.000000000000000 ) ;
#1004 = ORIENTED_EDGE ( 'NONE', *, *, #144, .F. ) ;
#1005 = ADVANCED_FACE ( 'NONE', ( #977 ), #463, .F. ) ;
#1006 = ORIENTED_EDGE ( 'NONE', *, *, #26, .T. ) ;
#1007 = VECTOR ( 'NONE', #1398, 1000.000000000000000 ) ;
#1008 = DIRECTION ( 'NONE',  ( -0.0000000000000000000, 1.000000000000000000, 0.0000000000000000000 ) ) ;
#1009 = CARTESIAN_POINT ( 'NONE',  ( -1.690000000000000835, -1.099999999999999201, 2.639999999999999680 ) ) ;
#1010 = DIRECTION ( 'NONE',  ( 0.0000000000000000000, 0.0000000000000000000, 1.000000000000000000 ) ) ;
#1011 = ORIENTED_EDGE ( 'NONE', *, *, #600, .T. ) ;
#1012 = ADVANCED_FACE ( 'NONE', ( #1482 ), #967, .F. ) ;
#1013 = VECTOR ( 'NONE', #1155, 1000.000000000000000 ) ;
#1014 = CALENDAR_DATE ( 2018, 10, 7 ) ;
#1015 = ORIENTED_EDGE ( 'NONE', *, *, #296, .T. ) ;
#1016 = VECTOR ( 'NONE', #597, 1000.000000000000000 ) ;
#1017 = APPROVAL_ROLE ( '' ) ;
#1018 = ORIENTED_EDGE ( 'NONE', *, *, #23, .T. ) ;
#1019 = FACE_OUTER_BOUND ( 'NONE', #256, .T. ) ;
#1020 = APPLICATION_CONTEXT ( 'configuration controlled 3d designs of mechanical parts and assemblies' ) ;
#1021 = CARTESIAN_POINT ( 'NONE',  ( -1.550000000000000711, 1.670000000000000373, 0.9399999999999996136 ) ) ;
#1022 = COORDINATED_UNIVERSAL_TIME_OFFSET ( 9, 0, .AHEAD. ) ;
#1023 = PRODUCT_RELATED_PRODUCT_CATEGORY ( 'detail', '', ( #435 ) ) ;
#1024 = ORGANIZATION ( 'UNSPECIFIED', 'UNSPECIFIED', '' ) ;
#1025 = PERSON_AND_ORGANIZATION ( #120, #1196 ) ;
#1026 = DIRECTION ( 'NONE',  ( 1.000000000000000000, 0.0000000000000000000, 0.0000000000000000000 ) ) ;
#1027 = CARTESIAN_POINT ( 'NONE',  ( 0.3999999999999999667, 0.1000000000000000056, 0.1000000000000001305 ) ) ;
#1028 = LINE ( 'NONE', #365, #668 ) ;
#1029 = CARTESIAN_POINT ( 'NONE',  ( 0.0000000000000000000, 0.0000000000000000000, 0.9399999999999996136 ) ) ;
#1030 = DIRECTION ( 'NONE',  ( 1.000000000000000000, -0.0000000000000000000, -0.0000000000000000000 ) ) ;
#1031 = CARTESIAN_POINT ( 'NONE',  ( 1.689999999999999059, 1.670000000000000373, 0.9399999999999996136 ) ) ;
#1032 = VECTOR ( 'NONE', #534, 1000.000000000000000 ) ;
#1033 = ADVANCED_FACE ( 'NONE', ( #1138 ), #1042, .F. ) ;
#1034 = DIRECTION ( 'NONE',  ( 0.0000000000000000000, 1.000000000000000000, 0.0000000000000000000 ) ) ;
#1035 = ORIENTED_EDGE ( 'NONE', *, *, #249, .F. ) ;
#1036 = VECTOR ( 'NONE', #130, 1000.000000000000000 ) ;
#1037 = LINE ( 'NONE', #119, #1003 ) ;
#1038 = LOCAL_TIME ( 15, 42, 41.00000000000000000, #403 ) ;
#1039 = CC_DESIGN_PERSON_AND_ORGANIZATION_ASSIGNMENT ( #1188, #166, ( #395 ) ) ;
#1040 = CARTESIAN_POINT ( 'NONE',  ( 0.3999999999999999667, 0.1000000000000000056, 0.8000000000000000444 ) ) ;
#1041 = ORIENTED_EDGE ( 'NONE', *, *, #1360, .F. ) ;
#1042 = PLANE ( 'NONE',  #587 ) ;
#1043 = CALENDAR_DATE ( 2018, 10, 7 ) ;
#1044 = EDGE_LOOP ( 'NONE', ( #129, #423, #1041, #542 ) ) ;
#1045 = EDGE_CURVE ( 'NONE', #1067, #1078, #1304, .T. ) ;
#1046 = SECURITY_CLASSIFICATION_LEVEL ( 'unclassified' ) ;
#1047 = CARTESIAN_POINT ( 'NONE',  ( -11.22564208834929289, 10.07538461538461938, 1.259999999999999343 ) ) ;
#1048 = ORIENTED_EDGE ( 'NONE', *, *, #172, .F. ) ;
#1049 = LINE ( 'NONE', #183, #928 ) ;
#1050 = DIRECTION ( 'NONE',  ( 0.0000000000000000000, 0.0000000000000000000, -1.000000000000000000 ) ) ;
#1051 = CALENDAR_DATE ( 2018, 10, 7 ) ;
#1052 = CARTESIAN_POINT ( 'NONE',  ( 0.0000000000000000000, 0.0000000000000000000, 0.0000000000000000000 ) ) ;
#1053 = DIRECTION ( 'NONE',  ( -0.0000000000000000000, -0.0000000000000000000, 1.000000000000000000 ) ) ;
#1054 = CARTESIAN_POINT ( 'NONE',  ( -0.6400000000000007905, 1.670000000000000373, 2.559999999999999165 ) ) ;
#1055 = CARTESIAN_POINT ( 'NONE',  ( 0.4000000000000000222, 0.0000000000000000000, 0.0000000000000000000 ) ) ;
#1056 = CARTESIAN_POINT ( 'NONE',  ( 0.0000000000000000000, 0.0000000000000000000, 0.8000000000000000444 ) ) ;
#1057 = CC_DESIGN_APPROVAL ( #1061, ( #346 ) ) ;
#1058 = CARTESIAN_POINT ( 'NONE',  ( 0.0000000000000000000, 0.0000000000000000000, 0.8000000000000000444 ) ) ;
#1059 = LINE ( 'NONE', #1441, #665 ) ;
#1060 = APPLICATION_CONTEXT ( 'configuration controlled 3d designs of mechanical parts and assemblies' ) ;
#1061 = APPROVAL ( #509, 'UNKNOWN' ) ;
#1062 = ORIENTED_EDGE ( 'NONE', *, *, #850, .F. ) ;
#1063 = PERSON ( 'NAUO-PER1', 'UNSPECIFIED', 'UNSPECIFIED', ('UNSPECIFIED'), ('UNSPECIFIED'), ('UNSPECIFIED') ) ;
#1064 = DIRECTION ( 'NONE',  ( -1.902109074535972765E-16, 1.000000000000000000, -0.0000000000000000000 ) ) ;
#1065 = ORIENTED_EDGE ( 'NONE', *, *, #798, .T. ) ;
#1066 = ORIENTED_EDGE ( 'NONE', *, *, #907, .T. ) ;
#1067 = VERTEX_POINT ( 'NONE', #825 ) ;
#1068 = CC_DESIGN_SECURITY_CLASSIFICATION ( #544, ( #1341 ) ) ;
#1069 = PERSON_AND_ORGANIZATION_ROLE ( 'creator' ) ;
#1070 = VERTEX_POINT ( 'NONE', #31 ) ;
#1071 = DATE_AND_TIME ( #1435, #883 ) ;
#1072 = CARTESIAN_POINT ( 'NONE',  ( 0.0000000000000000000, 0.0000000000000000000, 2.559999999999999165 ) ) ;
#1073 = DIRECTION ( 'NONE',  ( -0.0000000000000000000, -0.0000000000000000000, 1.000000000000000000 ) ) ;
#1074 = LINE ( 'NONE', #390, #902 ) ;
#1075 = EDGE_CURVE ( 'NONE', #1103, #146, #1182, .T. ) ;
#1076 = ORIENTED_EDGE ( 'NONE', *, *, #907, .F. ) ;
#1077 = ORIENTED_EDGE ( 'NONE', *, *, #1470, .T. ) ;
#1078 = VERTEX_POINT ( 'NONE', #231 ) ;
#1079 = AXIS2_PLACEMENT_3D ( 'NONE', #1460, #877, #832 ) ;
#1080 = EDGE_CURVE ( 'NONE', #417, #306, #207, .T. ) ;
#1081 = APPROVAL_PERSON_ORGANIZATION ( #563, #880, #483 ) ;
#1082 = CARTESIAN_POINT ( 'NONE',  ( 1.550000000000000044, -1.669999999999999263, 0.9399999999999996136 ) ) ;
#1083 = DIRECTION ( 'NONE',  ( -1.000000000000000000, 6.938893903907216822E-18, -7.351996135665333282E-17 ) ) ;
#1084 = ORIENTED_EDGE ( 'NONE', *, *, #123, .F. ) ;
#1085 = DATE_TIME_ROLE ( 'creation_date' ) ;
#1086 = ORIENTED_EDGE ( 'NONE', *, *, #787, .F. ) ;
#1087 = LINE ( 'NONE', #283, #985 ) ;
#1088 = DATE_AND_TIME ( #845, #198 ) ;
#1089 = VERTEX_POINT ( 'NONE', #1256 ) ;
#1090 = PLANE ( 'NONE',  #695 ) ;
#1091 = DIRECTION ( 'NONE',  ( -1.777380610631974506E-16, 1.000000000000000000, -0.0000000000000000000 ) ) ;
#1092 = DATE_TIME_ROLE ( 'classification_date' ) ;
#1093 = COORDINATED_UNIVERSAL_TIME_OFFSET ( 9, 0, .AHEAD. ) ;
#1094 = DIRECTION ( 'NONE',  ( 1.000000000000000000, -0.0000000000000000000, -0.0000000000000000000 ) ) ;
#1095 = CC_DESIGN_APPROVAL ( #239, ( #393 ) ) ;
#1096 = CARTESIAN_POINT ( 'NONE',  ( 0.0000000000000000000, 0.0000000000000000000, 0.0000000000000000000 ) ) ;
#1097 = LINE ( 'NONE', #468, #921 ) ;
#1098 = PLANE ( 'NONE',  #1312 ) ;
#1099 = CARTESIAN_POINT ( 'NONE',  ( 1.549999999999999600, 1.670000000000000373, 0.9399999999999996136 ) ) ;
#1100 = CC_DESIGN_PERSON_AND_ORGANIZATION_ASSIGNMENT ( #944, #971, ( #1341 ) ) ;
#1101 = DIRECTION ( 'NONE',  ( -0.0000000000000000000, -1.000000000000000000, -0.0000000000000000000 ) ) ;
#1102 = EDGE_CURVE ( 'NONE', #726, #499, #131, .T. ) ;
#1103 = VERTEX_POINT ( 'NONE', #1055 ) ;
#1104 = CC_DESIGN_PERSON_AND_ORGANIZATION_ASSIGNMENT ( #1395, #608, ( #435 ) ) ;
#1105 = VECTOR ( 'NONE', #225, 1000.000000000000000 ) ;
#1106 = DIRECTION ( 'NONE',  ( 0.0000000000000000000, 0.0000000000000000000, -1.000000000000000000 ) ) ;
#1107 = CARTESIAN_POINT ( 'NONE',  ( 1.549999999999999600, 1.100000000000000533, 0.9399999999999996136 ) ) ;
#1108 = SECURITY_CLASSIFICATION ( '', '', #1449 ) ;
#1109 = EDGE_CURVE ( 'NONE', #1397, #1251, #292, .T. ) ;
#1110 = APPROVAL_STATUS ( 'not_yet_approved' ) ;
#1111 = ORIENTED_EDGE ( 'NONE', *, *, #415, .F. ) ;
#1112 = APPROVAL_DATE_TIME ( #502, #1351 ) ;
#1113 = APPROVAL_PERSON_ORGANIZATION ( #1188, #917, #137 ) ;
#1114 = CARTESIAN_POINT ( 'NONE',  ( -1.690000000000000835, 1.670000000000000373, 0.0000000000000000000 ) ) ;
#1115 = SECURITY_CLASSIFICATION_LEVEL ( 'unclassified' ) ;
#1116 = ORIENTED_EDGE ( 'NONE', *, *, #787, .T. ) ;
#1117 = CC_DESIGN_PERSON_AND_ORGANIZATION_ASSIGNMENT ( #7, #704, ( #1341 ) ) ;
#1118 = DIRECTION ( 'NONE',  ( -1.000000000000000000, 0.0000000000000000000, 0.0000000000000000000 ) ) ;
#1119 = APPROVAL_ROLE ( '' ) ;
#1120 = DIRECTION ( 'NONE',  ( -1.000000000000000000, 0.0000000000000000000, 0.0000000000000000000 ) ) ;
#1121 = CARTESIAN_POINT ( 'NONE',  ( 0.0000000000000000000, 1.000000000000000000, 0.0000000000000000000 ) ) ;
#1122 = FACE_OUTER_BOUND ( 'NONE', #940, .T. ) ;
#1123 = DIRECTION ( 'NONE',  ( -1.000000000000000000, 0.0000000000000000000, 0.0000000000000000000 ) ) ;
#1124 = PLANE ( 'NONE',  #1079 ) ;
#1125 = AXIS2_PLACEMENT_3D ( 'NONE', #1375, #1349, #776 ) ;
#1126 = ORIENTED_EDGE ( 'NONE', *, *, #329, .T. ) ;
#1127 = AXIS2_PLACEMENT_3D ( 'NONE', #537, #189, #876 ) ;
#1128 = AXIS2_PLACEMENT_3D ( 'NONE', #617, #801, #1050 ) ;
#1129 = AXIS2_PLACEMENT_3D ( 'NONE', #60, #820, #551 ) ;
#1130 = DIRECTION ( 'NONE',  ( -0.0000000000000000000, -0.0000000000000000000, 1.000000000000000000 ) ) ;
#1131 = ADVANCED_FACE ( 'NONE', ( #951 ), #142, .T. ) ;
#1132 = VECTOR ( 'NONE', #841, 1000.000000000000000 ) ;
#1133 = EDGE_CURVE ( 'NONE', #493, #623, #1438, .T. ) ;
#1134 = CARTESIAN_POINT ( 'NONE',  ( 0.3999999999999999667, 1.000000000000000000, 0.1000000000000000472 ) ) ;
#1135 = DIRECTION ( 'NONE',  ( 0.0000000000000000000, 0.0000000000000000000, 1.000000000000000000 ) ) ;
#1136 = VERTEX_POINT ( 'NONE', #489 ) ;
#1137 = PERSON_AND_ORGANIZATION_ROLE ( 'creator' ) ;
#1138 = FACE_OUTER_BOUND ( 'NONE', #958, .T. ) ;
#1139 = VECTOR ( 'NONE', #727, 1000.000000000000000 ) ;
#1140 = CONTEXT_DEPENDENT_SHAPE_REPRESENTATION ( #929, #543 ) ;
#1141 = VERTEX_POINT ( 'NONE', #1265 ) ;
#1142 = LOCAL_TIME ( 15, 42, 41.00000000000000000, #212 ) ;
#1143 =( REPRESENTATION_RELATIONSHIP ('NONE','NONE', #118, #804 ) REPRESENTATION_RELATIONSHIP_WITH_TRANSFORMATION ( #688 )SHAPE_REPRESENTATION_RELATIONSHIP( ) );
#1144 = DATE_AND_TIME ( #163, #1374 ) ;
#1145 = CARTESIAN_POINT ( 'NONE',  ( -1.690000000000000835, -1.669999999999999263, 0.9399999999999996136 ) ) ;
#1146 = COORDINATED_UNIVERSAL_TIME_OFFSET ( 9, 0, .AHEAD. ) ;
#1147 = LINE ( 'NONE', #756, #454 ) ;
#1148 = CC_DESIGN_PERSON_AND_ORGANIZATION_ASSIGNMENT ( #1350, #361, ( #602 ) ) ;
#1149 = DIRECTION ( 'NONE',  ( 0.0000000000000000000, -1.000000000000000000, 9.035018104045869462E-17 ) ) ;
#1150 = ADVANCED_FACE ( 'NONE', ( #639 ), #1098, .F. ) ;
#1151 = VECTOR ( 'NONE', #792, 1000.000000000000000 ) ;
#1152 = VERTEX_POINT ( 'NONE', #244 ) ;
#1153 = ADVANCED_FACE ( 'NONE', ( #266 ), #1410, .F. ) ;
#1154 = LOCAL_TIME ( 15, 42, 41.00000000000000000, #1276 ) ;
#1155 = DIRECTION ( 'NONE',  ( -1.000000000000000000, -0.0000000000000000000, -0.0000000000000000000 ) ) ;
#1156 = ORGANIZATION ( 'NAUO-ORG7', 'UNSPECIFIED', 'UNSPECIFIED' ) ;
#1157 = APPROVAL_ROLE ( '' ) ;
#1158 = EDGE_LOOP ( 'NONE', ( #730, #1413, #101, #1076 ) ) ;
#1159 = VECTOR ( 'NONE', #236, 1000.000000000000000 ) ;
#1160 = APPROVAL_STATUS ( 'not_yet_approved' ) ;
#1161 = ORIENTED_EDGE ( 'NONE', *, *, #1418, .T. ) ;
#1162 = APPROVAL_DATE_TIME ( #432, #86 ) ;
#1163 = LINE ( 'NONE', #1021, #367 ) ;
#1164 = APPROVAL_DATE_TIME ( #1327, #239 ) ;
#1165 = CARTESIAN_POINT ( 'NONE',  ( -0.6400000000000004574, -1.099999999999999201, 2.559999999999999165 ) ) ;
#1166 = LINE ( 'NONE', #291, #643 ) ;
#1167 = DIRECTION ( 'NONE',  ( 0.0000000000000000000, -0.0000000000000000000, 1.000000000000000000 ) ) ;
#1168 = LINE ( 'NONE', #1334, #1171 ) ;
#1169 = EDGE_CURVE ( 'NONE', #380, #1215, #269, .T. ) ;
#1170 = AXIS2_PLACEMENT_3D ( 'NONE', #53, #1223, #1393 ) ;
#1171 = VECTOR ( 'NONE', #1356, 1000.000000000000000 ) ;
#1172 = ORIENTED_EDGE ( 'NONE', *, *, #836, .F. ) ;
#1173 = CC_DESIGN_DATE_AND_TIME_ASSIGNMENT ( #1403, #755, ( #346 ) ) ;
#1174 = VECTOR ( 'NONE', #37, 1000.000000000000000 ) ;
#1175 = CC_DESIGN_APPROVAL ( #684, ( #322 ) ) ;
#1176 = FACE_OUTER_BOUND ( 'NONE', #1337, .T. ) ;
#1177 = LINE ( 'NONE', #199, #1013 ) ;
#1178 = CALENDAR_DATE ( 2018, 10, 7 ) ;
#1179 = EDGE_LOOP ( 'NONE', ( #677, #373, #937, #1348, #1241, #145, #586, #334, #916, #386, #699, #404 ) ) ;
#1180 = DIRECTION ( 'NONE',  ( -0.0000000000000000000, -1.000000000000000000, -0.0000000000000000000 ) ) ;
#1181 = ORIENTED_EDGE ( 'NONE', *, *, #1448, .F. ) ;
#1182 = LINE ( 'NONE', #773, #1139 ) ;
#1183 = DATE_AND_TIME ( #1503, #861 ) ;
#1184 = ORIENTED_EDGE ( 'NONE', *, *, #663, .F. ) ;
#1185 = DIRECTION ( 'NONE',  ( -0.0000000000000000000, 0.0000000000000000000, -1.000000000000000000 ) ) ;
#1186 = ADVANCED_FACE ( 'NONE', ( #1237 ), #598, .F. ) ;
#1187 = CALENDAR_DATE ( 2018, 10, 7 ) ;
#1188 = PERSON_AND_ORGANIZATION ( #1240, #1156 ) ;
#1189 = LOCAL_TIME ( 15, 42, 41.00000000000000000, #1428 ) ;
#1190 = ORIENTED_EDGE ( 'NONE', *, *, #1434, .T. ) ;
#1191 = PRODUCT_DEFINITION_SHAPE ( 'NONE', 'NONE',  #1457 ) ;
#1192 = EDGE_CURVE ( 'NONE', #888, #700, #462, .T. ) ;
#1193 = VERTEX_POINT ( 'NONE', #17 ) ;
#1194 = VECTOR ( 'NONE', #335, 1000.000000000000000 ) ;
#1195 = VECTOR ( 'NONE', #431, 1000.000000000000000 ) ;
#1196 = ORGANIZATION ( 'NAUO-ORG4', 'UNSPECIFIED', 'UNSPECIFIED' ) ;
#1197 = SECURITY_CLASSIFICATION ( '', '', #1208 ) ;
#1198 = AXIS2_PLACEMENT_3D ( 'NONE', #371, #117, #318 ) ;
#1199 = CARTESIAN_POINT ( 'NONE',  ( 0.4000000000000000222, 0.0000000000000000000, 0.8000000000000000444 ) ) ;
#1200 = ORIENTED_EDGE ( 'NONE', *, *, #850, .T. ) ;
#1201 = ORIENTED_EDGE ( 'NONE', *, *, #923, .T. ) ;
#1202 = APPROVAL_DATE_TIME ( #1372, #1473 ) ;
#1203 = ORIENTED_EDGE ( 'NONE', *, *, #148, .T. ) ;
#1204 = CC_DESIGN_DATE_AND_TIME_ASSIGNMENT ( #132, #1402, ( #544 ) ) ;
#1205 = FACE_OUTER_BOUND ( 'NONE', #426, .T. ) ;
#1206 = DATE_TIME_ROLE ( 'creation_date' ) ;
#1207 = DIRECTION ( 'NONE',  ( -0.0000000000000000000, 1.000000000000000000, -0.0000000000000000000 ) ) ;
#1208 = SECURITY_CLASSIFICATION_LEVEL ( 'unclassified' ) ;
#1209 = LINE ( 'NONE', #1280, #1159 ) ;
#1210 = PLANE ( 'NONE',  #73 ) ;
#1211 = DIRECTION ( 'NONE',  ( 0.0000000000000000000, 0.0000000000000000000, -1.000000000000000000 ) ) ;
#1212 = ORIENTED_EDGE ( 'NONE', *, *, #1133, .F. ) ;
#1213 = APPROVAL ( #1110, 'UNSPECIFIED' ) ;
#1214 = SECURITY_CLASSIFICATION ( '', '', #1046 ) ;
#1215 = VERTEX_POINT ( 'NONE', #265 ) ;
#1216 = EDGE_CURVE ( 'NONE', #797, #125, #852, .T. ) ;
#1217 = CARTESIAN_POINT ( 'NONE',  ( 1.549999999999999822, 1.670000000000000373, 2.559999999999999165 ) ) ;
#1218 = AXIS2_PLACEMENT_3D ( 'NONE', #174, #1034, #1440 ) ;
#1219 = ADVANCED_FACE ( 'NONE', ( #948 ), #88, .F. ) ;
#1220 = VECTOR ( 'NONE', #721, 1000.000000000000000 ) ;
#1221 = CC_DESIGN_PERSON_AND_ORGANIZATION_ASSIGNMENT ( #680, #872, ( #544 ) ) ;
#1222 = LINE ( 'NONE', #864, #765 ) ;
#1223 = DIRECTION ( 'NONE',  ( 0.9999999999999997780, 2.775557561562891351E-16, 6.085037432334305771E-17 ) ) ;
#1224 = DIRECTION ( 'NONE',  ( -0.0000000000000000000, -0.0000000000000000000, 1.000000000000000000 ) ) ;
#1225 = PERSON_AND_ORGANIZATION_ROLE ( 'creator' ) ;
#1226 = ORIENTED_EDGE ( 'NONE', *, *, #986, .F. ) ;
#1227 = VERTEX_POINT ( 'NONE', #1052 ) ;
#1228 = DATE_TIME_ROLE ( 'classification_date' ) ;
#1229 = EDGE_LOOP ( 'NONE', ( #357, #891, #723, #871 ) ) ;
#1230 = DIRECTION ( 'NONE',  ( 1.000000000000000000, 0.0000000000000000000, 0.0000000000000000000 ) ) ;
#1231 = COORDINATED_UNIVERSAL_TIME_OFFSET ( 9, 0, .AHEAD. ) ;
#1232 = DIRECTION ( 'NONE',  ( -1.000000000000000000, 6.938893903907216822E-18, -7.351996135665333282E-17 ) ) ;
#1233 = VERTEX_POINT ( 'NONE', #1165 ) ;
#1234 = LINE ( 'NONE', #1433, #392 ) ;
#1235 = DATE_AND_TIME ( #731, #739 ) ;
#1236 = CARTESIAN_POINT ( 'NONE',  ( 0.6399999999999996803, 1.670000000000000151, 2.559999999999999165 ) ) ;
#1237 = FACE_OUTER_BOUND ( 'NONE', #1044, .T. ) ;
#1238 = CC_DESIGN_PERSON_AND_ORGANIZATION_ASSIGNMENT ( #524, #1225, ( #322 ) ) ;
#1239 = APPROVAL_PERSON_ORGANIZATION ( #57, #1351, #1017 ) ;
#1240 = PERSON ( 'NAUO-PER7', 'UNSPECIFIED', 'UNSPECIFIED', ('UNSPECIFIED'), ('UNSPECIFIED'), ('UNSPECIFIED') ) ;
#1241 = ORIENTED_EDGE ( 'NONE', *, *, #923, .F. ) ;
#1242 = VECTOR ( 'NONE', #855, 1000.000000000000000 ) ;
#1243 = EDGE_CURVE ( 'NONE', #417, #965, #757, .T. ) ;
#1244 = VECTOR ( 'NONE', #109, 1000.000000000000000 ) ;
#1245 = LOCAL_TIME ( 15, 42, 41.00000000000000000, #336 ) ;
#1246 = CC_DESIGN_PERSON_AND_ORGANIZATION_ASSIGNMENT ( #774, #1137, ( #1457 ) ) ;
#1247 = CARTESIAN_POINT ( 'NONE',  ( 1.550000000000000044, -1.669999999999999263, 0.9399999999999996136 ) ) ;
#1248 = VECTOR ( 'NONE', #558, 1000.000000000000000 ) ;
#1249 = LINE ( 'NONE', #1391, #839 ) ;
#1250 = PERSON_AND_ORGANIZATION ( #664, #1024 ) ;
#1251 = VERTEX_POINT ( 'NONE', #975 ) ;
#1252 = EDGE_CURVE ( 'NONE', #1272, #646, #510, .T. ) ;
#1253 = CARTESIAN_POINT ( 'NONE',  ( 0.4000000000000000222, 0.0000000000000000000, 0.8000000000000000444 ) ) ;
#1254 = APPLICATION_PROTOCOL_DEFINITION ( 'international standard', 'config_control_design', 1994, #554 ) ;
#1255 = VERTEX_POINT ( 'NONE', #710 ) ;
#1256 = CARTESIAN_POINT ( 'NONE',  ( 0.6399999999999997913, -1.669999999999999485, 2.559999999999999165 ) ) ;
#1257 = APPROVAL_STATUS ( 'not_yet_approved' ) ;
#1258 = ORIENTED_EDGE ( 'NONE', *, *, #798, .F. ) ;
#1259 = DIRECTION ( 'NONE',  ( 0.0000000000000000000, -9.035018104045868229E-17, -1.000000000000000000 ) ) ;
#1260 = APPROVAL_ROLE ( '' ) ;
#1261 = CC_DESIGN_PERSON_AND_ORGANIZATION_ASSIGNMENT ( #241, #619, ( #1197 ) ) ;
#1262 = LINE ( 'NONE', #1283, #136 ) ;
#1263 = DIRECTION ( 'NONE',  ( -1.000000000000000000, -0.0000000000000000000, -0.0000000000000000000 ) ) ;
#1264 = PLANE ( 'NONE',  #814 ) ;
#1265 = CARTESIAN_POINT ( 'NONE',  ( 0.6399999999999996803, 1.100000000000000311, 2.639999999999999680 ) ) ;
#1266 = VECTOR ( 'NONE', #496, 1000.000000000000000 ) ;
#1267 = ORIENTED_EDGE ( 'NONE', *, *, #961, .T. ) ;
#1268 = ORIENTED_EDGE ( 'NONE', *, *, #1075, .F. ) ;
#1269 = ORIENTED_EDGE ( 'NONE', *, *, #1252, .F. ) ;
#1270 = ADVANCED_FACE ( 'NONE', ( #1001 ), #1124, .F. ) ;
#1271 = VECTOR ( 'NONE', #1484, 1000.000000000000000 ) ;
#1272 = VERTEX_POINT ( 'NONE', #1027 ) ;
#1273 = DATE_AND_TIME ( #1178, #1300 ) ;
#1274 = EDGE_LOOP ( 'NONE', ( #260, #459, #285, #1267 ) ) ;
#1275 = CARTESIAN_POINT ( 'NONE',  ( 0.6399999999999996803, 1.100000000000000311, 2.639999999999999680 ) ) ;
#1276 = COORDINATED_UNIVERSAL_TIME_OFFSET ( 9, 0, .AHEAD. ) ;
#1277 = VERTEX_POINT ( 'NONE', #389 ) ;
#1278 = FACE_OUTER_BOUND ( 'NONE', #500, .T. ) ;
#1279 = AXIS2_PLACEMENT_3D ( 'NONE', #831, #167, #1026 ) ;
#1280 = CARTESIAN_POINT ( 'NONE',  ( 0.4000000000000000222, -6.324512672832107144E-17, 0.1000000000000001582 ) ) ;
#1281 = DIRECTION ( 'NONE',  ( 1.000000000000000000, 1.787146438162919765E-16, -0.0000000000000000000 ) ) ;
#1282 = PERSON_AND_ORGANIZATION_ROLE ( 'classification_officer' ) ;
#1283 = CARTESIAN_POINT ( 'NONE',  ( -0.6400000000000007905, 0.4500000000000006772, 2.559999999999999165 ) ) ;
#1284 = DIRECTION ( 'NONE',  ( -1.000000000000000000, 0.0000000000000000000, 0.0000000000000000000 ) ) ;
#1285 = PLANE ( 'NONE',  #271 ) ;
#1286 = LOCAL_TIME ( 15, 42, 41.00000000000000000, #1231 ) ;
#1287 = DIRECTION ( 'NONE',  ( -0.0000000000000000000, 0.0000000000000000000, 1.000000000000000000 ) ) ;
#1288 = LINE ( 'NONE', #1439, #657 ) ;
#1289 = CARTESIAN_POINT ( 'NONE',  ( 0.0000000000000000000, 1.000000000000000000, 0.1000000000000000472 ) ) ;
#1290 = VECTOR ( 'NONE', #84, 1000.000000000000000 ) ;
#1291 = PLANE ( 'NONE',  #1218 ) ;
#1292 = EDGE_CURVE ( 'NONE', #379, #58, #1097, .T. ) ;
#1293 = ORIENTED_EDGE ( 'NONE', *, *, #545, .T. ) ;
#1294 = CARTESIAN_POINT ( 'NONE',  ( -1.690000000000000835, -1.099999999999999201, 0.9399999999999996136 ) ) ;
#1295 = LINE ( 'NONE', #1446, #526 ) ;
#1296 = CARTESIAN_POINT ( 'NONE',  ( 1.550000000000000044, -0.4499999999999992339, 2.559999999999998721 ) ) ;
#1297 = ADVANCED_FACE ( 'NONE', ( #899 ), #689, .F. ) ;
#1298 = DIRECTION ( 'NONE',  ( 1.777380610631974506E-16, -1.000000000000000000, 0.0000000000000000000 ) ) ;
#1299 = LINE ( 'NONE', #475, #1220 ) ;
#1300 = LOCAL_TIME ( 15, 42, 41.00000000000000000, #581 ) ;
#1301 = DIRECTION ( 'NONE',  ( -0.0000000000000000000, -0.0000000000000000000, 1.000000000000000000 ) ) ;
#1302 = APPROVAL_ROLE ( '' ) ;
#1303 = DIRECTION ( 'NONE',  ( 0.0000000000000000000, -0.0000000000000000000, -1.000000000000000000 ) ) ;
#1304 = LINE ( 'NONE', #652, #1007 ) ;
#1305 = ORIENTED_EDGE ( 'NONE', *, *, #878, .F. ) ;
#1306 = SECURITY_CLASSIFICATION_LEVEL ( 'unclassified' ) ;
#1307 = DIRECTION ( 'NONE',  ( 0.0000000000000000000, -0.0000000000000000000, -1.000000000000000000 ) ) ;
#1308 = PLANE ( 'NONE',  #111 ) ;
#1309 = ADVANCED_FACE ( 'NONE', ( #267 ), #1264, .F. ) ;
#1310 = AXIS2_PLACEMENT_3D ( 'NONE', #1247, #648, #579 ) ;
#1311 = VERTEX_POINT ( 'NONE', #808 ) ;
#1312 = AXIS2_PLACEMENT_3D ( 'NONE', #807, #67, #834 ) ;
#1313 = EDGE_CURVE ( 'NONE', #629, #146, #1168, .T. ) ;
#1314 = CARTESIAN_POINT ( 'NONE',  ( -1.550000000000000711, 1.670000000000000373, 0.9399999999999996136 ) ) ;
#1315 = APPROVAL ( #59, 'UNKNOWN' ) ;
#1316 = VECTOR ( 'NONE', #230, 1000.000000000000000 ) ;
#1317 = CARTESIAN_POINT ( 'NONE',  ( 0.0000000000000000000, 0.1000000000000000056, 0.1000000000000001305 ) ) ;
#1318 = ORIENTED_EDGE ( 'NONE', *, *, #836, .T. ) ;
#1319 = CARTESIAN_POINT ( 'NONE',  ( 0.6399999999999997913, -1.669999999999999485, 2.559999999999999165 ) ) ;
#1320 = CALENDAR_DATE ( 2018, 10, 7 ) ;
#1321 = ORIENTED_EDGE ( 'NONE', *, *, #445, .T. ) ;
#1322 = EDGE_LOOP ( 'NONE', ( #1456, #1452, #1200, #484 ) ) ;
#1323 = DIRECTION ( 'NONE',  ( 0.0000000000000000000, 0.0000000000000000000, -1.000000000000000000 ) ) ;
#1324 = DATE_AND_TIME ( #259, #816 ) ;
#1325 = PLANE ( 'NONE',  #1384 ) ;
#1326 = LINE ( 'NONE', #11, #1328 ) ;
#1327 = DATE_AND_TIME ( #436, #1245 ) ;
#1328 = VECTOR ( 'NONE', #752, 1000.000000000000000 ) ;
#1329 = DIRECTION ( 'NONE',  ( 0.0000000000000000000, -0.0000000000000000000, 1.000000000000000000 ) ) ;
#1330 = APPROVAL_PERSON_ORGANIZATION ( #302, #793, #203 ) ;
#1331 = APPROVAL_DATE_TIME ( #1071, #734 ) ;
#1332 = CARTESIAN_POINT ( 'NONE',  ( -1.690000000000000835, 1.670000000000000373, 2.639999999999999680 ) ) ;
#1333 = LINE ( 'NONE', #949, #930 ) ;
#1334 = CARTESIAN_POINT ( 'NONE',  ( 0.4000000000000000222, 1.000000000000000000, 0.8000000000000000444 ) ) ;
#1335 = CARTESIAN_POINT ( 'NONE',  ( 0.0000000000000000000, 0.0000000000000000000, 2.559999999999999165 ) ) ;
#1336 = ORIENTED_EDGE ( 'NONE', *, *, #317, .F. ) ;
#1337 = EDGE_LOOP ( 'NONE', ( #1464, #762, #969, #92, #319, #80 ) ) ;
#1338 = AXIS2_PLACEMENT_3D ( 'NONE', #1253, #304, #81 ) ;
#1339 = AXIS2_PLACEMENT_3D ( 'NONE', #277, #1496, #842 ) ;
#1340 = CARTESIAN_POINT ( 'NONE',  ( 0.4000000000000000222, 0.0000000000000000000, 0.8000000000000000444 ) ) ;
#1341 = PRODUCT_DEFINITION_FORMATION_WITH_SPECIFIED_SOURCE ( 'ANY', '', #661, .NOT_KNOWN. ) ;
#1342 = ORIENTED_EDGE ( 'NONE', *, *, #412, .T. ) ;
#1343 = EDGE_CURVE ( 'NONE', #848, #1089, #1288, .T. ) ;
#1344 = COORDINATED_UNIVERSAL_TIME_OFFSET ( 9, 0, .AHEAD. ) ;
#1345 = EDGE_LOOP ( 'NONE', ( #1201, #416, #229, #994, #955, #1116 ) ) ;
#1346 = VERTEX_POINT ( 'NONE', #110 ) ;
#1347 = PERSON_AND_ORGANIZATION_ROLE ( 'design_owner' ) ;
#1348 = ORIENTED_EDGE ( 'NONE', *, *, #567, .F. ) ;
#1349 = DIRECTION ( 'NONE',  ( -1.000000000000000000, -1.298445715551502529E-16, 0.0000000000000000000 ) ) ;
#1350 = PERSON_AND_ORGANIZATION ( #1471, #115 ) ;
#1351 = APPROVAL ( #281, 'UNSPECIFIED' ) ;
#1352 = DIRECTION ( 'NONE',  ( -0.0000000000000000000, -1.000000000000000000, -0.0000000000000000000 ) ) ;
#1353 = ITEM_DEFINED_TRANSFORMATION ( 'NONE', 'NONE', #1129,  #1279 ) ;
#1354 = CARTESIAN_POINT ( 'NONE',  ( 1.689999999999999059, 1.670000000000000373, 2.639999999999999680 ) ) ;
#1355 = DATE_TIME_ROLE ( 'classification_date' ) ;
#1356 = DIRECTION ( 'NONE',  ( -0.0000000000000000000, -0.0000000000000000000, -1.000000000000000000 ) ) ;
#1357 = EDGE_CURVE ( 'NONE', #1255, #965, #1074, .T. ) ;
#1358 = CC_DESIGN_SECURITY_CLASSIFICATION ( #393, ( #1516 ) ) ;
#1359 = DIRECTION ( 'NONE',  ( -7.608436298143891059E-16, 1.000000000000000000, -0.0000000000000000000 ) ) ;
#1360 = EDGE_CURVE ( 'NONE', #1070, #429, #91, .T. ) ;
#1361 = FACE_OUTER_BOUND ( 'NONE', #155, .T. ) ;
#1362 = CC_DESIGN_PERSON_AND_ORGANIZATION_ASSIGNMENT ( #939, #257, ( #924 ) ) ;
#1363 = EDGE_LOOP ( 'NONE', ( #477, #1258, #480, #294 ) ) ;
#1364 = CARTESIAN_POINT ( 'NONE',  ( 1.550000000000000044, -0.4499999999999992339, 0.9399999999999996136 ) ) ;
#1365 = EDGE_CURVE ( 'NONE', #1311, #1251, #168, .T. ) ;
#1366 = LINE ( 'NONE', #52, #1132 ) ;
#1367 = CC_DESIGN_DATE_AND_TIME_ASSIGNMENT ( #1459, #1355, ( #395 ) ) ;
#1368 = EDGE_CURVE ( 'NONE', #491, #911, #640, .T. ) ;
#1369 = DIRECTION ( 'NONE',  ( 0.0000000000000000000, 0.0000000000000000000, 1.000000000000000000 ) ) ;
#1370 = PERSON_AND_ORGANIZATION ( #664, #1024 ) ;
#1371 = ORIENTED_EDGE ( 'NONE', *, *, #986, .T. ) ;
#1372 = DATE_AND_TIME ( #179, #1189 ) ;
#1373 = DESIGN_CONTEXT ( 'detailed design', #1060, 'design' ) ;
#1374 = LOCAL_TIME ( 15, 42, 41.00000000000000000, #829 ) ;
#1375 = CARTESIAN_POINT ( 'NONE',  ( 1.689999999999999059, 1.670000000000000373, 2.639999999999999680 ) ) ;
#1376 = DIRECTION ( 'NONE',  ( 0.0000000000000000000, -0.0000000000000000000, -1.000000000000000000 ) ) ;
#1377 = EDGE_CURVE ( 'NONE', #989, #552, #20, .T. ) ;
#1378 = ORIENTED_EDGE ( 'NONE', *, *, #838, .T. ) ;
#1379 = LINE ( 'NONE', #995, #1290 ) ;
#1380 = COORDINATED_UNIVERSAL_TIME_OFFSET ( 9, 0, .AHEAD. ) ;
#1381 = CC_DESIGN_APPROVAL ( #917, ( #395 ) ) ;
#1382 = DIRECTION ( 'NONE',  ( 1.000000000000000000, 0.0000000000000000000, -0.0000000000000000000 ) ) ;
#1383 = CARTESIAN_POINT ( 'NONE',  ( 1.549999999999999600, 1.100000000000000533, 2.559999999999999165 ) ) ;
#1384 = AXIS2_PLACEMENT_3D ( 'NONE', #307, #1259, #616 ) ;
#1385 = ORIENTED_EDGE ( 'NONE', *, *, #693, .T. ) ;
#1386 = VERTEX_POINT ( 'NONE', #810 ) ;
#1387 = APPLICATION_CONTEXT ( 'configuration controlled 3d designs of mechanical parts and assemblies' ) ;
#1388 = CARTESIAN_POINT ( 'NONE',  ( 0.0000000000000000000, 0.0000000000000000000, 0.0000000000000000000 ) ) ;
#1389 = APPROVAL_PERSON_ORGANIZATION ( #799, #194, #529 ) ;
#1390 = EDGE_CURVE ( 'NONE', #552, #493, #341, .T. ) ;
#1391 = CARTESIAN_POINT ( 'NONE',  ( 0.0000000000000000000, 0.0000000000000000000, 0.8000000000000000444 ) ) ;
#1392 = DIRECTION ( 'NONE',  ( 1.298445715551502529E-16, -1.000000000000000000, 0.0000000000000000000 ) ) ;
#1393 = DIRECTION ( 'NONE',  ( 2.775557561562891351E-16, -1.000000000000000000, 5.898059818321145354E-17 ) ) ;
#1394 = ORIENTED_EDGE ( 'NONE', *, *, #754, .T. ) ;
#1395 = PERSON_AND_ORGANIZATION ( #664, #1024 ) ;
#1396 = ORIENTED_EDGE ( 'NONE', *, *, #1080, .T. ) ;
#1397 = VERTEX_POINT ( 'NONE', #1488 ) ;
#1398 = DIRECTION ( 'NONE',  ( -0.0000000000000000000, -0.0000000000000000000, 1.000000000000000000 ) ) ;
#1399 = MECHANICAL_CONTEXT ( 'NONE', #1387, 'mechanical' ) ;
#1400 = ORIENTED_EDGE ( 'NONE', *, *, #790, .F. ) ;
#1401 = PLANE ( 'NONE',  #218 ) ;
#1402 = DATE_TIME_ROLE ( 'classification_date' ) ;
#1403 = DATE_AND_TIME ( #188, #781 ) ;
#1404 = AXIS2_PLACEMENT_3D ( 'NONE', #1058, #1507, #140 ) ;
#1405 = CC_DESIGN_PERSON_AND_ORGANIZATION_ASSIGNMENT ( #1025, #592, ( #626 ) ) ;
#1406 = PLANE ( 'NONE',  #732 ) ;
#1407 = LOCAL_TIME ( 15, 42, 41.00000000000000000, #1146 ) ;
#1408 = SHAPE_REPRESENTATION_RELATIONSHIP ( 'NONE' , 'NONE' ,  #48, #669 ) ;
#1409 = DIRECTION ( 'NONE',  ( 8.886903053159873764E-17, -1.000000000000000000, 0.0000000000000000000 ) ) ;
#1410 = PLANE ( 'NONE',  #169 ) ;
#1411 = DIRECTION ( 'NONE',  ( 1.000000000000000000, 0.0000000000000000000, 0.0000000000000000000 ) ) ;
#1412 = ADVANCED_FACE ( 'NONE', ( #21 ), #1406, .F. ) ;
#1413 = ORIENTED_EDGE ( 'NONE', *, *, #574, .F. ) ;
#1414 = PLANE ( 'NONE',  #1198 ) ;
#1415 = VECTOR ( 'NONE', #96, 1000.000000000000000 ) ;
#1416 = MANIFOLD_SOLID_BREP ( 'ｶｯﾄ - 押し出し12', #862 ) ;
#1417 = ORIENTED_EDGE ( 'NONE', *, *, #1102, .F. ) ;
#1418 = EDGE_CURVE ( 'NONE', #479, #1397, #1147, .T. ) ;
#1419 = VECTOR ( 'NONE', #16, 1000.000000000000000 ) ;
#1420 = LINE ( 'NONE', #1082, #601 ) ;
#1421 = VECTOR ( 'NONE', #465, 1000.000000000000000 ) ;
#1422 = CARTESIAN_POINT ( 'NONE',  ( -11.22564208834929289, 10.72538461538462329, 1.259999999999999565 ) ) ;
#1423 = CC_DESIGN_SECURITY_CLASSIFICATION ( #1108, ( #748 ) ) ;
#1424 = APPLICATION_PROTOCOL_DEFINITION ( 'international standard', 'config_control_design', 1994, #577 ) ;
#1425 = ORIENTED_EDGE ( 'NONE', *, *, #495, .T. ) ;
#1426 = VERTEX_POINT ( 'NONE', #569 ) ;
#1427 = CARTESIAN_POINT ( 'NONE',  ( -1.690000000000000835, 1.670000000000000373, 0.9399999999999996136 ) ) ;
#1428 = COORDINATED_UNIVERSAL_TIME_OFFSET ( 9, 0, .AHEAD. ) ;
#1429 = PLANE ( 'NONE',  #1125 ) ;
#1430 = DATE_AND_TIME ( #588, #1286 ) ;
#1431 = ORIENTED_EDGE ( 'NONE', *, *, #123, .T. ) ;
#1432 = VECTOR ( 'NONE', #1101, 1000.000000000000000 ) ;
#1433 = CARTESIAN_POINT ( 'NONE',  ( 0.0000000000000000000, 0.1000000000000000056, 0.8000000000000000444 ) ) ;
#1434 = EDGE_CURVE ( 'NONE', #470, #860, #1510, .T. ) ;
#1435 = CALENDAR_DATE ( 2018, 10, 7 ) ;
#1436 = LINE ( 'NONE', #1121, #47 ) ;
#1437 =( NAMED_UNIT ( * ) SI_UNIT ( $, .STERADIAN. ) SOLID_ANGLE_UNIT ( ) );
#1438 = LINE ( 'NONE', #313, #75 ) ;
#1439 = CARTESIAN_POINT ( 'NONE',  ( 0.6399999999999996803, -0.4499999999999993450, 2.559999999999999165 ) ) ;
#1440 = DIRECTION ( 'NONE',  ( 0.0000000000000000000, -0.0000000000000000000, 1.000000000000000000 ) ) ;
#1441 = CARTESIAN_POINT ( 'NONE',  ( 0.0000000000000000000, 0.0000000000000000000, 0.0000000000000000000 ) ) ;
#1442 = ORIENTED_EDGE ( 'NONE', *, *, #495, .F. ) ;
#1443 = FACE_OUTER_BOUND ( 'NONE', #1002, .T. ) ;
#1444 = CC_DESIGN_DATE_AND_TIME_ASSIGNMENT ( #653, #1092, ( #602 ) ) ;
#1445 = LOCAL_TIME ( 15, 42, 41.00000000000000000, #1344 ) ;
#1446 = CARTESIAN_POINT ( 'NONE',  ( 1.550000000000000044, -0.4499999999999992339, 0.9399999999999996136 ) ) ;
#1447 = AXIS2_PLACEMENT_3D ( 'NONE', #515, #248, #46 ) ;
#1448 = EDGE_CURVE ( 'NONE', #493, #1426, #761, .T. ) ;
#1449 = SECURITY_CLASSIFICATION_LEVEL ( 'unclassified' ) ;
#1450 = EDGE_LOOP ( 'NONE', ( #158, #1184, #22, #590 ) ) ;
#1451 = PERSON_AND_ORGANIZATION ( #664, #1024 ) ;
#1452 = ORIENTED_EDGE ( 'NONE', *, *, #878, .T. ) ;
#1453 = ORIENTED_EDGE ( 'NONE', *, *, #1360, .T. ) ;
#1454 = DIRECTION ( 'NONE',  ( -1.902109074535973258E-16, 1.000000000000000000, 0.0000000000000000000 ) ) ;
#1455 = DATE_AND_TIME ( #614, #427 ) ;
#1456 = ORIENTED_EDGE ( 'NONE', *, *, #980, .T. ) ;
#1457 = PRODUCT_DEFINITION ( 'UNKNOWN', '', #766, #25 ) ;
#1458 = LINE ( 'NONE', #134, #1194 ) ;
#1459 = DATE_AND_TIME ( #89, #469 ) ;
#1460 = CARTESIAN_POINT ( 'NONE',  ( -1.550000000000000711, 1.670000000000000373, 0.9399999999999996136 ) ) ;
#1461 = DIRECTION ( 'NONE',  ( -0.0000000000000000000, -1.000000000000000000, -0.0000000000000000000 ) ) ;
#1462 = AXIS2_PLACEMENT_3D ( 'NONE', #522, #472, #325 ) ;
#1463 = VECTOR ( 'NONE', #245, 1000.000000000000000 ) ;
#1464 = ORIENTED_EDGE ( 'NONE', *, *, #443, .T. ) ;
#1465 = CC_DESIGN_DATE_AND_TIME_ASSIGNMENT ( #823, #910, ( #1108 ) ) ;
#1466 = CC_DESIGN_APPROVAL ( #516, ( #906 ) ) ;
#1467 = VERTEX_POINT ( 'NONE', #192 ) ;
#1468 = ORIENTED_EDGE ( 'NONE', *, *, #1292, .F. ) ;
#1469 = VECTOR ( 'NONE', #1352, 1000.000000000000000 ) ;
#1470 = EDGE_CURVE ( 'NONE', #1492, #1227, #1059, .T. ) ;
#1471 = PERSON ( 'NAUO-PER2', 'UNSPECIFIED', 'UNSPECIFIED', ('UNSPECIFIED'), ('UNSPECIFIED'), ('UNSPECIFIED') ) ;
#1472 = CC_DESIGN_APPROVAL ( #734, ( #626 ) ) ;
#1473 = APPROVAL ( #1160, 'UNSPECIFIED' ) ;
#1474 = LINE ( 'NONE', #548, #1105 ) ;
#1475 = CARTESIAN_POINT ( 'NONE',  ( -14.52564208834929538, 10.47538461538462151, 1.259999999999999343 ) ) ;
#1476 = ORIENTED_EDGE ( 'NONE', *, *, #583, .F. ) ;
#1477 = PERSON_AND_ORGANIZATION_ROLE ( 'design_supplier' ) ;
#1478 = ORIENTED_EDGE ( 'NONE', *, *, #246, .T. ) ;
#1479 = ORIENTED_EDGE ( 'NONE', *, *, #172, .T. ) ;
#1480 = PERSON_AND_ORGANIZATION_ROLE ( 'creator' ) ;
#1481 = COORDINATED_UNIVERSAL_TIME_OFFSET ( 9, 0, .AHEAD. ) ;
#1482 = FACE_OUTER_BOUND ( 'NONE', #612, .T. ) ;
#1483 = SECURITY_CLASSIFICATION_LEVEL ( 'unclassified' ) ;
#1484 = DIRECTION ( 'NONE',  ( -1.000000000000000000, -0.0000000000000000000, -0.0000000000000000000 ) ) ;
#1485 = EDGE_CURVE ( 'NONE', #982, #1136, #513, .T. ) ;
#1486 = VECTOR ( 'NONE', #36, 1000.000000000000000 ) ;
#1487 = PRODUCT ( 'ALT3232M-151 端子ブロック(typ size)', 'ALT3232M-151 端子ブロック(typ size)', '', ( #1399 ) ) ;
#1488 = CARTESIAN_POINT ( 'NONE',  ( 1.689999999999999503, -1.669999999999999263, 0.9399999999999996136 ) ) ;
#1489 = LINE ( 'NONE', #1289, #784 ) ;
#1490 = ADVANCED_FACE ( 'NONE', ( #1122 ), #1308, .F. ) ;
#1491 = VECTOR ( 'NONE', #520, 1000.000000000000000 ) ;
#1492 = VERTEX_POINT ( 'NONE', #242 ) ;
#1493 = EDGE_CURVE ( 'NONE', #1227, #1103, #638, .T. ) ;
#1494 = LOCAL_TIME ( 15, 42, 41.00000000000000000, #893 ) ;
#1495 = CARTESIAN_POINT ( 'NONE',  ( -0.6400000000000003464, -1.669999999999999263, 2.559999999999999165 ) ) ;
#1496 = DIRECTION ( 'NONE',  ( -0.0000000000000000000, 0.0000000000000000000, 1.000000000000000000 ) ) ;
#1497 = VECTOR ( 'NONE', #631, 1000.000000000000000 ) ;
#1498 = CARTESIAN_POINT ( 'NONE',  ( 1.689999999999999503, -0.4499999999999992339, 2.639999999999999680 ) ) ;
#1499 = EDGE_LOOP ( 'NONE', ( #303, #394, #812, #282 ) ) ;
#1500 = ADVANCED_FACE ( 'NONE', ( #214 ), #536, .T. ) ;
#1501 = PERSON_AND_ORGANIZATION ( #664, #1024 ) ;
#1502 = CARTESIAN_POINT ( 'NONE',  ( 0.6399999999999996803, -0.4499999999999993450, 2.559999999999999165 ) ) ;
#1503 = CALENDAR_DATE ( 2018, 10, 7 ) ;
#1504 = ORIENTED_EDGE ( 'NONE', *, *, #457, .T. ) ;
#1505 = PERSON_AND_ORGANIZATION ( #193, #983 ) ;
#1506 = PRODUCT_DEFINITION_SHAPE ( 'NONE', 'NONE',  #1515 ) ;
#1507 = DIRECTION ( 'NONE',  ( 0.0000000000000000000, 1.000000000000000000, 0.0000000000000000000 ) ) ;
#1508 = CARTESIAN_POINT ( 'NONE',  ( 0.0000000000000000000, 0.0000000000000000000, 0.9399999999999996136 ) ) ;
#1509 = MANIFOLD_SOLID_BREP ( 'ｶｯﾄ - 押し出し1', #372 ) ;
#1510 = LINE ( 'NONE', #952, #1419 ) ;
#1511 = LINE ( 'NONE', #1498, #546 ) ;
#1512 = NEXT_ASSEMBLY_USAGE_OCCURRENCE ( 'NAUO1', ' ', ' ', #322, #906, $ ) ;
#1513 = NEXT_ASSEMBLY_USAGE_OCCURRENCE ( 'NAUO2', ' ', ' ', #322, #1457, $ ) ;
#1514 = NEXT_ASSEMBLY_USAGE_OCCURRENCE ( 'NAUO3', ' ', ' ', #322, #1457, $ ) ;
#1515 = NEXT_ASSEMBLY_USAGE_OCCURRENCE ( 'NAUO4', ' ', ' ', #322, #1457, $ ) ;
#1516 = NEXT_ASSEMBLY_USAGE_OCCURRENCE ( 'NAUO5', ' ', ' ', #322, #1457, $ ) ;
#1517 = NEXT_ASSEMBLY_USAGE_OCCURRENCE ( 'NAUO6', ' ', ' ', #322, #1457, $ ) ;
#1518 = NEXT_ASSEMBLY_USAGE_OCCURRENCE ( 'NAUO7', ' ', ' ', #322, #1457, $ ) ;
ENDSEC;
END-ISO-10303-21;
